groupID,subjectID,label,T,W,TW_max,n_formal,n_rt,rt_mean_ms,rt_median_ms,rt_std_ms,rt_min_ms,rt_max_ms,rt_5pct_ms,rt_95pct_ms
1,1,D1,0.03,0.3,0.32999999999999996,520,100,253.7,235.6,27.3,233.8,330.1,234.1,320.5
1,10,D1,0.03,0.3,0.32999999999999996,520,173,260.3,249.6,30.1,232.6,330.0,232.9,326.2
1,11,D1,0.03,0.3,0.32999999999999996,520,228,256.7,245.6,28.3,232.9,332.0,233.2,315.2
1,2,D1,0.03,0.3,0.32999999999999996,520,184,269.2,268.0,32.0,233.0,332.3,233.2,330.6
1,3,D1,0.03,0.3,0.32999999999999996,520,114,271.2,271.3,33.0,233.0,333.7,233.3,328.9
1,4,D1,0.03,0.3,0.32999999999999996,520,224,256.4,235.8,29.8,233.0,330.7,233.2,317.9
1,5,D1,0.03,0.3,0.32999999999999996,520,126,257.0,235.4,31.6,232.8,333.6,233.2,328.2
1,6,D1,0.03,0.3,0.32999999999999996,520,78,261.1,246.7,31.6,233.2,331.8,233.3,324.7
1,7,D1,0.03,0.3,0.32999999999999996,520,113,241.0,233.9,18.4,232.8,309.2,233.1,292.1
1,8,D1,0.03,0.3,0.32999999999999996,520,106,262.7,251.7,32.5,232.9,332.4,233.2,324.0
1,9,D1,0.03,0.3,0.32999999999999996,520,179,262.9,251.0,31.1,232.5,331.2,232.9,327.2
2,1,D2,0.03,0.6,0.63,520,309,379.4,359.7,126.5,233.9,633.5,234.0,602.5
2,10,D2,0.03,0.6,0.63,520,257,380.5,347.0,127.6,233.0,629.7,233.4,602.4
2,11,D2,0.03,0.6,0.63,520,157,525.9,538.7,82.7,233.2,645.9,379.2,623.7
2,12,D2,0.03,0.6,0.63,520,270,331.9,315.3,83.1,232.9,601.2,233.3,490.4
2,2,D2,0.03,0.6,0.63,520,59,430.3,444.3,141.6,233.3,631.8,233.6,627.5
2,3,D2,0.03,0.6,0.63,520,262,538.9,554.9,70.9,233.1,632.0,411.1,621.2
2,4,D2,0.03,0.6,0.63,520,96,427.4,433.7,133.0,233.2,629.3,233.7,619.8
2,5,D2,0.03,0.6,0.63,520,387,380.8,348.1,132.0,232.9,632.3,233.4,602.0
2,6,D2,0.03,0.6,0.63,520,170,534.5,553.4,78.9,233.4,627.0,376.9,621.8
2,7,D2,0.03,0.6,0.63,520,359,271.2,234.7,73.6,233.0,620.2,233.2,443.1
2,8,D2,0.03,0.6,0.63,520,123,501.7,537.5,111.1,233.1,632.6,239.1,623.8
2,9,D2,0.03,0.6,0.63,520,419,517.7,521.0,61.8,331.9,624.4,409.6,618.1
3,1,D3a,0.03,0.6,0.63,520,314,439.5,457.2,117.3,233.0,633.8,235.8,608.3
3,10,D3a,0.03,0.6,0.63,520,338,361.7,336.5,123.4,232.9,620.9,233.3,587.5
3,12,D3a,0.03,0.6,0.63,520,378,374.4,361.9,106.8,232.5,632.7,233.0,584.6
3,2,D3a,0.03,0.6,0.63,520,332,489.7,507.7,97.6,233.6,632.8,301.0,618.5
3,3,D3a,0.03,0.6,0.63,520,446,265.1,234.3,71.9,232.9,633.0,233.2,440.8
3,4,D3a,0.03,0.6,0.63,520,249,503.4,539.1,112.7,233.0,634.3,253.7,620.9
3,5,D3a,0.03,0.6,0.63,520,512,293.9,241.8,85.3,233.0,602.9,233.2,479.1
3,6,D3a,0.03,0.6,0.63,520,128,472.6,494.9,126.9,234.0,635.4,234.3,631.7
3,7,D3a,0.03,0.6,0.63,520,169,480.6,524.0,119.4,233.2,632.7,235.0,618.8
3,8,D3a,0.03,0.6,0.63,520,356,374.9,344.2,120.9,233.8,633.1,234.2,601.2
4,1,D4a,0.08,0.6,0.6799999999999999,520,358,498.7,514.9,117.7,283.0,682.7,284.0,665.8
4,10,D4a,0.08,0.6,0.6799999999999999,520,259,586.0,586.7,65.1,358.4,682.9,457.4,677.3
4,12,D4a,0.08,0.6,0.6799999999999999,520,239,546.8,595.1,121.9,282.9,681.6,283.1,676.5
4,14,D4a,0.08,0.6,0.6799999999999999,520,364,480.2,500.4,121.1,283.1,684.3,283.8,656.3
4,2,D4a,0.08,0.6,0.6799999999999999,520,419,470.2,472.4,105.1,283.1,682.6,284.5,648.5
4,3,D4a,0.08,0.6,0.6799999999999999,520,307,534.3,551.9,102.4,283.2,681.7,329.3,677.8
4,5,D4a,0.08,0.6,0.6799999999999999,520,496,504.7,504.6,72.2,329.1,682.1,391.0,632.1
4,6,D4a,0.08,0.6,0.6799999999999999,520,114,568.6,622.3,129.6,283.2,683.6,283.7,680.4
4,7,D4a,0.08,0.6,0.6799999999999999,520,311,543.8,552.3,86.6,327.2,682.8,392.2,666.3
4,8,D4a,0.08,0.6,0.6799999999999999,520,266,564.1,584.4,85.8,283.0,682.1,375.8,669.7
4,9,D4a,0.08,0.6,0.6799999999999999,520,345,431.7,378.0,138.9,283.7,685.1,284.2,660.6
5,1,D5,0.1,1.1,1.2000000000000002,520,449,648.2,647.0,209.1,303.2,1193.5,304.1,1047.5
5,10,D5,0.1,1.1,1.2000000000000002,520,503,587.1,583.7,164.3,302.9,1146.6,304.2,857.4
5,11,D5,0.1,1.1,1.2000000000000002,520,430,548.6,534.8,223.8,303.0,1192.5,304.4,969.3
5,12,D5,0.1,1.1,1.2000000000000002,520,391,760.8,745.2,161.6,334.7,1199.5,528.2,1063.5
5,2,D5,0.1,1.1,1.2000000000000002,520,430,854.4,878.6,197.9,303.2,1192.5,396.5,1128.6
5,3,D5,0.1,1.1,1.2000000000000002,520,469,732.3,727.8,171.3,304.2,1178.2,489.6,1047.7
5,4,D5,0.1,1.1,1.2000000000000002,520,420,768.5,744.9,182.5,311.9,1194.2,519.9,1111.3
5,5,D5,0.1,1.1,1.2000000000000002,520,498,788.8,776.9,159.2,303.4,1192.9,552.3,1084.6
5,6,D5,0.1,1.1,1.2000000000000002,520,510,806.5,784.2,136.9,535.3,1177.8,616.5,1065.4
5,7,D5,0.1,1.1,1.2000000000000002,520,508,672.9,665.0,153.9,377.0,1194.0,441.4,953.3
5,8,D5,0.1,1.1,1.2000000000000002,520,481,598.4,582.6,163.9,303.5,1145.5,346.6,888.4
6,1,D6,0.5,1.5,2.0,520,504,894.3,872.8,149.1,703.2,1521.9,703.8,1159.5
6,10,D6,0.5,1.5,2.0,520,485,895.8,827.5,219.2,703.2,1829.8,703.6,1397.3
6,12,D6,0.5,1.5,2.0,520,514,987.8,903.9,275.0,702.8,1960.8,703.3,1590.5
6,13,D6,0.5,1.5,2.0,520,513,935.7,890.7,205.7,703.4,1848.2,705.2,1321.4
6,15,D6,0.5,1.5,2.0,520,488,809.7,723.4,176.6,703.1,1975.2,704.5,1163.5
6,16,D6,0.5,1.5,2.0,520,428,818.8,746.3,156.7,703.6,1691.6,704.3,1161.1
6,3,D6,0.5,1.5,2.0,520,505,1066.1,976.8,299.0,703.1,1961.0,704.3,1674.4
6,4,D6,0.5,1.5,2.0,520,504,1029.1,938.7,304.6,703.1,1947.5,704.2,1686.3
6,5,D6,0.5,1.5,2.0,520,477,887.1,761.1,272.4,703.1,1963.0,703.3,1569.8
6,9,D6,0.5,1.5,2.0,520,509,834.3,765.3,179.3,703.3,1685.7,703.8,1226.1
7,1,D3b,0.03,0.8,0.8300000000000001,520,413,615.3,611.9,111.3,284.5,871.3,437.6,823.1
7,10,D3b,0.03,0.8,0.8300000000000001,520,508,644.8,632.8,78.3,426.2,872.8,534.5,777.1
7,11,D3b,0.03,0.8,0.8300000000000001,520,270,682.8,695.7,140.0,293.9,886.6,407.9,871.5
7,12,D3b,0.03,0.8,0.8300000000000001,520,508,585.9,583.6,109.6,327.7,873.1,408.8,775.9
7,2,D3b,0.03,0.8,0.8300000000000001,520,480,637.9,633.8,98.1,376.3,878.0,488.2,823.2
7,3,D3b,0.03,0.8,0.8300000000000001,520,413,646.9,634.2,119.6,283.7,880.0,442.0,855.9
7,4,D3b,0.03,0.8,0.8300000000000001,520,441,647.8,633.6,111.7,392.1,877.2,488.3,840.6
7,5,D3b,0.03,0.8,0.8300000000000001,520,499,603.2,583.5,99.9,284.3,873.9,456.8,805.0
7,6,D3b,0.03,0.8,0.8300000000000001,520,371,659.8,650.8,114.6,284.2,877.3,487.7,847.5
7,7,D3b,0.03,0.8,0.8300000000000001,520,481,631.0,616.9,100.8,346.5,872.6,456.9,808.6
7,8,D3b,0.03,0.8,0.8300000000000001,520,450,400.9,288.0,176.8,283.0,879.2,284.3,814.7
7,9,D3b,0.03,0.8,0.8300000000000001,520,457,419.3,412.1,130.6,233.1,810.2,234.5,650.6
8,1,D4b,0.08,0.8,0.88,520,413,615.3,611.9,111.3,284.5,871.3,437.6,823.1
8,10,D4b,0.08,0.8,0.88,520,508,644.8,632.8,78.3,426.2,872.8,534.5,777.1
8,11,D4b,0.08,0.8,0.88,520,270,682.8,695.7,140.0,293.9,886.6,407.9,871.5
8,12,D4b,0.08,0.8,0.88,520,508,585.9,583.6,109.6,327.7,873.1,408.8,775.9
8,2,D4b,0.08,0.8,0.88,520,480,637.9,633.8,98.1,376.3,878.0,488.2,823.2
8,3,D4b,0.08,0.8,0.88,520,413,646.9,634.2,119.6,283.7,880.0,442.0,855.9
8,4,D4b,0.08,0.8,0.88,520,441,647.8,633.6,111.7,392.1,877.2,488.3,840.6
8,5,D4b,0.08,0.8,0.88,520,499,603.2,583.5,99.9,284.3,873.9,456.8,805.0
8,6,D4b,0.08,0.8,0.88,520,371,659.8,650.8,114.6,284.2,877.3,487.7,847.5
8,7,D4b,0.08,0.8,0.88,520,481,631.0,616.9,100.8,346.5,872.6,456.9,808.6
8,8,D4b,0.08,0.8,0.88,520,450,400.9,288.0,176.8,283.0,879.2,284.3,814.7
