subj_idx,rt,response,identity
0,0.5500766407306165,1,0
0,0.5520766407306165,0,0
0,0.5760766407306164,0,0
0,0.5960766407306164,0,0
0,0.5080766407306164,1,0
0,0.6220766407306164,0,0
0,0.5580766407306164,0,0
0,0.5800766407306164,0,0
0,0.5240766407306164,0,0
0,0.5200766407306164,0,0
0,0.5360766407306164,0,0
0,0.5320766407306164,0,0
0,0.5880766407306164,0,0
0,0.6280766407306164,0,0
0,0.4920766407306164,0,0
0,0.5380766407306165,0,0
0,0.5960766407306164,0,0
0,0.4800766407306164,0,0
0,0.5140766407306164,1,0
0,0.5320766407306164,0,0
0,0.4920766407306164,0,0
0,0.5160766407306164,0,0
0,0.5440766407306165,0,0
0,0.6140766407306164,0,0
0,0.5980766407306164,0,0
0,0.5160766407306164,0,0
0,0.5040766407306164,0,0
0,0.5980766407306164,0,0
0,0.5240766407306164,0,0
0,0.5000766407306164,0,0
0,0.5760766407306164,0,0
0,0.5260766407306164,0,0
0,0.6060766407306164,0,0
0,0.5760766407306164,1,0
0,0.5400766407306165,0,0
0,0.5980766407306164,0,0
0,0.5720766407306164,0,0
0,0.5560766407306164,0,0
0,0.5080766407306164,0,0
0,0.5700766407306164,0,0
0,0.5740766407306164,0,0
0,0.5560766407306164,0,0
0,0.5980766407306164,0,0
0,0.5020766407306164,0,0
0,0.5540766407306165,0,0
0,0.6240766407306164,0,0
0,0.5100766407306164,0,0
0,0.5760766407306164,0,0
0,0.5980766407306164,0,0
0,0.5260766407306164,0,0
0,0.5840766407306164,0,0
0,0.5100766407306164,0,0
0,0.5980766407306164,0,0
0,0.5240766407306164,0,0
0,0.5540766407306165,0,0
0,0.5380766407306165,0,0
0,0.5420766407306165,1,0
0,0.5420766407306165,0,0
0,0.5660766407306164,0,0
0,0.4920766407306164,0,1
0,0.5420766407306165,0,1
0,0.6080766407306164,0,1
0,0.5800766407306164,0,1
0,0.5320766407306164,0,1
0,0.5340766407306164,0,1
0,0.4860766407306164,0,1
0,0.5140766407306164,0,1
0,0.5320766407306164,0,1
0,0.5680766407306164,0,1
0,0.5840766407306164,0,1
0,0.5140766407306164,0,1
0,0.5720766407306164,0,1
0,0.6280766407306164,0,1
0,0.4820766407306164,0,1
0,0.5060766407306164,0,1
0,0.5400766407306165,0,1
0,0.5800766407306164,0,1
0,0.5480766407306165,0,1
0,0.6040766407306164,0,1
0,0.5260766407306164,0,1
0,0.6140766407306164,0,1
0,0.5540766407306165,0,1
0,0.5140766407306164,0,1
0,0.5680766407306164,0,1
0,0.5360766407306164,0,1
0,0.4960766407306164,0,1
0,0.5640766407306164,0,1
0,0.4840766407306164,0,1
0,0.5580766407306164,0,1
0,0.5080766407306164,0,1
0,0.6020766407306164,0,1
0,0.5660766407306164,0,1
0,0.5820766407306164,0,1
0,0.5620766407306164,0,1
0,0.6180766407306164,0,1
0,0.5840766407306164,0,1
0,0.5360766407306164,0,1
0,0.46207664073061644,1,1
0,0.5600766407306164,0,1
0,0.5520766407306165,0,1
0,0.4960766407306164,0,1
0,0.5040766407306164,0,1
0,0.5600766407306164,0,1
0,0.6120766407306164,0,1
0,0.5100766407306164,0,1
0,0.5300766407306164,0,1
0,0.5660766407306164,0,1
0,0.5480766407306165,0,1
0,0.5280766407306164,0,1
0,0.6280766407306164,0,1
0,0.5120766407306164,0,1
0,0.5640766407306164,0,1
0,0.4820766407306164,0,1
0,0.5880766407306164,0,1
0,0.5800766407306164,0,1
0,0.5660766407306164,0,1
0,0.5840766407306164,0,1
0,0.6120766407306164,0,1
0,0.5400766407306165,0,1
0,0.6200766407306164,0,1
0,0.5860766407306164,0,1
1,0.5720766407306164,0,0
1,0.5460766407306165,0,0
1,0.5460766407306165,0,0
1,0.5900766407306164,0,0
1,0.5800766407306164,0,0
1,0.4780766407306164,0,0
1,0.5220766407306164,0,0
1,0.5520766407306165,0,0
1,0.6200766407306164,0,0
1,0.5580766407306164,0,0
1,0.6120766407306164,0,0
1,0.5840766407306164,0,0
1,0.5660766407306164,0,0
1,0.5240766407306164,0,0
1,0.6040766407306164,1,0
1,0.5260766407306164,0,0
1,0.6260766407306164,0,0
1,0.5680766407306164,0,0
1,0.5500766407306165,0,0
1,0.6280766407306164,0,0
1,0.6140766407306164,0,0
1,0.5600766407306164,0,0
1,0.5340766407306164,0,0
1,0.6260766407306164,1,0
1,0.5640766407306164,0,0
1,0.5560766407306164,0,0
1,0.5500766407306165,0,0
1,0.5100766407306164,0,0
1,0.6080766407306164,0,0
1,0.5320766407306164,0,0
1,0.5800766407306164,0,0
1,0.5080766407306164,0,0
1,0.5880766407306164,0,0
1,0.5220766407306164,0,0
1,0.5440766407306165,0,0
1,0.5720766407306164,0,0
1,0.5520766407306165,0,0
1,0.5800766407306164,0,0
1,0.6040766407306164,0,0
1,0.5200766407306164,0,0
1,0.5300766407306164,0,0
1,0.5540766407306165,0,0
1,0.5560766407306164,0,0
1,0.5760766407306164,0,0
1,0.6140766407306164,0,0
1,0.5620766407306164,0,0
1,0.5320766407306164,0,0
1,0.5740766407306164,0,0
1,0.5900766407306164,0,0
1,0.5700766407306164,0,0
1,0.5720766407306164,0,0
1,0.6080766407306164,0,0
1,0.5160766407306164,0,0
1,0.5240766407306164,0,0
1,0.6260766407306164,0,0
1,0.5460766407306165,0,0
1,0.5500766407306165,0,0
1,0.6220766407306164,0,0
1,0.5260766407306164,0,0
1,0.5060766407306164,0,0
1,0.5040766407306164,0,1
1,0.4840766407306164,0,1
1,0.5480766407306165,0,1
1,0.6100766407306164,0,1
1,0.5980766407306164,0,1
1,0.5820766407306164,0,1
1,0.5080766407306164,0,1
1,0.5720766407306164,0,1
1,0.5600766407306164,0,1
1,0.5540766407306165,1,1
1,0.5700766407306164,0,1
1,0.6160766407306164,1,1
1,0.5200766407306164,0,1
1,0.6020766407306164,0,1
1,0.5040766407306164,0,1
1,0.6180766407306164,0,1
1,0.6080766407306164,0,1
1,0.5220766407306164,0,1
1,0.5380766407306165,0,1
1,0.5540766407306165,0,1
1,0.5620766407306164,0,1
1,0.5980766407306164,0,1
1,0.4660766407306164,0,1
1,0.5640766407306164,0,1
1,0.5880766407306164,0,1
1,0.5240766407306164,0,1
1,0.6280766407306164,1,1
1,0.4980766407306164,0,1
1,0.5100766407306164,0,1
1,0.5100766407306164,1,1
1,0.5040766407306164,0,1
1,0.4920766407306164,0,1
1,0.5420766407306165,0,1
1,0.5320766407306164,0,1
1,0.6040766407306164,0,1
1,0.5820766407306164,0,1
1,0.5100766407306164,0,1
1,0.5980766407306164,0,1
1,0.5940766407306164,0,1
1,0.6080766407306164,0,1
1,0.5440766407306165,0,1
1,0.6040766407306164,0,1
1,0.5380766407306165,0,1
1,0.5180766407306164,0,1
1,0.5480766407306165,0,1
1,0.5980766407306164,0,1
1,0.5740766407306164,0,1
1,0.6000766407306164,0,1
1,0.5080766407306164,0,1
1,0.5740766407306164,0,1
1,0.5700766407306164,1,1
1,0.5180766407306164,0,1
1,0.5400766407306165,0,1
1,0.5440766407306165,0,1
1,0.5640766407306164,0,1
1,0.5760766407306164,0,1
1,0.5860766407306164,0,1
1,0.5860766407306164,0,1
1,0.5060766407306164,0,1
1,0.5780766407306164,0,1
1,0.5500766407306165,0,1
1,0.5180766407306164,0,1
1,0.5020766407306164,0,1
1,0.6140766407306164,0,1
1,0.6080766407306164,1,1
1,0.5840766407306164,0,1
1,0.5880766407306164,0,1
1,0.5700766407306164,0,1
1,0.5620766407306164,0,1
1,0.5600766407306164,0,1
2,0.5600766407306164,0,0
2,0.4980766407306164,0,0
2,0.4880766407306164,0,0
2,0.6160766407306164,0,0
2,0.5580766407306164,0,0
2,0.5540766407306165,0,0
2,0.6020766407306164,0,0
2,0.5780766407306164,0,0
2,0.5900766407306164,0,0
2,0.5440766407306165,0,0
2,0.4820766407306164,0,0
2,0.5380766407306165,0,0
2,0.5460766407306165,0,0
2,0.5980766407306164,0,0
2,0.5440766407306165,0,0
2,0.5460766407306165,0,0
2,0.5520766407306165,0,0
2,0.6120766407306164,0,0
2,0.5500766407306165,0,0
2,0.4960766407306164,0,0
2,0.5720766407306164,0,0
2,0.5480766407306165,0,0
2,0.6120766407306164,0,0
2,0.6200766407306164,0,0
2,0.6180766407306164,0,0
2,0.5460766407306165,0,0
2,0.5820766407306164,1,0
2,0.6260766407306164,0,0
2,0.6180766407306164,1,0
2,0.5820766407306164,0,0
2,0.4860766407306164,0,0
2,0.4960766407306164,0,0
2,0.5580766407306164,0,0
2,0.5440766407306165,1,0
2,0.5860766407306164,0,0
2,0.6180766407306164,0,0
2,0.6180766407306164,0,0
2,0.5320766407306164,0,0
2,0.6100766407306164,0,0
2,0.6280766407306164,0,0
2,0.4720766407306164,1,0
2,0.5020766407306164,1,0
2,0.6260766407306164,0,0
2,0.5380766407306165,0,0
2,0.6000766407306164,0,0
2,0.5100766407306164,0,0
2,0.6000766407306164,0,0
2,0.4820766407306164,0,0
2,0.5200766407306164,0,0
2,0.5760766407306164,0,0
2,0.5920766407306164,0,0
2,0.6020766407306164,0,0
2,0.6140766407306164,0,0
2,0.6160766407306164,0,0
2,0.6080766407306164,0,0
2,0.5260766407306164,0,0
2,0.6120766407306164,0,0
2,0.4940766407306164,0,0
2,0.5440766407306165,0,0
2,0.4840766407306164,0,0
2,0.5740766407306164,0,0
2,0.5440766407306165,0,0
2,0.5460766407306165,0,0
2,0.5080766407306164,0,0
2,0.5740766407306164,0,1
2,0.4980766407306164,0,1
2,0.5460766407306165,0,1
2,0.5960766407306164,0,1
2,0.6280766407306164,0,1
2,0.5300766407306164,0,1
2,0.5280766407306164,0,1
2,0.5200766407306164,0,1
2,0.5760766407306164,0,1
2,0.5800766407306164,0,1
2,0.5700766407306164,0,1
2,0.4840766407306164,0,1
2,0.5200766407306164,0,1
2,0.6160766407306164,0,1
2,0.4960766407306164,1,1
2,0.6020766407306164,0,1
2,0.5420766407306165,0,1
2,0.5960766407306164,0,1
2,0.5120766407306164,0,1
2,0.5940766407306164,0,1
2,0.5160766407306164,0,1
2,0.4880766407306164,0,1
2,0.5040766407306164,0,1
2,0.5100766407306164,0,1
2,0.6220766407306164,0,1
2,0.6220766407306164,0,1
2,0.5040766407306164,0,1
2,0.5640766407306164,0,1
2,0.5460766407306165,0,1
2,0.5480766407306165,0,1
2,0.5540766407306165,0,1
2,0.5680766407306164,0,1
2,0.5340766407306164,1,1
2,0.5940766407306164,0,1
2,0.5980766407306164,0,1
2,0.5980766407306164,0,1
2,0.5520766407306165,0,1
2,0.5740766407306164,0,1
2,0.5580766407306164,0,1
2,0.5780766407306164,0,1
2,0.5960766407306164,0,1
2,0.5080766407306164,1,1
2,0.5620766407306164,0,1
2,0.6180766407306164,0,1
2,0.6180766407306164,1,1
2,0.5080766407306164,0,1
2,0.5900766407306164,0,1
2,0.5640766407306164,0,1
2,0.5120766407306164,0,1
2,0.5540766407306165,0,1
2,0.6100766407306164,0,1
2,0.5560766407306164,0,1
2,0.5620766407306164,0,1
2,0.5420766407306165,0,1
2,0.5220766407306164,0,1
2,0.6060766407306164,0,1
2,0.5700766407306164,0,1
2,0.6000766407306164,0,1
2,0.5280766407306164,0,1
2,0.5260766407306164,0,1
2,0.6180766407306164,0,1
3,0.5820766407306164,0,0
3,0.5840766407306164,0,0
3,0.5880766407306164,0,0
3,0.5540766407306165,0,0
3,0.4940766407306164,0,0
3,0.5660766407306164,0,0
3,0.5100766407306164,0,0
3,0.5560766407306164,0,0
3,0.5020766407306164,0,0
3,0.5040766407306164,0,0
3,0.5320766407306164,0,0
3,0.5820766407306164,0,0
3,0.5480766407306165,0,0
3,0.5440766407306165,0,0
3,0.6280766407306164,0,0
3,0.5540766407306165,0,0
3,0.5360766407306164,0,0
3,0.5940766407306164,0,0
3,0.5060766407306164,0,0
3,0.6180766407306164,0,0
3,0.5580766407306164,0,0
3,0.5980766407306164,0,0
3,0.6280766407306164,0,0
3,0.5400766407306165,0,0
3,0.5160766407306164,1,0
3,0.5260766407306164,0,0
3,0.6200766407306164,0,0
3,0.5360766407306164,0,0
3,0.5400766407306165,0,0
3,0.5220766407306164,1,0
3,0.5300766407306164,0,0
3,0.6220766407306164,0,0
3,0.6000766407306164,0,0
3,0.5720766407306164,0,0
3,0.5920766407306164,0,0
3,0.5800766407306164,0,0
3,0.5120766407306164,1,0
3,0.5900766407306164,1,0
3,0.5360766407306164,0,0
3,0.5560766407306164,0,0
3,0.5760766407306164,0,0
3,0.5880766407306164,0,0
3,0.5420766407306165,0,0
3,0.6220766407306164,0,0
3,0.4980766407306164,0,0
3,0.6080766407306164,0,0
3,0.5380766407306165,0,0
3,0.5820766407306164,0,0
3,0.6200766407306164,0,0
3,0.6240766407306164,0,0
3,0.6020766407306164,0,0
3,0.6040766407306164,0,0
3,0.5200766407306164,0,0
3,0.5620766407306164,0,0
3,0.6040766407306164,0,0
3,0.5640766407306164,0,0
3,0.4820766407306164,0,0
3,0.5560766407306164,0,0
3,0.4960766407306164,0,0
3,0.5580766407306164,0,0
3,0.5360766407306164,0,0
3,0.5820766407306164,0,0
3,0.4960766407306164,0,0
3,0.5600766407306164,0,0
3,0.4920766407306164,1,0
3,0.5600766407306164,0,0
3,0.6040766407306164,0,0
3,0.5040766407306164,0,0
3,0.5180766407306164,0,1
3,0.5240766407306164,0,1
3,0.6200766407306164,0,1
3,0.6200766407306164,0,1
3,0.5800766407306164,0,1
3,0.5440766407306165,0,1
3,0.5160766407306164,0,1
3,0.5600766407306164,0,1
3,0.4880766407306164,0,1
3,0.5900766407306164,0,1
3,0.6160766407306164,0,1
3,0.5000766407306164,0,1
3,0.5400766407306165,0,1
3,0.5800766407306164,0,1
3,0.5160766407306164,0,1
3,0.5840766407306164,0,1
3,0.6060766407306164,0,1
3,0.6020766407306164,0,1
3,0.5360766407306164,0,1
3,0.6080766407306164,0,1
3,0.5420766407306165,0,1
3,0.4840766407306164,0,1
3,0.6160766407306164,0,1
3,0.5140766407306164,0,1
3,0.6200766407306164,0,1
3,0.6220766407306164,0,1
3,0.5180766407306164,0,1
3,0.6120766407306164,0,1
3,0.5540766407306165,0,1
3,0.5420766407306165,0,1
3,0.4780766407306164,1,1
3,0.5580766407306164,0,1
3,0.5280766407306164,0,1
3,0.5040766407306164,0,1
3,0.6240766407306164,0,1
3,0.6040766407306164,0,1
3,0.5360766407306164,0,1
3,0.5580766407306164,0,1
3,0.6200766407306164,0,1
3,0.5440766407306165,0,1
3,0.5080766407306164,1,1
3,0.5820766407306164,0,1
3,0.5820766407306164,0,1
3,0.5480766407306165,0,1
3,0.5880766407306164,0,1
3,0.5440766407306165,0,1
3,0.5920766407306164,0,1
3,0.5660766407306164,0,1
3,0.5380766407306165,0,1
3,0.6160766407306164,0,1
3,0.5280766407306164,0,1
3,0.6080766407306164,0,1
3,0.4900766407306164,0,1
3,0.5200766407306164,0,1
3,0.5400766407306165,0,1
3,0.6120766407306164,0,1
3,0.5220766407306164,0,1
3,0.5140766407306164,0,1
3,0.5720766407306164,0,1
3,0.4920766407306164,0,1
3,0.5660766407306164,0,1
3,0.5840766407306164,1,1
3,0.5880766407306164,0,1
4,0.5040766407306164,0,0
4,0.5280766407306164,1,0
4,0.5640766407306164,0,0
4,0.5320766407306164,0,0
4,0.5320766407306164,0,0
4,0.5180766407306164,0,0
4,0.5900766407306164,0,0
4,0.5940766407306164,0,0
4,0.5520766407306165,0,0
4,0.5480766407306165,0,0
4,0.5920766407306164,0,0
4,0.5240766407306164,0,0
4,0.6140766407306164,0,0
4,0.6280766407306164,0,0
4,0.5800766407306164,0,0
4,0.6020766407306164,0,0
4,0.5820766407306164,0,0
4,0.5600766407306164,1,0
4,0.5860766407306164,0,0
4,0.5420766407306165,0,0
4,0.5800766407306164,0,0
4,0.6100766407306164,0,0
4,0.5900766407306164,0,0
4,0.5940766407306164,0,0
4,0.4960766407306164,0,0
4,0.6140766407306164,0,0
4,0.5080766407306164,0,0
4,0.6120766407306164,0,0
4,0.5020766407306164,0,0
4,0.5360766407306164,0,0
4,0.5480766407306165,0,0
4,0.5840766407306164,0,0
4,0.5780766407306164,0,0
4,0.5700766407306164,0,0
4,0.5240766407306164,0,0
4,0.6260766407306164,0,0
4,0.5600766407306164,0,0
4,0.5820766407306164,0,0
4,0.6200766407306164,0,0
4,0.6200766407306164,0,0
4,0.5140766407306164,0,0
4,0.5920766407306164,0,0
4,0.5800766407306164,0,0
4,0.5120766407306164,0,0
4,0.5500766407306165,0,0
4,0.5060766407306164,0,0
4,0.5800766407306164,0,0
4,0.5780766407306164,0,0
4,0.5760766407306164,0,0
4,0.4840766407306164,0,0
4,0.5640766407306164,0,0
4,0.5840766407306164,0,0
4,0.5020766407306164,0,0
4,0.5000766407306164,1,0
4,0.5200766407306164,0,0
4,0.6240766407306164,0,0
4,0.6140766407306164,0,1
4,0.5500766407306165,0,1
4,0.5260766407306164,0,1
4,0.5720766407306164,0,1
4,0.6080766407306164,0,1
4,0.5520766407306165,0,1
4,0.5340766407306164,0,1
4,0.5780766407306164,0,1
4,0.5740766407306164,0,1
4,0.5280766407306164,1,1
4,0.5760766407306164,0,1
4,0.6280766407306164,0,1
4,0.4660766407306164,0,1
4,0.5980766407306164,0,1
4,0.6020766407306164,0,1
4,0.4880766407306164,0,1
4,0.5660766407306164,0,1
4,0.5640766407306164,0,1
4,0.5880766407306164,1,1
4,0.6140766407306164,0,1
4,0.6140766407306164,0,1
4,0.4960766407306164,0,1
4,0.5240766407306164,0,1
4,0.6200766407306164,1,1
4,0.5920766407306164,0,1
4,0.5080766407306164,0,1
4,0.6160766407306164,0,1
4,0.6120766407306164,0,1
4,0.5560766407306164,0,1
4,0.5340766407306164,0,1
4,0.6140766407306164,0,1
4,0.5820766407306164,0,1
4,0.4740766407306164,1,1
4,0.5140766407306164,0,1
4,0.6080766407306164,1,1
4,0.5660766407306164,0,1
4,0.5020766407306164,0,1
4,0.5060766407306164,0,1
4,0.5160766407306164,0,1
4,0.5280766407306164,0,1
4,0.6040766407306164,0,1
4,0.5700766407306164,0,1
4,0.5140766407306164,0,1
4,0.5400766407306165,0,1
4,0.6000766407306164,0,1
4,0.4860766407306164,0,1
4,0.6140766407306164,0,1
4,0.5080766407306164,0,1
4,0.4960766407306164,0,1
4,0.5920766407306164,0,1
4,0.5820766407306164,1,1
4,0.5980766407306164,0,1
4,0.5200766407306164,0,1
4,0.5260766407306164,0,1
4,0.6120766407306164,0,1
4,0.4780766407306164,0,1
4,0.5780766407306164,0,1
4,0.5380766407306165,0,1
4,0.5220766407306164,0,1
5,0.5920766407306164,0,0
5,0.6220766407306164,0,0
5,0.5360766407306164,0,0
5,0.5140766407306164,0,0
5,0.5540766407306165,0,0
5,0.5360766407306164,0,0
5,0.5820766407306164,0,0
5,0.6140766407306164,0,0
5,0.5580766407306164,0,0
5,0.6120766407306164,0,0
5,0.5400766407306165,0,0
5,0.5060766407306164,0,0
5,0.5540766407306165,0,0
5,0.5340766407306164,0,0
5,0.5540766407306165,1,0
5,0.5480766407306165,0,0
5,0.4960766407306164,0,0
5,0.5960766407306164,0,0
5,0.5520766407306165,0,0
5,0.5500766407306165,0,0
5,0.5420766407306165,0,0
5,0.6060766407306164,0,0
5,0.5620766407306164,0,0
5,0.5760766407306164,0,0
5,0.5980766407306164,0,0
5,0.6140766407306164,0,0
5,0.6280766407306164,0,0
5,0.6240766407306164,0,0
5,0.5500766407306165,1,0
5,0.5720766407306164,0,0
5,0.4820766407306164,0,0
5,0.5640766407306164,0,0
5,0.5840766407306164,0,0
5,0.5940766407306164,0,0
5,0.5680766407306164,0,0
5,0.5700766407306164,0,0
5,0.6000766407306164,0,0
5,0.5580766407306164,0,0
5,0.6020766407306164,0,0
5,0.6200766407306164,0,0
5,0.5880766407306164,0,0
5,0.5480766407306165,0,0
5,0.5100766407306164,0,0
5,0.5100766407306164,0,0
5,0.5280766407306164,0,0
5,0.5420766407306165,1,0
5,0.5940766407306164,0,0
5,0.4820766407306164,0,0
5,0.5040766407306164,0,0
5,0.5720766407306164,0,0
5,0.5380766407306165,1,0
5,0.5360766407306164,0,0
5,0.5140766407306164,0,0
5,0.4980766407306164,0,0
5,0.5720766407306164,0,0
5,0.5500766407306165,0,0
5,0.5860766407306164,0,0
5,0.5000766407306164,0,0
5,0.6120766407306164,0,0
5,0.4880766407306164,0,0
5,0.5060766407306164,0,0
5,0.5440766407306165,1,0
5,0.5200766407306164,0,0
5,0.5980766407306164,0,0
5,0.5600766407306164,0,0
5,0.5280766407306164,0,1
5,0.5600766407306164,1,1
5,0.6160766407306164,0,1
5,0.4940766407306164,0,1
5,0.5580766407306164,0,1
5,0.5780766407306164,0,1
5,0.5960766407306164,1,1
5,0.5420766407306165,0,1
5,0.6040766407306164,0,1
5,0.4920766407306164,0,1
5,0.5780766407306164,0,1
5,0.5300766407306164,0,1
5,0.6260766407306164,0,1
5,0.6140766407306164,0,1
5,0.5320766407306164,0,1
5,0.4800766407306164,0,1
5,0.5500766407306165,1,1
5,0.5840766407306164,0,1
5,0.5320766407306164,0,1
5,0.5600766407306164,0,1
5,0.5980766407306164,0,1
5,0.5540766407306165,0,1
5,0.5980766407306164,0,1
5,0.5600766407306164,0,1
5,0.6060766407306164,0,1
5,0.5760766407306164,0,1
5,0.5440766407306165,0,1
5,0.5920766407306164,0,1
5,0.6000766407306164,0,1
5,0.6160766407306164,0,1
5,0.5520766407306165,0,1
5,0.4900766407306164,0,1
5,0.5700766407306164,0,1
5,0.5220766407306164,0,1
5,0.5580766407306164,0,1
5,0.5300766407306164,0,1
5,0.6280766407306164,0,1
5,0.5940766407306164,0,1
5,0.6180766407306164,0,1
5,0.5380766407306165,1,1
5,0.5380766407306165,0,1
5,0.6220766407306164,0,1
5,0.5680766407306164,0,1
5,0.6280766407306164,0,1
5,0.4840766407306164,0,1
5,0.5740766407306164,0,1
5,0.4940766407306164,0,1
5,0.6280766407306164,0,1
5,0.5440766407306165,0,1
5,0.4940766407306164,0,1
5,0.5800766407306164,0,1
5,0.5120766407306164,0,1
5,0.5280766407306164,0,1
5,0.5860766407306164,0,1
5,0.5320766407306164,0,1
5,0.5560766407306164,0,1
5,0.6040766407306164,0,1
5,0.5120766407306164,0,1
5,0.5380766407306165,0,1
5,0.5160766407306164,0,1
5,0.5960766407306164,0,1
5,0.4840766407306164,0,1
5,0.5680766407306164,1,1
5,0.6100766407306164,1,1
5,0.6120766407306164,0,1
5,0.5920766407306164,0,1
6,0.5820766407306164,0,0
6,0.5220766407306164,0,0
6,0.5080766407306164,0,0
6,0.5800766407306164,0,0
6,0.5860766407306164,0,0
6,0.5160766407306164,0,0
6,0.5300766407306164,0,0
6,0.5900766407306164,0,0
6,0.5500766407306165,0,0
6,0.4680766407306164,0,0
6,0.5580766407306164,0,0
6,0.5280766407306164,0,0
6,0.6080766407306164,0,0
6,0.5440766407306165,0,0
6,0.5280766407306164,0,0
6,0.5200766407306164,0,0
6,0.6260766407306164,0,0
6,0.5560766407306164,0,0
6,0.6120766407306164,0,0
6,0.5520766407306165,0,0
6,0.5640766407306164,0,0
6,0.5720766407306164,0,0
6,0.5040766407306164,0,0
6,0.5160766407306164,0,0
6,0.5560766407306164,0,0
6,0.5080766407306164,0,0
6,0.5240766407306164,1,0
6,0.5480766407306165,0,0
6,0.5740766407306164,0,0
6,0.5040766407306164,0,0
6,0.5160766407306164,0,0
6,0.6220766407306164,0,0
6,0.6120766407306164,0,0
6,0.5320766407306164,0,0
6,0.5340766407306164,0,0
6,0.4820766407306164,0,0
6,0.5380766407306165,1,0
6,0.5900766407306164,0,0
6,0.5960766407306164,0,0
6,0.5300766407306164,0,0
6,0.5180766407306164,0,0
6,0.5700766407306164,0,0
6,0.5600766407306164,0,0
6,0.5300766407306164,0,0
6,0.5080766407306164,0,0
6,0.5320766407306164,0,0
6,0.5880766407306164,0,0
6,0.5380766407306165,0,0
6,0.5720766407306164,0,0
6,0.5940766407306164,0,0
6,0.5420766407306165,0,0
6,0.5980766407306164,0,0
6,0.5320766407306164,1,0
6,0.5400766407306165,0,0
6,0.6240766407306164,0,0
6,0.5440766407306165,0,0
6,0.6220766407306164,0,0
6,0.5260766407306164,1,0
6,0.4980766407306164,0,0
6,0.6120766407306164,0,0
6,0.5340766407306164,0,0
6,0.5260766407306164,1,0
6,0.5500766407306165,0,1
6,0.4680766407306164,0,1
6,0.5960766407306164,0,1
6,0.6040766407306164,0,1
6,0.5860766407306164,0,1
6,0.5620766407306164,0,1
6,0.6020766407306164,0,1
6,0.5660766407306164,0,1
6,0.5400766407306165,0,1
6,0.5200766407306164,0,1
6,0.5120766407306164,0,1
6,0.5300766407306164,0,1
6,0.5920766407306164,1,1
6,0.5180766407306164,0,1
6,0.6260766407306164,0,1
6,0.5740766407306164,0,1
6,0.5340766407306164,0,1
6,0.5840766407306164,0,1
6,0.6280766407306164,0,1
6,0.5980766407306164,0,1
6,0.5160766407306164,0,1
6,0.5740766407306164,0,1
6,0.5080766407306164,0,1
6,0.5040766407306164,0,1
6,0.5000766407306164,0,1
6,0.5580766407306164,0,1
6,0.6060766407306164,0,1
6,0.5580766407306164,0,1
6,0.6160766407306164,0,1
6,0.5420766407306165,0,1
6,0.5840766407306164,0,1
6,0.5300766407306164,0,1
6,0.5500766407306165,0,1
6,0.6200766407306164,0,1
6,0.6140766407306164,0,1
6,0.5700766407306164,0,1
6,0.5840766407306164,0,1
6,0.5760766407306164,0,1
6,0.5920766407306164,0,1
6,0.5940766407306164,0,1
6,0.5460766407306165,0,1
6,0.5820766407306164,0,1
6,0.4980766407306164,0,1
6,0.5100766407306164,0,1
6,0.5720766407306164,0,1
6,0.6100766407306164,0,1
6,0.4800766407306164,0,1
6,0.5360766407306164,0,1
6,0.6080766407306164,0,1
6,0.5220766407306164,0,1
6,0.5200766407306164,0,1
6,0.5900766407306164,0,1
6,0.5400766407306165,0,1
6,0.6180766407306164,0,1
6,0.5420766407306165,0,1
6,0.5940766407306164,0,1
6,0.5400766407306165,0,1
6,0.5160766407306164,0,1
6,0.5420766407306165,0,1
6,0.5380766407306165,0,1
6,0.6140766407306164,0,1
6,0.6120766407306164,0,1
6,0.5760766407306164,0,1
7,0.5860766407306164,0,0
7,0.4860766407306164,0,0
7,0.6140766407306164,0,0
7,0.5560766407306164,0,0
7,0.5900766407306164,0,0
7,0.6220766407306164,0,0
7,0.6260766407306164,0,0
7,0.5760766407306164,1,0
7,0.5820766407306164,0,0
7,0.5520766407306165,0,0
7,0.5980766407306164,0,0
7,0.5480766407306165,0,0
7,0.5440766407306165,0,0
7,0.5860766407306164,0,0
7,0.6240766407306164,1,0
7,0.4980766407306164,0,0
7,0.5260766407306164,0,0
7,0.6260766407306164,0,0
7,0.6200766407306164,0,0
7,0.6120766407306164,0,0
7,0.5380766407306165,0,0
7,0.5640766407306164,1,0
7,0.5560766407306164,0,0
7,0.6280766407306164,0,0
7,0.6060766407306164,0,0
7,0.6220766407306164,0,0
7,0.5140766407306164,0,0
7,0.6160766407306164,0,0
7,0.5180766407306164,0,0
7,0.6000766407306164,0,0
7,0.5860766407306164,0,0
7,0.5080766407306164,0,0
7,0.5000766407306164,0,0
7,0.5800766407306164,0,0
7,0.5780766407306164,1,0
7,0.5400766407306165,0,0
7,0.5300766407306164,0,0
7,0.5740766407306164,0,0
7,0.5740766407306164,0,0
7,0.5900766407306164,0,0
7,0.5640766407306164,0,0
7,0.5100766407306164,0,0
7,0.5980766407306164,1,0
7,0.5260766407306164,0,0
7,0.5440766407306165,0,0
7,0.5720766407306164,0,0
7,0.6120766407306164,0,0
7,0.5640766407306164,0,0
7,0.5560766407306164,0,0
7,0.6180766407306164,0,0
7,0.5500766407306165,0,0
7,0.5920766407306164,0,0
7,0.6160766407306164,0,0
7,0.5000766407306164,0,0
7,0.5540766407306165,0,0
7,0.5460766407306165,0,0
7,0.5620766407306164,0,0
7,0.5360766407306164,0,0
7,0.5260766407306164,0,0
7,0.5280766407306164,0,0
7,0.6040766407306164,0,0
7,0.5400766407306165,0,1
7,0.5200766407306164,0,1
7,0.5100766407306164,0,1
7,0.5520766407306165,0,1
7,0.5420766407306165,0,1
7,0.5780766407306164,0,1
7,0.6040766407306164,0,1
7,0.5240766407306164,0,1
7,0.4940766407306164,0,1
7,0.6040766407306164,0,1
7,0.5100766407306164,0,1
7,0.5800766407306164,0,1
7,0.5580766407306164,1,1
7,0.5000766407306164,0,1
7,0.5680766407306164,0,1
7,0.5620766407306164,0,1
7,0.4780766407306164,0,1
7,0.4820766407306164,0,1
7,0.6000766407306164,0,1
7,0.6020766407306164,0,1
7,0.46007664073061644,1,1
7,0.5100766407306164,0,1
7,0.6040766407306164,0,1
7,0.5360766407306164,0,1
7,0.6040766407306164,0,1
7,0.5300766407306164,0,1
7,0.4800766407306164,0,1
7,0.5000766407306164,0,1
7,0.5060766407306164,0,1
7,0.5380766407306165,0,1
7,0.5800766407306164,0,1
7,0.5940766407306164,0,1
7,0.5720766407306164,0,1
7,0.5820766407306164,0,1
7,0.4920766407306164,0,1
7,0.5060766407306164,0,1
7,0.5080766407306164,0,1
7,0.5360766407306164,0,1
7,0.4920766407306164,0,1
7,0.5780766407306164,0,1
7,0.5700766407306164,0,1
7,0.5400766407306165,0,1
7,0.5560766407306164,0,1
7,0.4780766407306164,0,1
7,0.5180766407306164,0,1
7,0.6000766407306164,0,1
7,0.5880766407306164,0,1
7,0.5360766407306164,0,1
7,0.5820766407306164,0,1
7,0.5520766407306165,0,1
7,0.5220766407306164,0,1
7,0.5640766407306164,0,1
7,0.5620766407306164,0,1
7,0.5300766407306164,0,1
7,0.5600766407306164,0,1
7,0.5880766407306164,0,1
8,0.4900766407306164,0,0
8,0.5840766407306164,0,0
8,0.5840766407306164,0,0
8,0.5920766407306164,0,0
8,0.5820766407306164,0,0
8,0.5680766407306164,0,0
8,0.5040766407306164,0,0
8,0.5640766407306164,0,0
8,0.5080766407306164,0,0
8,0.5400766407306165,0,0
8,0.6280766407306164,0,0
8,0.6060766407306164,0,0
8,0.4920766407306164,0,0
8,0.5760766407306164,0,0
8,0.6040766407306164,1,0
8,0.5840766407306164,0,0
8,0.5580766407306164,0,0
8,0.5220766407306164,0,0
8,0.5280766407306164,0,0
8,0.6040766407306164,1,0
8,0.6180766407306164,0,0
8,0.5580766407306164,0,0
8,0.5540766407306165,0,0
8,0.5800766407306164,0,0
8,0.5480766407306165,0,0
8,0.5400766407306165,0,0
8,0.5860766407306164,0,0
8,0.5840766407306164,0,0
8,0.6160766407306164,0,0
8,0.5720766407306164,0,0
8,0.6100766407306164,0,0
8,0.5540766407306165,0,0
8,0.5320766407306164,0,0
8,0.6180766407306164,0,0
8,0.6180766407306164,0,0
8,0.5900766407306164,0,0
8,0.5520766407306165,0,0
8,0.5540766407306165,0,0
8,0.4880766407306164,0,0
8,0.5000766407306164,0,0
8,0.5020766407306164,0,0
8,0.5060766407306164,0,0
8,0.5280766407306164,0,0
8,0.5060766407306164,0,0
8,0.6280766407306164,0,0
8,0.5700766407306164,0,0
8,0.5160766407306164,0,0
8,0.5680766407306164,0,0
8,0.5800766407306164,0,0
8,0.6040766407306164,0,0
8,0.6280766407306164,0,0
8,0.6240766407306164,0,0
8,0.5140766407306164,0,0
8,0.5300766407306164,1,0
8,0.4940766407306164,0,0
8,0.5520766407306165,0,0
8,0.5360766407306164,0,0
8,0.6060766407306164,0,0
8,0.6200766407306164,1,0
8,0.6100766407306164,0,0
8,0.5440766407306165,0,0
8,0.5220766407306164,0,0
8,0.6220766407306164,0,0
8,0.5820766407306164,0,0
8,0.6120766407306164,0,0
8,0.5840766407306164,0,0
8,0.5560766407306164,0,0
8,0.5900766407306164,0,1
8,0.6060766407306164,0,1
8,0.5360766407306164,0,1
8,0.5540766407306165,0,1
8,0.5600766407306164,0,1
8,0.5080766407306164,0,1
8,0.6260766407306164,0,1
8,0.5120766407306164,0,1
8,0.5320766407306164,0,1
8,0.5480766407306165,0,1
8,0.6120766407306164,0,1
8,0.5420766407306165,0,1
8,0.5680766407306164,0,1
8,0.5280766407306164,0,1
8,0.5480766407306165,0,1
8,0.4980766407306164,0,1
8,0.5940766407306164,0,1
8,0.4840766407306164,0,1
8,0.4840766407306164,0,1
8,0.5360766407306164,0,1
8,0.4760766407306164,1,1
8,0.5660766407306164,1,1
8,0.5640766407306164,0,1
8,0.4980766407306164,0,1
8,0.5440766407306165,0,1
8,0.5160766407306164,0,1
8,0.6160766407306164,1,1
8,0.6020766407306164,1,1
8,0.6220766407306164,0,1
8,0.5860766407306164,0,1
8,0.5060766407306164,0,1
8,0.4820766407306164,0,1
8,0.5300766407306164,1,1
8,0.6120766407306164,0,1
8,0.6060766407306164,0,1
8,0.5340766407306164,0,1
8,0.5220766407306164,0,1
8,0.6140766407306164,0,1
8,0.5360766407306164,0,1
8,0.5960766407306164,0,1
8,0.6120766407306164,0,1
8,0.6100766407306164,0,1
8,0.6160766407306164,0,1
8,0.5060766407306164,1,1
8,0.5680766407306164,0,1
8,0.6040766407306164,0,1
8,0.5880766407306164,0,1
8,0.5160766407306164,1,1
8,0.4900766407306164,0,1
8,0.6060766407306164,0,1
8,0.6140766407306164,0,1
8,0.5100766407306164,0,1
8,0.5180766407306164,0,1
8,0.5800766407306164,1,1
8,0.5040766407306164,1,1
8,0.4900766407306164,0,1
8,0.5540766407306165,0,1
8,0.5920766407306164,0,1
8,0.5120766407306164,0,1
8,0.4840766407306164,1,1
8,0.4700766407306164,0,1
8,0.5540766407306165,0,1
8,0.5520766407306165,0,1
8,0.5260766407306164,0,1
8,0.5500766407306165,0,1
8,0.5900766407306164,0,1
8,0.6000766407306164,0,1
8,0.5900766407306164,0,1
9,0.6180766407306164,0,0
9,0.5620766407306164,0,0
9,0.5940766407306164,0,0
9,0.5540766407306165,0,0
9,0.5220766407306164,0,0
9,0.5460766407306165,0,0
9,0.5940766407306164,0,0
9,0.5740766407306164,0,0
9,0.5080766407306164,0,0
9,0.5880766407306164,0,0
9,0.5760766407306164,0,0
9,0.5260766407306164,1,0
9,0.5400766407306165,1,0
9,0.5960766407306164,0,0
9,0.5040766407306164,0,0
9,0.5120766407306164,0,0
9,0.5840766407306164,0,0
9,0.5220766407306164,0,0
9,0.5780766407306164,0,0
9,0.5220766407306164,0,0
9,0.5480766407306165,0,0
9,0.5880766407306164,0,0
9,0.5420766407306165,0,0
9,0.5600766407306164,0,0
9,0.5200766407306164,0,0
9,0.5300766407306164,0,0
9,0.5580766407306164,0,0
9,0.5960766407306164,0,0
9,0.4880766407306164,0,0
9,0.5160766407306164,0,0
9,0.5500766407306165,0,0
9,0.5660766407306164,0,0
9,0.5100766407306164,0,0
9,0.5400766407306165,0,0
9,0.5080766407306164,0,0
9,0.5600766407306164,0,0
9,0.6160766407306164,0,0
9,0.4960766407306164,0,0
9,0.5620766407306164,0,0
9,0.5760766407306164,0,0
9,0.5640766407306164,1,0
9,0.5560766407306164,0,0
9,0.6200766407306164,1,0
9,0.5700766407306164,0,0
9,0.5760766407306164,0,0
9,0.5680766407306164,0,0
9,0.6000766407306164,0,0
9,0.5100766407306164,0,0
9,0.5420766407306165,1,0
9,0.4960766407306164,1,0
9,0.5420766407306165,0,0
9,0.5880766407306164,0,0
9,0.5140766407306164,0,0
9,0.5860766407306164,0,0
9,0.5300766407306164,0,0
9,0.5220766407306164,0,0
9,0.5660766407306164,0,0
9,0.6280766407306164,0,0
9,0.5920766407306164,0,0
9,0.4980766407306164,0,0
9,0.5280766407306164,0,0
9,0.6040766407306164,0,0
9,0.5700766407306164,0,0
9,0.5480766407306165,0,0
9,0.5040766407306164,0,0
9,0.5640766407306164,0,0
9,0.5360766407306164,0,0
9,0.5760766407306164,0,0
9,0.5400766407306165,0,0
9,0.5720766407306164,0,1
9,0.6180766407306164,0,1
9,0.5300766407306164,0,1
9,0.5260766407306164,0,1
9,0.5740766407306164,0,1
9,0.5520766407306165,0,1
9,0.5060766407306164,0,1
9,0.5960766407306164,0,1
9,0.5920766407306164,0,1
9,0.6020766407306164,0,1
9,0.5980766407306164,0,1
9,0.5280766407306164,0,1
9,0.5300766407306164,0,1
9,0.4900766407306164,1,1
9,0.5880766407306164,0,1
9,0.5460766407306165,0,1
9,0.4780766407306164,0,1
9,0.5600766407306164,0,1
9,0.5260766407306164,0,1
9,0.5220766407306164,0,1
9,0.5900766407306164,0,1
9,0.5560766407306164,0,1
9,0.6100766407306164,0,1
9,0.5800766407306164,0,1
9,0.6060766407306164,0,1
9,0.6080766407306164,0,1
9,0.5720766407306164,0,1
9,0.5900766407306164,0,1
9,0.4800766407306164,0,1
9,0.4900766407306164,0,1
9,0.5240766407306164,0,1
9,0.5080766407306164,0,1
9,0.5280766407306164,0,1
9,0.5720766407306164,1,1
9,0.5840766407306164,0,1
9,0.5420766407306165,0,1
9,0.5700766407306164,0,1
9,0.5580766407306164,0,1
9,0.5540766407306165,0,1
9,0.5740766407306164,0,1
9,0.6020766407306164,0,1
9,0.5820766407306164,1,1
9,0.5280766407306164,0,1
9,0.5500766407306165,0,1
9,0.5340766407306164,0,1
9,0.5300766407306164,0,1
9,0.5460766407306165,0,1
9,0.5860766407306164,0,1
9,0.6160766407306164,0,1
9,0.5820766407306164,0,1
9,0.5780766407306164,0,1
9,0.6080766407306164,0,1
9,0.5160766407306164,0,1
9,0.6100766407306164,0,1
9,0.6200766407306164,0,1
9,0.5060766407306164,0,1
9,0.6060766407306164,0,1
9,0.5020766407306164,0,1
9,0.5500766407306165,0,1
9,0.5260766407306164,0,1
9,0.5940766407306164,0,1
9,0.5880766407306164,0,1
9,0.5000766407306164,0,1
9,0.6080766407306164,0,1
9,0.5640766407306164,0,1
10,0.5060766407306164,0,0
10,0.5920766407306164,0,0
10,0.6040766407306164,0,0
10,0.5780766407306164,1,0
10,0.4960766407306164,1,0
10,0.5060766407306164,1,0
10,0.6280766407306164,0,0
10,0.6020766407306164,0,0
10,0.5940766407306164,0,0
10,0.4820766407306164,0,0
10,0.5400766407306165,0,0
10,0.5400766407306165,0,0
10,0.5360766407306164,0,0
10,0.5820766407306164,0,0
10,0.5440766407306165,0,0
10,0.5480766407306165,0,0
10,0.5020766407306164,0,0
10,0.5520766407306165,0,0
10,0.5100766407306164,0,0
10,0.5980766407306164,0,0
10,0.5120766407306164,1,0
10,0.5680766407306164,0,0
10,0.5420766407306165,0,0
10,0.5540766407306165,0,0
10,0.5160766407306164,0,0
10,0.5520766407306165,0,0
10,0.5520766407306165,0,0
10,0.5380766407306165,0,0
10,0.5300766407306164,1,0
10,0.5820766407306164,0,0
10,0.5980766407306164,0,0
10,0.5680766407306164,0,0
10,0.4920766407306164,0,0
10,0.5760766407306164,0,0
10,0.5020766407306164,1,0
10,0.5980766407306164,0,0
10,0.5600766407306164,0,0
10,0.5680766407306164,0,0
10,0.5200766407306164,0,0
10,0.6200766407306164,0,0
10,0.5380766407306165,0,0
10,0.5980766407306164,0,0
10,0.6000766407306164,0,0
10,0.5220766407306164,0,0
10,0.5740766407306164,0,0
10,0.5980766407306164,1,0
10,0.5260766407306164,0,0
10,0.5620766407306164,0,0
10,0.5400766407306165,0,0
10,0.6240766407306164,0,0
10,0.6160766407306164,0,0
10,0.4700766407306164,0,0
10,0.6080766407306164,0,0
10,0.5120766407306164,0,0
10,0.5040766407306164,0,0
10,0.5660766407306164,0,0
10,0.5340766407306164,0,0
10,0.6140766407306164,0,0
10,0.5800766407306164,0,0
10,0.5560766407306164,0,0
10,0.5920766407306164,0,0
10,0.6240766407306164,0,0
10,0.5600766407306164,0,0
10,0.5020766407306164,0,0
10,0.5460766407306165,0,0
10,0.5800766407306164,0,0
10,0.6160766407306164,0,0
10,0.6160766407306164,0,0
10,0.6260766407306164,0,0
10,0.5200766407306164,0,0
10,0.5120766407306164,1,1
10,0.5660766407306164,0,1
10,0.5560766407306164,0,1
10,0.6220766407306164,0,1
10,0.6040766407306164,0,1
10,0.6140766407306164,0,1
10,0.5940766407306164,0,1
10,0.5920766407306164,0,1
10,0.4780766407306164,1,1
10,0.5980766407306164,0,1
10,0.5520766407306165,0,1
10,0.6160766407306164,0,1
10,0.5260766407306164,0,1
10,0.5880766407306164,0,1
10,0.5260766407306164,0,1
10,0.5720766407306164,0,1
10,0.5140766407306164,0,1
10,0.6080766407306164,0,1
10,0.5780766407306164,0,1
10,0.5720766407306164,1,1
10,0.5340766407306164,0,1
10,0.5560766407306164,0,1
10,0.6000766407306164,0,1
10,0.5660766407306164,0,1
10,0.5100766407306164,0,1
10,0.6000766407306164,0,1
10,0.5120766407306164,0,1
10,0.4860766407306164,0,1
10,0.6020766407306164,0,1
10,0.5160766407306164,0,1
10,0.5340766407306164,0,1
10,0.5080766407306164,0,1
10,0.5500766407306165,0,1
10,0.5700766407306164,0,1
10,0.5700766407306164,0,1
10,0.5440766407306165,0,1
10,0.6260766407306164,0,1
10,0.6040766407306164,0,1
10,0.5200766407306164,0,1
10,0.5480766407306165,0,1
10,0.4740766407306164,1,1
10,0.5640766407306164,0,1
10,0.5400766407306165,0,1
10,0.6020766407306164,0,1
10,0.5420766407306165,0,1
10,0.5500766407306165,0,1
10,0.5680766407306164,0,1
10,0.6180766407306164,0,1
10,0.5580766407306164,0,1
10,0.4980766407306164,1,1
10,0.4940766407306164,0,1
10,0.5620766407306164,0,1
10,0.5680766407306164,0,1
10,0.5140766407306164,0,1
10,0.5200766407306164,0,1
10,0.5340766407306164,0,1
10,0.5360766407306164,0,1
10,0.4920766407306164,0,1
10,0.5120766407306164,0,1
10,0.6120766407306164,0,1
10,0.5940766407306164,0,1
10,0.6200766407306164,0,1
10,0.5900766407306164,0,1
10,0.5380766407306165,0,1
10,0.5340766407306164,0,1
10,0.5580766407306164,0,1
10,0.6160766407306164,1,1
10,0.5660766407306164,0,1
10,0.5760766407306164,0,1
10,0.5840766407306164,0,1
11,0.5580766407306164,0,0
11,0.6240766407306164,0,0
11,0.5100766407306164,0,0
11,0.5140766407306164,0,0
11,0.5160766407306164,0,0
11,0.5060766407306164,0,0
11,0.5600766407306164,0,0
11,0.5220766407306164,0,0
11,0.5160766407306164,0,0
11,0.5580766407306164,0,0
11,0.4700766407306164,0,0
11,0.5060766407306164,0,0
11,0.5060766407306164,0,0
11,0.5740766407306164,0,0
11,0.5340766407306164,0,0
11,0.5620766407306164,0,0
11,0.5340766407306164,0,0
11,0.6180766407306164,0,0
11,0.6280766407306164,0,0
11,0.5340766407306164,0,0
11,0.5140766407306164,0,0
11,0.5140766407306164,0,0
11,0.5520766407306165,0,0
11,0.5280766407306164,0,0
11,0.4900766407306164,0,0
11,0.6120766407306164,0,0
11,0.5380766407306165,0,0
11,0.4980766407306164,0,0
11,0.5620766407306164,0,0
11,0.5600766407306164,0,0
11,0.5220766407306164,0,0
11,0.5700766407306164,0,0
11,0.6260766407306164,0,0
11,0.5320766407306164,0,0
11,0.5200766407306164,1,0
11,0.5640766407306164,0,0
11,0.5440766407306165,0,0
11,0.5520766407306165,0,0
11,0.6080766407306164,0,0
11,0.5380766407306165,0,0
11,0.5400766407306165,0,0
11,0.5040766407306164,0,0
11,0.6080766407306164,0,0
11,0.5520766407306165,0,0
11,0.4960766407306164,0,0
11,0.5380766407306165,0,0
11,0.5800766407306164,0,0
11,0.6060766407306164,0,0
11,0.5920766407306164,0,0
11,0.5080766407306164,0,0
11,0.5780766407306164,0,0
11,0.5880766407306164,0,0
11,0.6280766407306164,0,0
11,0.5140766407306164,0,0
11,0.5260766407306164,0,0
11,0.5980766407306164,0,0
11,0.5600766407306164,0,0
11,0.5400766407306165,0,0
11,0.6280766407306164,0,0
11,0.5500766407306165,0,1
11,0.6100766407306164,0,1
11,0.5140766407306164,0,1
11,0.6020766407306164,0,1
11,0.4860766407306164,0,1
11,0.5560766407306164,0,1
11,0.5580766407306164,0,1
11,0.5120766407306164,0,1
11,0.5480766407306165,0,1
11,0.6060766407306164,0,1
11,0.6060766407306164,0,1
11,0.5440766407306165,0,1
11,0.4820766407306164,0,1
11,0.6020766407306164,0,1
11,0.6100766407306164,0,1
11,0.6220766407306164,0,1
11,0.5500766407306165,0,1
11,0.5980766407306164,0,1
11,0.5240766407306164,0,1
11,0.5320766407306164,0,1
11,0.5220766407306164,0,1
11,0.6160766407306164,0,1
11,0.5540766407306165,0,1
11,0.6200766407306164,0,1
11,0.5940766407306164,0,1
11,0.4980766407306164,0,1
11,0.5880766407306164,0,1
11,0.5920766407306164,0,1
11,0.5980766407306164,0,1
11,0.5840766407306164,0,1
11,0.5560766407306164,0,1
11,0.5860766407306164,0,1
11,0.5980766407306164,0,1
11,0.5600766407306164,0,1
11,0.5280766407306164,0,1
11,0.5400766407306165,0,1
11,0.5400766407306165,0,1
11,0.5740766407306164,0,1
11,0.6120766407306164,0,1
11,0.5600766407306164,1,1
11,0.4900766407306164,1,1
11,0.6200766407306164,0,1
11,0.5880766407306164,0,1
11,0.5900766407306164,0,1
11,0.5340766407306164,0,1
11,0.4980766407306164,0,1
11,0.6180766407306164,0,1
11,0.5400766407306165,0,1
11,0.5660766407306164,0,1
11,0.5360766407306164,0,1
11,0.5940766407306164,0,1
11,0.5820766407306164,0,1
11,0.5180766407306164,0,1
11,0.5560766407306164,0,1
11,0.4920766407306164,0,1
11,0.5680766407306164,0,1
11,0.5960766407306164,0,1
11,0.5420766407306165,0,1
11,0.6120766407306164,0,1
11,0.4920766407306164,0,1
11,0.4940766407306164,0,1
11,0.6280766407306164,0,1
11,0.5800766407306164,0,1
11,0.5220766407306164,1,1
11,0.5460766407306165,0,1
11,0.6040766407306164,0,1
11,0.5440766407306165,0,1
11,0.5420766407306165,0,1
11,0.5020766407306164,0,1
