group_id,param,rhat,ess,n_chains,n_draws
3,v(0),0.9999492374700815,20125.247127122988,4,6000
3,v(1),1.00021425319137,20317.21749308426,4,6000
3,a,1.0001797575438192,9439.15222248587,4,6000
3,t,1.0000256920865218,16331.391605660014,4,6000
4,v(0),0.9999510480511127,22040.529670633427,4,6000
4,v(1),1.0000286537181677,21278.177893863052,4,6000
4,a,0.9999445369593124,15353.432949289061,4,6000
4,t,1.0001460407059124,14112.881698466943,4,6000
5,v(0),1.0000589993897133,21794.608639210463,4,6000
5,v(1),0.9999528081638598,21148.683187109804,4,6000
5,a,1.0000198139554182,17120.43792691314,4,6000
5,t,1.0001396283854083,10871.726381381606,4,6000
6,v(0),1.000373573562458,16705.30764279243,4,6000
6,v(1),1.0000252321745653,16434.705600423324,4,6000
6,a,0.9999703374188815,13716.096932456112,4,6000
6,t,0.9999435651317454,10490.198769589439,4,6000
7,v(0),1.000043122098075,21639.410356891916,4,6000
7,v(1),0.9999289951888426,21658.83610151818,4,6000
7,a,0.9999800667864157,15479.710297272102,4,6000
7,t,1.000210602472808,12245.035867396216,4,6000
8,v(0),0.9999445273717181,21681.225215805724,4,6000
8,v(1),1.0000865480335632,21281.047068618223,4,6000
8,a,0.9999408631057413,15705.607058320224,4,6000
8,t,0.9999701681706491,13369.284113331236,4,6000
