group_id,identity,stat,observed,pred_median,pred_lo95,pred_hi95,inside95
3,all,acc_all,0.3253846153846154,0.3819230769230769,0.3576730769230769,0.4073365384615385,0
3,all,omission_rate,0.3861538461538462,0.2484615384615385,0.23267307692307687,0.26884615384615385,0
3,all,correct_rt_mean_ms,390.8303447992333,313.8361761953306,308.516383287072,320.6690881532967,0
3,all,correct_rt_q50_ms,378.1504500366285,280.13599564288575,272.57728105865726,287.581779110961,0
3,self,acc_all,0.32461538461538464,0.3792307692307692,0.3522692307692308,0.41386538461538463,0
3,self,omission_rate,0.3884615384615384,0.25076923076923074,0.22534615384615386,0.27465384615384614,0
3,self,correct_rt_mean_ms,401.67772322215336,314.9162552263354,306.5259746411724,324.0492408245607,0
3,self,correct_rt_q50_ms,393.7824000022375,281.2135373448061,271.76762320156104,290.04157542763323,0
3,stranger,acc_all,0.3261538461538461,0.385,0.3469038461538462,0.41307692307692306,0
3,stranger,omission_rate,0.38384615384615384,0.24538461538461542,0.2215192307692308,0.2708846153846154,0
3,stranger,correct_rt_mean_ms,380.0341332556666,313.334871121613,304.8120805226877,320.87235412370086,0
3,stranger,correct_rt_q50_ms,363.304850019631,279.4996858275433,270.2460115280296,288.7848192991534,0
4,all,acc_all,0.4513986013986014,0.48304195804195804,0.4629195804195804,0.5017657342657343,0
4,all,omission_rate,0.3839160839160839,0.2786713286713287,0.2583828671328671,0.3017744755244755,0
4,all,correct_rt_mean_ms,518.34250821058,408.75463109404967,403.74517830231036,414.57616943205403,0
4,all,correct_rt_q50_ms,536.267100003897,385.2677393836914,378.48313337102945,393.67064222728277,0
4,self,acc_all,0.5167832167832168,0.5328671328671328,0.5103846153846154,0.5650524475524477,1
4,self,omission_rate,0.34475524475524477,0.26503496503496504,0.2377447552447553,0.2867832167832168,0
4,self,correct_rt_mean_ms,516.8837466847785,408.3122671415425,400.71064947655725,414.79484729432227,0
4,self,correct_rt_q50_ms,522.41309999954,384.7315809719026,376.62313907156306,395.2169964156001,0
4,stranger,acc_all,0.386013986013986,0.43216783216783217,0.4041783216783217,0.4588461538461539,0
4,stranger,omission_rate,0.42307692307692313,0.29230769230769227,0.26573426573426573,0.3197202797202798,0
4,stranger,correct_rt_mean_ms,520.295451630086,408.91206754299304,402.08802193189604,417.03585996437806,0
4,stranger,correct_rt_q50_ms,537.1070500006456,386.69871884232595,376.6924805062031,398.66941231392025,0
5,all,acc_all,0.6832167832167833,0.7839160839160839,0.7653496503496503,0.8038636363636364,0
5,all,omission_rate,0.10944055944055942,0.10034965034965038,0.08773601398601402,0.1136451048951049,1
5,all,correct_rt_mean_ms,713.936868627863,570.4162378301379,560.6006509794216,579.50837020067,0
5,all,correct_rt_q50_ms,696.855999995023,518.8543112943344,506.5992926881034,529.5788209211687,0
5,self,acc_all,0.7447552447552448,0.8318181818181818,0.8027797202797202,0.8545804195804195,0
5,self,omission_rate,0.09160839160839163,0.08181818181818179,0.06641608391608395,0.09791958041958043,1
5,self,correct_rt_mean_ms,685.504213896103,555.5566366729531,542.761891564368,568.5127615581794,0
5,self,correct_rt_q50_ms,664.8775000358,499.74976269462456,488.28748374231543,517.1079460502018,0
5,stranger,acc_all,0.6216783216783217,0.7367132867132866,0.7104720279720279,0.7608741258741258,0
5,stranger,omission_rate,0.12727272727272732,0.11818181818181817,0.1020629370629371,0.13636363636363635,1
5,stranger,correct_rt_mean_ms,747.9984853762595,587.3173104679472,573.8662978166678,602.6750620627943,0
5,stranger,correct_rt_q50_ms,733.7879000115211,540.9429223146531,520.0021425583376,562.0808216707999,0
6,all,acc_all,0.8873076923076924,0.9063461538461539,0.8915192307692308,0.9184615384615384,0
6,all,omission_rate,0.05615384615384611,0.013076923076923097,0.00846153846153841,0.018471153846153807,0
6,all,correct_rt_mean_ms,910.6239467272442,882.9588464105288,872.7272042081429,894.7489376303225,0
6,all,correct_rt_q50_ms,840.064500007429,795.7627100633224,786.4618278727972,804.8306162892285,0
6,self,acc_all,0.8953846153846153,0.9176923076923077,0.8969038461538462,0.9338846153846154,0
6,self,omission_rate,0.06461538461538463,0.009230769230769265,0.004596153846153809,0.01538461538461533,0
6,self,correct_rt_mean_ms,877.0162875444014,875.1911657191108,862.2811611294476,892.0088169831582,1
6,self,correct_rt_q50_ms,817.8763999094369,792.6572358078611,782.2756274042273,805.5088900259673,0
6,stranger,acc_all,0.8792307692307693,0.8961538461538462,0.8715192307692308,0.9146346153846154,1
6,stranger,omission_rate,0.0476923076923077,0.01692307692307693,0.010000000000000009,0.02538461538461534,0
6,stranger,correct_rt_mean_ms,944.8490694646274,890.2304173547022,874.8371024811254,907.2102649171682,0
6,stranger,correct_rt_q50_ms,865.635099995416,798.6657206184818,787.8073042722131,811.1637050180292,0
7,all,acc_all,0.6833333333333333,0.7477564102564103,0.7278846153846154,0.767323717948718,0
7,all,omission_rate,0.142948717948718,0.14358974358974363,0.13076923076923075,0.15673076923076923,1
7,all,correct_rt_mean_ms,608.6492505647394,493.01725967428297,486.7792769876251,498.3106696469587,0
7,all,correct_rt_q50_ms,615.176700055599,485.763200866542,478.0035528688893,493.2738994612477,0
7,self,acc_all,0.7224358974358974,0.7817307692307692,0.7518910256410256,0.8064423076923077,0
7,self,omission_rate,0.11410256410256414,0.12884615384615383,0.107676282051282,0.1487339743589744,1
7,self,correct_rt_mean_ms,601.8503952991241,486.3420128656149,479.95745147122415,493.96008739718314,0
7,self,correct_rt_q50_ms,603.448799811304,476.2389378186383,465.47286204324314,486.38071579951753,0
7,stranger,acc_all,0.6442307692307693,0.7141025641025641,0.6903685897435897,0.7487660256410257,0
7,stranger,omission_rate,0.17179487179487174,0.15929487179487178,0.1397435897435897,0.1769391025641026,1
7,stranger,correct_rt_mean_ms,616.2734395043897,499.8433563929208,492.0096578480645,506.4539794720798,0
7,stranger,correct_rt_q50_ms,618.432099930942,494.862843068856,483.9104868059153,502.6996597153519,0
8,all,acc_all,0.6937062937062937,0.7634615384615384,0.7457954545454545,0.7818269230769231,0
8,all,omission_rate,0.14685314685314688,0.13094405594405595,0.11711538461538457,0.14440559440559442,0
8,all,correct_rt_mean_ms,621.5749787313069,513.3243523720854,506.2114682633474,518.9465490504035,0
8,all,correct_rt_q50_ms,617.2691999818195,498.9240393002393,492.4605123608415,505.6619517187,0
8,self,acc_all,0.7244755244755244,0.7895104895104895,0.765034965034965,0.814020979020979,0
8,self,omission_rate,0.11818181818181817,0.11678321678321679,0.10064685314685311,0.13638111888111887,1
8,self,correct_rt_mean_ms,616.2723832070184,507.89070158500186,499.59461545899046,514.5401669899032,0
8,self,correct_rt_q50_ms,615.257800091058,491.8067818303472,479.98555051297944,500.2992097693049,0
8,stranger,acc_all,0.6629370629370629,0.7381118881118882,0.7111713286713286,0.765034965034965,0
8,stranger,omission_rate,0.17552447552447548,0.1451048951048951,0.12517482517482514,0.16433566433566438,0
8,stranger,correct_rt_mean_ms,627.3697983127023,519.0742679556347,510.4704946578148,527.2555545356752,0
8,stranger,correct_rt_q50_ms,631.8318000412545,505.98156208876384,496.8117218520655,514.8021107578423,0
