group_id,param,new_est,new_lo,new_hi,new_ci_width,old_est,delta
3,v_self,-1.1300136917319088,-1.6791388326039152,-0.5551636940521222,1.1239751385517929,-1.8927058135663373,0.7626921218344285
3,v_stranger,-1.1316532851294694,-1.6851717460433977,-0.5571278147155299,1.1280439313278678,-1.733430140927776,0.6017768557983065
3,a,1.2396478692646984,0.9580692465234404,1.6257277432778303,0.6676584967543899,1.2175526658703222,0.022095203394376206
3,t,0.1918330332153063,0.1802823623155854,0.2040331385510991,0.02375077623551372,0.348244637054752,-0.15641160383944572
3,z,0.6055827354773483,0.5738221155564429,0.6365956586995833,0.06277354314314043,0.5650577857870172,0.04052494969033116
3,SPE_v,0.0016395933975605903,-1.1220110178883853,1.1300080519912754,2.252019069879661,-0.15927567263856135,0.16091526603612194
4,v_self,0.0186129902971752,-0.8114067501963005,0.857354984136155,1.6687617343324554,0.6393747622651982,-0.620761771968023
4,v_stranger,-0.5942981598247105,-1.42202560320376,0.2494961286809016,1.6715217318846616,-0.0176174070636728,-0.5766807527610377
4,a,1.2400463804961754,1.1058774388167585,1.398548839887929,0.2926714010711706,1.418698142868963,-0.17865176237278746
4,t,0.2733288928083321,0.2339318334170381,0.3212264949452793,0.08729466152824117,0.3533327478115391,-0.080003855003207
4,z,0.5642322443012836,0.53281111115131,0.5951831673439695,0.06237205619265951,0.5705471148531849,-0.006314870551901275
4,SPE_v,0.6129111501218857,-1.0609028788772021,2.279380587339915,3.3402834662171172,0.656992169328871,-0.04408101920698526
5,v_self,1.2419203930517284,0.7305830498272836,1.747484475452725,1.0169014256254414,1.3493437337358145,-0.1074233406840861
5,v_stranger,0.6221938142818892,0.1320375988338228,1.1234386278050794,0.9914010289712566,0.6354979776881481,-0.01330416340625884
5,a,1.4799502649453744,1.354847550594244,1.618435533448067,0.2635879828538228,1.3350816408531332,0.14486862409224122
5,t,0.3086238592377424,0.2549003558063377,0.3777268424772265,0.1228264866708888,0.3982247871373518,-0.08960092789960944
5,z,0.4388140341894389,0.4157604870954631,0.4628992539760541,0.04713876688059099,0.4522480646244868,-0.013434030435047928
5,SPE_v,0.6197265787698392,-0.3928555779777958,1.6154468766189023,2.008302454596698,0.7138457560476664,-0.09411917727782726
6,v_self,1.1378445569950153,0.7630127663913857,1.518354286143467,0.7553415197520812,1.8119225249466573,-0.674077967951642
6,v_stranger,0.9457430732793376,0.5741096991224327,1.3241475825563016,0.7500378834338689,1.1661497402917866,-0.22040666701244904
6,a,1.3883543935008211,1.2083591784248555,1.6094844697208126,0.4011252912959571,1.476928401762092,-0.08857400826127093
6,t,0.6562297580965641,0.6446039202845972,0.6673504187048223,0.022746498420225025,0.6631033976838565,-0.006873639587292368
6,z,0.6680163711393668,0.6438292075653163,0.691627304694195,0.047798097128878725,0.713927120063179,-0.045910748923812195
6,SPE_v,0.1921014837156777,-0.5611348161649159,0.9442445870210342,1.50537940318595,0.6457727846548706,-0.45367130093919295
7,v_self,1.3066971520518604,0.6654180566048294,1.946980965908788,1.2815629093039584,1.204834387296714,0.10186276475514644
7,v_stranger,0.9414874930610794,0.2982681330578945,1.580632551204607,1.2823644181467126,0.7525932239205108,0.18889426914056862
7,a,1.2671376715497535,1.1155369351221558,1.449770619522416,0.33423368440026024,1.0915668016810178,0.1755708698687357
7,t,0.3244961166647506,0.2700153397124781,0.3938382023087091,0.12382286259623099,0.404979880038716,-0.0804837633739654
7,z,0.4382949325842233,0.4056371968612496,0.4700820441520172,0.0644448472907676,0.4970102798494656,-0.0587153472652423
7,SPE_v,0.36520965899078106,-0.9152144945997777,1.6487128328508935,2.563927327450671,0.45224116337620324,-0.08703150438542218
8,v_self,1.313405474055205,0.6205880577614691,2.01083320235849,1.3902451445970208,2.814623144030959,-1.5012176699757538
8,v_stranger,1.0086870033800326,0.3276264604070967,1.7007935025501193,1.3731670421430227,2.5543414872066847,-1.5456544838266522
8,a,1.3006601487961418,1.135518085735441,1.501673088520877,0.3661550027854361,2.4160854634972533,-1.1154253147011115
8,t,0.3341473061761785,0.2801176685435503,0.4041439288129992,0.1240262602694489,0.3516796487420364,-0.017532342565857895
8,z,0.4399213214668627,0.4064105306079981,0.4743408915958253,0.06793036098782723,0.4983615383968596,-0.0584402169299969
8,SPE_v,0.30471847067517244,-1.0802054447886502,1.6832067419513932,2.7634121867400436,0.26028165682427407,0.04443681385089837
