group,subject,match_key,link,link_from_data,link_ok,n_formal,key_mismatch,n_self_match,n_stranger_match
1,1,f,circle=self,circle=self,True,520,0,130,130
1,2,j,square=self,square=self,True,520,0,130,130
1,3,j,circle=self,circle=self,True,520,0,130,130
1,4,f,square=self,square=self,True,520,0,130,130
1,5,f,circle=self,circle=self,True,520,0,130,130
1,6,j,square=self,square=self,True,520,0,130,130
1,7,j,circle=self,circle=self,True,520,0,130,130
1,8,f,square=self,square=self,True,520,0,130,130
1,9,f,circle=self,circle=self,True,520,0,130,130
1,10,j,square=self,square=self,True,520,0,130,130
1,11,j,circle=self,circle=self,True,520,0,130,130
2,1,f,circle=self,circle=self,True,520,0,130,130
2,2,j,square=self,square=self,True,520,0,130,130
2,3,j,circle=self,circle=self,True,520,0,130,130
2,4,f,square=self,square=self,True,520,0,130,130
2,5,f,circle=self,circle=self,True,520,0,130,130
2,6,j,square=self,square=self,True,520,0,130,130
2,7,j,circle=self,circle=self,True,520,0,130,130
2,8,f,square=self,square=self,True,520,0,130,130
2,9,f,circle=self,circle=self,True,520,0,130,130
2,10,j,square=self,square=self,True,520,0,130,130
2,11,j,circle=self,square=self,False,520,520,130,130
2,12,f,square=self,square=self,True,520,0,130,130
3,1,f,circle=self,circle=self,True,520,0,130,130
3,2,j,square=self,square=self,True,520,0,130,130
3,3,j,circle=self,circle=self,True,520,0,130,130
3,4,f,square=self,square=self,True,520,0,130,130
3,5,f,circle=self,circle=self,True,520,0,130,130
3,6,j,square=self,square=self,True,520,0,130,130
3,7,j,circle=self,circle=self,True,520,0,130,130
3,8,f,square=self,square=self,True,520,0,130,130
3,10,j,square=self,square=self,True,520,0,130,130
3,12,f,square=self,square=self,True,520,0,130,130
4,1,f,circle=self,circle=self,True,520,0,130,130
4,2,j,square=self,square=self,True,520,0,130,130
4,3,j,circle=self,circle=self,True,520,0,130,130
4,5,f,circle=self,circle=self,True,520,0,130,130
4,6,j,square=self,square=self,True,520,0,130,130
4,7,j,circle=self,circle=self,True,520,0,130,130
4,8,f,square=self,square=self,True,520,0,130,130
4,9,f,circle=self,circle=self,True,520,0,130,130
4,10,j,square=self,square=self,True,520,0,130,130
4,12,f,square=self,square=self,True,520,0,130,130
4,14,j,square=self,square=self,True,520,0,130,130
5,1,f,circle=self,circle=self,True,520,0,130,130
5,2,j,square=self,square=self,True,520,0,130,130
5,3,j,circle=self,circle=self,True,520,0,130,130
5,4,f,square=self,square=self,True,520,0,130,130
5,5,f,circle=self,circle=self,True,520,0,130,130
5,6,j,square=self,square=self,True,520,0,130,130
5,7,j,circle=self,circle=self,True,520,0,130,130
5,8,f,square=self,square=self,True,520,0,130,130
5,10,j,square=self,square=self,True,520,0,130,130
5,11,j,circle=self,circle=self,True,520,0,130,130
5,12,f,square=self,square=self,True,520,0,130,130
6,1,f,circle=self,circle=self,True,520,0,130,130
6,3,j,circle=self,circle=self,True,520,0,130,130
6,4,f,square=self,square=self,True,520,0,130,130
6,5,f,circle=self,circle=self,True,520,0,130,130
6,9,f,circle=self,circle=self,True,520,0,130,130
6,10,j,square=self,square=self,True,520,0,130,130
6,12,f,square=self,square=self,True,520,0,130,130
6,13,f,circle=self,circle=self,True,520,0,130,130
6,15,j,circle=self,circle=self,True,520,0,130,130
6,16,f,square=self,square=self,True,520,0,130,130
7,1,f,circle=self,circle=self,True,520,0,130,130
7,2,j,square=self,square=self,True,520,0,130,130
7,3,j,circle=self,circle=self,True,520,0,130,130
7,4,f,square=self,square=self,True,520,0,130,130
7,5,f,circle=self,circle=self,True,520,0,130,130
7,6,j,square=self,square=self,True,520,0,130,130
7,7,j,circle=self,circle=self,True,520,0,130,130
7,8,f,square=self,square=self,True,520,0,130,130
7,9,f,circle=self,circle=self,True,520,0,130,130
7,10,j,square=self,square=self,True,520,0,130,130
7,11,j,circle=self,circle=self,True,520,0,130,130
7,12,f,square=self,square=self,True,520,0,130,130
8,1,f,circle=self,circle=self,True,520,0,130,130
8,2,j,square=self,square=self,True,520,0,130,130
8,3,j,circle=self,circle=self,True,520,0,130,130
8,4,f,square=self,square=self,True,520,0,130,130
8,5,f,circle=self,circle=self,True,520,0,130,130
8,6,j,square=self,square=self,True,520,0,130,130
8,7,j,circle=self,circle=self,True,520,0,130,130
8,8,f,square=self,square=self,True,520,0,130,130
8,10,j,square=self,square=self,True,520,0,130,130
8,11,j,circle=self,circle=self,True,520,0,130,130
8,12,f,square=self,square=self,True,520,0,130,130
