file,folder_group,folder_subject,in_group,in_subject,T_ms,W_ms,n_formal,rule_pattern_observed,rule_pattern_expected,pattern_ok,match_key,link,acc_match,acc_nonmatch,inverted_flag,group_number_mismatch
EXP_data_group1_1.csv,1,1,1,1,30,300,520,"P2(mod4∈{1,2})","P2(mod4∈{1,2})",True,f,circle=self,0.115,0.073,False,False
EXP_data_group1_10.csv,1,10,1,10,30,300,520,"P2(mod4∈{1,2})","P2(mod4∈{1,2})",True,j,square=self,0.177,0.177,False,False
EXP_data_group1_11.csv,1,11,1,11,30,300,520,"P1(mod4∈{0,3})","P1(mod4∈{0,3})",True,j,circle=self,0.215,0.208,False,False
EXP_data_group1_2.csv,1,2,1,2,30,300,520,"P2(mod4∈{1,2})","P2(mod4∈{1,2})",True,j,square=self,0.162,0.158,False,False
EXP_data_group1_3.csv,1,3,1,3,30,300,520,"P1(mod4∈{0,3})","P1(mod4∈{0,3})",True,j,circle=self,0.131,0.062,False,False
EXP_data_group1_4.csv,1,4,1,4,30,300,520,"P1(mod4∈{0,3})","P1(mod4∈{0,3})",True,f,square=self,0.315,0.104,False,False
EXP_data_group1_5.csv,1,5,1,5,30,300,520,"P2(mod4∈{1,2})","P2(mod4∈{1,2})",True,f,circle=self,0.246,0.031,False,False
EXP_data_group1_6.csv,1,6,1,6,30,300,520,"P2(mod4∈{1,2})","P2(mod4∈{1,2})",True,j,square=self,0.104,0.05,False,False
EXP_data_group1_7.csv,1,7,1,7,30,300,520,"P1(mod4∈{0,3})","P1(mod4∈{0,3})",True,j,circle=self,0.112,0.112,False,False
EXP_data_group1_8.csv,1,8,1,8,30,300,520,"P1(mod4∈{0,3})","P1(mod4∈{0,3})",True,f,square=self,0.173,0.046,False,False
EXP_data_group1_9.csv,1,9,1,9,30,300,520,"P2(mod4∈{1,2})","P2(mod4∈{1,2})",True,f,circle=self,0.281,0.077,False,False
EXP_data_group2_1.csv,2,1,2,1,30,600,520,"P2(mod4∈{1,2})","P2(mod4∈{1,2})",True,f,circle=self,0.277,0.323,False,False
EXP_data_group2_10.csv,2,10,2,10,30,600,520,"P2(mod4∈{1,2})","P2(mod4∈{1,2})",True,j,square=self,0.315,0.15,False,False
EXP_data_group2_11.csv,2,11,2,11,30,600,520,"P2(mod4∈{1,2})","P1(mod4∈{0,3})",False,j,circle=self,0.119,0.338,False,False
EXP_data_group2_12.csv,2,12,2,12,30,600,520,"P1(mod4∈{0,3})","P1(mod4∈{0,3})",True,f,square=self,0.396,0.115,False,False
EXP_data_group2_2.csv,2,2,2,2,30,600,520,"P2(mod4∈{1,2})","P2(mod4∈{1,2})",True,j,square=self,0.069,0.031,False,False
EXP_data_group2_3.csv,2,3,2,3,30,600,520,"P1(mod4∈{0,3})","P1(mod4∈{0,3})",True,j,circle=self,0.346,0.25,False,False
EXP_data_group2_4.csv,2,4,2,4,30,600,520,"P1(mod4∈{0,3})","P1(mod4∈{0,3})",True,f,square=self,0.092,0.073,False,False
EXP_data_group2_5.csv,2,5,2,5,30,600,520,"P2(mod4∈{1,2})","P2(mod4∈{1,2})",True,f,circle=self,0.442,0.273,False,False
EXP_data_group2_6.csv,2,6,2,6,30,600,520,"P2(mod4∈{1,2})","P2(mod4∈{1,2})",True,j,square=self,0.281,0.223,False,False
EXP_data_group2_7.csv,2,7,2,7,30,600,520,"P1(mod4∈{0,3})","P1(mod4∈{0,3})",True,j,circle=self,0.438,0.258,False,False
EXP_data_group2_8.csv,2,8,2,8,30,600,520,"P1(mod4∈{0,3})","P1(mod4∈{0,3})",True,f,square=self,0.112,0.092,False,False
EXP_data_group2_9.csv,2,9,2,9,30,600,520,"P2(mod4∈{1,2})","P2(mod4∈{1,2})",True,f,circle=self,0.615,0.554,False,False
EXP_data_group3_1.csv,3,1,3,1,30,600,520,"P2(mod4∈{1,2})","P2(mod4∈{1,2})",True,f,circle=self,0.465,0.138,False,False
EXP_data_group3_10.csv,3,10,3,10,30,600,520,"P2(mod4∈{1,2})","P2(mod4∈{1,2})",True,j,square=self,0.269,0.358,False,False
EXP_data_group3_12.csv,3,12,3,12,30,600,520,"P1(mod4∈{0,3})","P1(mod4∈{0,3})",True,f,square=self,0.388,0.269,False,False
EXP_data_group3_2.csv,3,2,3,2,30,600,520,"P2(mod4∈{1,2})","P2(mod4∈{1,2})",True,j,square=self,0.346,0.331,False,False
EXP_data_group3_3.csv,3,3,3,3,30,600,520,"P1(mod4∈{0,3})","P1(mod4∈{0,3})",True,j,circle=self,0.458,0.45,False,False
EXP_data_group3_4.csv,3,4,3,4,30,600,520,"P1(mod4∈{0,3})","P1(mod4∈{0,3})",True,f,square=self,0.4,0.169,False,False
EXP_data_group3_5.csv,3,5,3,5,30,600,520,"P2(mod4∈{1,2})","P2(mod4∈{1,2})",True,f,circle=self,0.515,0.419,False,False
EXP_data_group3_6.csv,3,6,3,6,30,600,520,"P2(mod4∈{1,2})","P2(mod4∈{1,2})",True,j,square=self,0.158,0.108,False,False
EXP_data_group3_7.csv,3,7,3,7,30,600,520,"P1(mod4∈{0,3})","P1(mod4∈{0,3})",True,j,circle=self,0.231,0.135,False,False
EXP_data_group3_8.csv,3,8,3,8,30,600,520,"P1(mod4∈{0,3})","P1(mod4∈{0,3})",True,f,square=self,0.281,0.35,False,False
EXP_data_group4_1.csv,4,1,4,1,80,600,520,"P2(mod4∈{1,2})","P2(mod4∈{1,2})",True,f,circle=self,0.558,0.481,False,False
EXP_data_group4_10.csv,4,10,4,10,80,600,520,"P2(mod4∈{1,2})","P2(mod4∈{1,2})",True,j,square=self,0.538,0.331,False,False
EXP_data_group4_12.csv,4,12,4,12,80,600,520,"P1(mod4∈{0,3})","P1(mod4∈{0,3})",True,f,square=self,0.365,0.235,False,False
EXP_data_group4_14.csv,4,14,4,14,80,600,520,"P2(mod4∈{1,2})","P2(mod4∈{1,2})",True,j,square=self,0.231,0.477,False,False
EXP_data_group4_2.csv,4,2,4,2,80,600,520,"P2(mod4∈{1,2})","P2(mod4∈{1,2})",True,j,square=self,0.504,0.477,False,False
EXP_data_group4_3.csv,4,3,4,3,80,600,520,"P1(mod4∈{0,3})","P1(mod4∈{0,3})",True,j,circle=self,0.488,0.273,False,False
EXP_data_group4_5.csv,4,5,4,5,80,600,520,"P2(mod4∈{1,2})","P2(mod4∈{1,2})",True,f,circle=self,0.896,0.815,False,False
EXP_data_group4_6.csv,4,6,4,6,80,600,520,"P2(mod4∈{1,2})","P2(mod4∈{1,2})",True,j,square=self,0.169,0.158,False,False
EXP_data_group4_7.csv,4,7,4,7,80,600,520,"P1(mod4∈{0,3})","P1(mod4∈{0,3})",True,j,circle=self,0.6,0.281,False,False
EXP_data_group4_8.csv,4,8,4,8,80,600,520,"P1(mod4∈{0,3})","P1(mod4∈{0,3})",True,f,square=self,0.465,0.265,False,False
EXP_data_group4_9.csv,4,9,4,9,80,600,520,"P2(mod4∈{1,2})","P2(mod4∈{1,2})",True,f,circle=self,0.481,0.292,False,False
EXP_data_group5_1.csv,5,1,5,1,100,1100,520,"P2(mod4∈{1,2})","P2(mod4∈{1,2})",True,f,circle=self,0.723,0.638,False,False
EXP_data_group5_10.csv,5,10,5,10,100,1100,520,"P2(mod4∈{1,2})","P2(mod4∈{1,2})",True,j,square=self,0.819,0.785,False,False
EXP_data_group5_11.csv,5,11,5,11,100,1100,520,"P1(mod4∈{0,3})","P1(mod4∈{0,3})",True,j,circle=self,0.477,0.565,False,False
EXP_data_group5_12.csv,5,12,5,12,100,1100,520,"P1(mod4∈{0,3})","P1(mod4∈{0,3})",True,f,square=self,0.658,0.588,False,False
EXP_data_group5_2.csv,5,2,5,2,100,1100,520,"P2(mod4∈{1,2})","P2(mod4∈{1,2})",True,j,square=self,0.515,0.454,False,False
EXP_data_group5_3.csv,5,3,5,3,100,1100,520,"P1(mod4∈{0,3})","P1(mod4∈{0,3})",True,j,circle=self,0.85,0.658,False,False
EXP_data_group5_4.csv,5,4,5,4,100,1100,520,"P1(mod4∈{0,3})","P1(mod4∈{0,3})",True,f,square=self,0.604,0.631,False,False
EXP_data_group5_5.csv,5,5,5,5,100,1100,520,"P2(mod4∈{1,2})","P2(mod4∈{1,2})",True,f,circle=self,0.792,0.704,False,False
EXP_data_group5_6.csv,5,6,5,6,100,1100,520,"P2(mod4∈{1,2})","P2(mod4∈{1,2})",True,j,square=self,0.842,0.696,False,False
EXP_data_group5_7.csv,5,7,5,7,100,1100,520,"P1(mod4∈{0,3})","P1(mod4∈{0,3})",True,j,circle=self,0.904,0.915,False,False
EXP_data_group5_8.csv,5,8,5,8,100,1100,520,"P1(mod4∈{0,3})","P1(mod4∈{0,3})",True,f,square=self,0.715,0.615,False,False
EXP_data_group6_1.csv,6,1,6,1,500,1500,520,"P2(mod4∈{1,2})","P2(mod4∈{1,2})",True,f,circle=self,0.942,0.877,False,False
EXP_data_group6_10.csv,6,10,6,10,500,1500,520,"P2(mod4∈{1,2})","P2(mod4∈{1,2})",True,j,square=self,0.831,0.892,False,False
EXP_data_group6_12.csv,6,12,6,12,500,1500,520,"P1(mod4∈{0,3})","P1(mod4∈{0,3})",True,f,square=self,0.912,0.95,False,False
EXP_data_group6_13.csv,6,13,6,13,500,1500,520,"P2(mod4∈{1,2})","P2(mod4∈{1,2})",True,f,circle=self,0.973,0.977,False,False
EXP_data_group6_15.csv,6,15,6,15,500,1500,520,"P1(mod4∈{0,3})","P1(mod4∈{0,3})",True,j,circle=self,0.804,0.9,False,False
EXP_data_group6_16.csv,6,16,6,16,500,1500,520,"P1(mod4∈{0,3})","P1(mod4∈{0,3})",True,f,square=self,0.75,0.762,False,False
EXP_data_group6_3.csv,6,3,6,3,500,1500,520,"P1(mod4∈{0,3})","P1(mod4∈{0,3})",True,j,circle=self,0.935,0.958,False,False
EXP_data_group6_4.csv,6,4,6,4,500,1500,520,"P1(mod4∈{0,3})","P1(mod4∈{0,3})",True,f,square=self,0.908,0.946,False,False
EXP_data_group6_5.csv,6,5,6,5,500,1500,520,"P2(mod4∈{1,2})","P2(mod4∈{1,2})",True,f,circle=self,0.738,0.885,False,False
EXP_data_group6_9.csv,6,9,6,9,500,1500,520,"P2(mod4∈{1,2})","P2(mod4∈{1,2})",True,f,circle=self,0.931,0.942,False,False
EXP_data_group7_1.csv,7,1,7,1,30,800,520,"P2(mod4∈{1,2})","P2(mod4∈{1,2})",True,f,circle=self,0.762,0.604,False,False
EXP_data_group7_10.csv,7,10,7,10,30,800,520,"P2(mod4∈{1,2})","P2(mod4∈{1,2})",True,j,square=self,0.815,0.658,False,False
EXP_data_group7_11.csv,7,11,7,11,30,800,520,"P1(mod4∈{0,3})","P1(mod4∈{0,3})",True,j,circle=self,0.45,0.181,False,False
EXP_data_group7_12.csv,7,12,7,12,30,800,520,"P1(mod4∈{0,3})","P1(mod4∈{0,3})",True,f,square=self,0.769,0.742,False,False
EXP_data_group7_2.csv,7,2,7,2,30,800,520,"P2(mod4∈{1,2})","P2(mod4∈{1,2})",True,j,square=self,0.627,0.785,False,False
EXP_data_group7_3.csv,7,3,7,3,30,800,520,"P1(mod4∈{0,3})","P1(mod4∈{0,3})",True,j,circle=self,0.692,0.504,False,False
EXP_data_group7_4.csv,7,4,7,4,30,800,520,"P1(mod4∈{0,3})","P1(mod4∈{0,3})",True,f,square=self,0.781,0.723,False,False
EXP_data_group7_5.csv,7,5,7,5,30,800,520,"P2(mod4∈{1,2})","P2(mod4∈{1,2})",True,f,circle=self,0.896,0.762,False,False
EXP_data_group7_6.csv,7,6,7,6,30,800,520,"P2(mod4∈{1,2})","P2(mod4∈{1,2})",True,j,square=self,0.677,0.596,False,False
EXP_data_group7_7.csv,7,7,7,7,30,800,520,"P1(mod4∈{0,3})","P1(mod4∈{0,3})",True,j,circle=self,0.892,0.815,False,False
EXP_data_group7_8.csv,7,8,7,8,30,800,520,"P1(mod4∈{0,3})","P1(mod4∈{0,3})",True,f,square=self,0.408,0.435,False,False
EXP_data_group7_9.csv,7,9,7,9,30,800,520,"P2(mod4∈{1,2})","P2(mod4∈{1,2})",True,f,circle=self,0.569,0.327,False,False
EXP_data_group8_1.csv,8,1,8,1,80,800,520,"P2(mod4∈{1,2})","P2(mod4∈{1,2})",True,f,circle=self,0.762,0.604,False,False
EXP_data_group8_10.csv,8,10,8,10,80,800,520,"P2(mod4∈{1,2})","P2(mod4∈{1,2})",True,j,square=self,0.815,0.658,False,False
EXP_data_group8_11.csv,8,11,8,11,80,800,520,"P1(mod4∈{0,3})","P1(mod4∈{0,3})",True,j,circle=self,0.45,0.181,False,False
EXP_data_group8_12.csv,8,12,8,12,80,800,520,"P1(mod4∈{0,3})","P1(mod4∈{0,3})",True,f,square=self,0.769,0.742,False,False
EXP_data_group8_2.csv,8,2,8,2,80,800,520,"P2(mod4∈{1,2})","P2(mod4∈{1,2})",True,j,square=self,0.627,0.785,False,False
EXP_data_group8_3.csv,8,3,8,3,80,800,520,"P1(mod4∈{0,3})","P1(mod4∈{0,3})",True,j,circle=self,0.692,0.504,False,False
EXP_data_group8_4.csv,8,4,8,4,80,800,520,"P1(mod4∈{0,3})","P1(mod4∈{0,3})",True,f,square=self,0.781,0.723,False,False
EXP_data_group8_5.csv,8,5,8,5,80,800,520,"P2(mod4∈{1,2})","P2(mod4∈{1,2})",True,f,circle=self,0.896,0.762,False,False
EXP_data_group8_6.csv,8,6,8,6,80,800,520,"P2(mod4∈{1,2})","P2(mod4∈{1,2})",True,j,square=self,0.677,0.596,False,False
EXP_data_group8_7.csv,8,7,8,7,80,800,520,"P1(mod4∈{0,3})","P1(mod4∈{0,3})",True,j,circle=self,0.892,0.815,False,False
EXP_data_group8_8.csv,8,8,8,8,80,800,520,"P1(mod4∈{0,3})","P1(mod4∈{0,3})",True,f,square=self,0.408,0.435,False,False
