stat,F,df1,df2,p,eta2,f_obs,f_min80,N,value,R2,BF10,n
ANOVA All  G1-G8,1.9132403669729674,5.0,59.0,0.10568758637761502,0.13951774458652566,0.4026648906351925,0.46534810443381447,65.0,,,,
ANOVA Core G3-G8,1.9132403669729674,5.0,59.0,0.10568758637761502,0.13951774458652566,0.4026648906351925,0.46534810443381447,65.0,,,,
ANOVA Clean G3-G8,1.9132403669729674,5.0,59.0,0.10568758637761502,0.13951774458652566,0.4026648906351925,0.46534810443381447,65.0,,,,
ANOVA G5-G8 稳健子集,0.588321782844173,3.0,40.0,0.6262220512950412,0.042259471157313794,0.2100574533629145,0.5227992778533657,44.0,,,,
BF ANOVA All  G1-G8 r=0.5,,,,,,,,,1.1889246959663051,,,
BF ANOVA Core G3-G8 r=0.5,,,,,,,,,1.1889246959663051,,,
BF ANOVA Clean G3-G8 r=0.5,,,,,,,,,1.1889246959663051,,,
Regress Clean G3-G8,,,,,,,,,,0.04162864379575726,0.668980808822341,65.0
Regress Core G3-G8,,,,,,,,,,0.04162864379575726,0.668980808822341,65.0
Regress G5-G8,,,,,,,,,,0.0422594711573141,0.5955877780145987,44.0
