model,target,locv_rmse,locv_r
M1_Mean,a,0.5184183246907706,-1.0
M3_Sigmoid,a,0.5440453525747037,-0.024557401391310657
M4_SigmoidGP,a,0.6785126880356931,-0.20404282941404903
M2_Linear,a,3.608344474039075,-0.11784416694790334
M3_Sigmoid,v_self,1.5009351150604686,0.13007044866896522
M4_SigmoidGP,v_self,1.5895644689086879,-0.02646686053240395
M1_Mean,v_self,1.7398615367037455,-1.0
M2_Linear,v_self,11.590227610106774,0.25716128651176545
M3_Sigmoid,v_stranger,1.3595215885152356,-0.05273843208974686
M4_SigmoidGP,v_stranger,1.4273731007275599,-0.24516821764402003
M1_Mean,v_stranger,1.54772635079268,-1.0
M2_Linear,v_stranger,10.404994927439429,0.22104423643492407
