param,mean,sd,hdi_3%,hdi_97%,mcse_mean,mcse_sd,ess_bulk,ess_tail,r_hat
a,1.07,0.045,0.986,1.154,0.001,0.0,6600.0,5470.0,1.0
a_std,0.145,0.04,0.078,0.217,0.001,0.001,3252.0,4295.0,1.0
a_subj.0,1.224,0.051,1.118,1.312,0.002,0.001,1238.0,1782.0,1.0
a_subj.1,1.023,0.037,0.953,1.091,0.001,0.0,3999.0,4430.0,1.0
a_subj.2,1.093,0.039,1.016,1.164,0.001,0.001,3381.0,2406.0,1.0
a_subj.3,1.037,0.031,0.98,1.097,0.0,0.0,5697.0,6507.0,1.0
a_subj.4,1.112,0.044,1.034,1.199,0.001,0.001,2823.0,2850.0,1.0
a_subj.5,1.033,0.033,0.971,1.095,0.0,0.0,4864.0,5874.0,1.0
a_subj.6,1.228,0.056,1.125,1.333,0.001,0.001,2290.0,3964.0,1.0
a_subj.7,0.935,0.03,0.88,0.994,0.001,0.0,2865.0,4132.0,1.0
a_subj.8,1.054,0.032,0.994,1.114,0.0,0.0,4572.0,5838.0,1.0
a_subj.9,0.807,0.026,0.757,0.855,0.0,0.0,4033.0,4570.0,1.0
a_subj.10,1.169,0.041,1.092,1.243,0.001,0.0,3976.0,5457.0,1.0
a_subj.11,1.051,0.049,0.957,1.134,0.002,0.001,782.0,3119.0,1.0
v(0),0.78,0.358,0.104,1.451,0.004,0.003,8526.0,8604.0,1.0
v(1),1.219,0.358,0.554,1.893,0.004,0.003,8911.0,9271.0,1.0
v_std,1.202,0.201,0.854,1.587,0.003,0.002,5476.0,5726.0,1.0
v_subj(0).0,0.708,0.175,0.397,1.055,0.002,0.002,5365.0,6489.0,1.0
v_subj(0).1,1.545,0.225,1.123,1.97,0.003,0.002,5315.0,6331.0,1.0
v_subj(0).2,-0.06,0.191,-0.42,0.3,0.003,0.002,4567.0,6195.0,1.0
v_subj(0).3,1.261,0.21,0.863,1.653,0.003,0.002,6054.0,6803.0,1.0
v_subj(0).4,2.582,0.251,2.102,3.044,0.004,0.003,3864.0,5431.0,1.0
v_subj(0).5,0.2,0.21,-0.192,0.596,0.003,0.002,4641.0,5752.0,1.0
v_subj(0).6,1.914,0.213,1.522,2.317,0.004,0.003,3255.0,4823.0,1.0
v_subj(0).7,-0.216,0.201,-0.594,0.161,0.002,0.002,6776.0,7207.0,1.0
v_subj(0).8,-0.112,0.177,-0.445,0.215,0.002,0.002,6632.0,6843.0,1.0
v_subj(0).9,1.124,0.252,0.662,1.606,0.003,0.002,6090.0,6301.0,1.0
v_subj(0).10,-1.572,0.218,-1.992,-1.181,0.004,0.003,3103.0,5293.0,1.0
v_subj(0).11,1.749,0.22,1.341,2.162,0.003,0.002,4974.0,6284.0,1.0
v_subj(1).0,1.454,0.198,1.085,1.83,0.003,0.002,4926.0,6640.0,1.0
v_subj(1).1,1.452,0.218,1.055,1.878,0.003,0.002,5267.0,6893.0,1.0
v_subj(1).2,1.634,0.245,1.183,2.098,0.004,0.002,4862.0,6316.0,1.0
v_subj(1).3,0.901,0.199,0.531,1.273,0.002,0.002,6475.0,6918.0,1.0
v_subj(1).4,3.257,0.267,2.762,3.755,0.004,0.003,3946.0,5168.0,1.0
v_subj(1).5,0.318,0.206,-0.084,0.698,0.003,0.002,4349.0,5792.0,1.0
v_subj(1).6,2.783,0.261,2.297,3.268,0.005,0.003,3221.0,5148.0,1.0
v_subj(1).7,-0.394,0.193,-0.751,-0.028,0.002,0.002,7338.0,7043.0,1.0
v_subj(1).8,0.971,0.194,0.613,1.334,0.002,0.002,6475.0,6732.0,1.0
v_subj(1).9,0.628,0.258,0.162,1.137,0.003,0.002,6071.0,6672.0,1.0
v_subj(1).10,-0.199,0.219,-0.598,0.218,0.003,0.002,4096.0,5794.0,1.0
v_subj(1).11,1.696,0.226,1.304,2.152,0.003,0.002,5083.0,5694.0,1.0
t,0.408,0.042,0.333,0.486,0.001,0.0,5994.0,5363.0,1.0
t_std,0.138,0.039,0.079,0.208,0.001,0.0,4976.0,4518.0,1.0
t_subj.0,0.334,0.018,0.314,0.375,0.001,0.001,994.0,1459.0,1.0
t_subj.1,0.457,0.006,0.446,0.469,0.0,0.0,3473.0,2689.0,1.0
t_subj.2,0.441,0.009,0.43,0.456,0.0,0.0,2674.0,1460.0,1.0
t_subj.3,0.467,0.004,0.459,0.474,0.0,0.0,5620.0,6243.0,1.0
t_subj.4,0.404,0.005,0.394,0.412,0.0,0.0,2595.0,2980.0,1.0
t_subj.5,0.486,0.009,0.468,0.498,0.0,0.0,2804.0,6208.0,1.0
t_subj.6,0.371,0.01,0.354,0.39,0.0,0.0,2237.0,3833.0,1.0
t_subj.7,0.226,0.005,0.216,0.236,0.0,0.0,2863.0,4243.0,1.0
t_subj.8,0.189,0.005,0.18,0.198,0.0,0.0,4627.0,5944.0,1.0
t_subj.9,0.52,0.003,0.515,0.526,0.0,0.0,3963.0,3037.0,1.0
t_subj.10,0.512,0.006,0.503,0.525,0.0,0.0,3998.0,4397.0,1.0
t_subj.11,0.387,0.014,0.37,0.412,0.001,0.0,709.0,2934.0,1.01
z,0.494,0.017,0.463,0.525,0.0,0.0,5664.0,7882.0,1.0
z_std,0.203,0.026,0.156,0.252,0.0,0.0,3683.0,5133.0,1.0
z_subj.0,0.505,0.025,0.458,0.549,0.0,0.0,3292.0,4246.0,1.0
z_subj.1,0.482,0.024,0.438,0.527,0.0,0.0,3401.0,4259.0,1.0
z_subj.2,0.557,0.024,0.512,0.603,0.0,0.0,2868.0,4663.0,1.0
z_subj.3,0.483,0.022,0.441,0.524,0.0,0.0,4391.0,5278.0,1.0
z_subj.4,0.392,0.025,0.345,0.438,0.0,0.0,2714.0,2675.0,1.0
z_subj.5,0.547,0.027,0.496,0.595,0.001,0.0,2472.0,4372.0,1.0
z_subj.6,0.434,0.027,0.381,0.483,0.001,0.0,2572.0,4055.0,1.0
z_subj.7,0.521,0.018,0.488,0.555,0.0,0.0,6011.0,6172.0,1.0
z_subj.8,0.474,0.019,0.438,0.51,0.0,0.0,4963.0,6081.0,1.0
z_subj.9,0.494,0.021,0.455,0.534,0.0,0.0,4511.0,5956.0,1.0
z_subj.10,0.647,0.023,0.604,0.692,0.0,0.0,2515.0,4268.0,1.0
z_subj.11,0.382,0.022,0.341,0.424,0.0,0.0,3154.0,5247.0,1.0
