group_id,subject,SPE_v,v_stranger,v_self
3,0,0.639,-0.91,-0.271
3,1,-0.2589999999999999,-0.929,-1.188
3,2,-3.291,-0.238,-3.529
3,3,-0.22699999999999987,-2.662,-2.889
3,4,0.12100000000000001,-0.138,-0.017
3,5,-0.28600000000000003,-1.405,-1.691
3,6,1.7240000000000002,-6.761,-5.037
3,7,0.18500000000000005,-1.195,-1.01
3,8,-0.21299999999999997,-0.725,-0.938
3,9,-0.7689999999999999,-0.857,-1.626
4,0,-0.02300000000000002,0.195,0.172
4,1,-0.17099999999999999,0.027,-0.144
4,2,2.63,-1.851,0.779
4,3,1.4949999999999997,2.305,3.8
4,4,0.7729999999999999,-1.027,-0.254
4,5,2.2430000000000003,-1.072,1.171
4,6,0.5060000000000002,-2.536,-2.03
4,7,0.197,-0.445,-0.248
4,8,0.41500000000000004,-2.697,-2.282
4,9,0.2990000000000004,-5.432,-5.133
4,10,0.22399999999999998,-0.476,-0.252
5,0,1.126,0.506,1.632
5,1,0.118,-0.146,-0.028
5,2,1.755,1.008,2.763
5,3,0.13500000000000006,0.425,0.56
5,4,0.9139999999999999,1.052,1.966
5,5,0.248,0.619,0.867
5,6,1.836,1.531,3.367
5,7,0.2600000000000001,0.828,1.088
5,8,0.3599999999999999,1.249,1.609
5,9,0.881,-0.367,0.514
5,10,0.322,0.115,0.437
6,0,0.5289999999999999,2.1,2.629
6,1,0.7229999999999999,1.37,2.093
6,2,1.65,1.217,2.867
6,3,0.591,-0.128,0.463
6,4,-0.006000000000000005,0.561,0.555
6,5,0.5739999999999998,1.086,1.66
6,6,0.94,1.464,2.404
6,7,-0.33699999999999997,2.084,1.747
6,8,2.711,0.765,3.476
6,9,-0.33599999999999997,1.218,0.882
7,0,0.746,0.708,1.454
7,1,-0.09299999999999997,1.545,1.452
7,2,1.694,-0.06,1.634
7,3,-0.3599999999999999,1.261,0.901
7,4,0.6750000000000003,2.582,3.257
7,5,0.118,0.2,0.318
7,6,0.869,1.914,2.783
7,7,-0.17800000000000002,-0.216,-0.394
7,8,1.083,-0.112,0.971
7,9,-0.4960000000000001,1.124,0.628
7,10,1.373,-1.572,-0.199
7,11,-0.05300000000000016,1.749,1.696
8,0,0.7529999999999999,0.667,1.42
8,1,-0.09800000000000009,1.518,1.42
8,2,1.657,-0.082,1.575
8,3,-0.349,1.208,0.859
8,4,0.6849999999999996,2.599,3.284
8,5,0.12200000000000003,0.157,0.279
8,6,0.8860000000000001,1.907,2.793
8,7,-0.18500000000000003,-0.21,-0.395
8,8,-0.4890000000000001,1.1,0.611
8,9,1.294,-1.56,-0.266
8,10,-0.050000000000000044,1.745,1.695
