alaph1,pure_sigmoid_rmse_all_targets,gp_log_marginal_likelihood_vself,hybrid_insample_rmse_vself,gp_noise_sd,gp_ls
0.0,0.7060308141779842,-8.513631199228035,0.2674357605167453,0.48801645915988645,9.999999999999997e-06
0.15,0.7041185979559027,-8.513631199228037,0.26614870367071486,0.48759820367793677,9.999999999999997e-06
0.3,0.7058687979626679,-8.513631199228037,0.2647228536119973,0.4875028729558067,9.999999999999997e-06
0.5,0.7138448124434872,-8.513631199228037,0.2625448783024574,0.4877934864706124,9.999999999999997e-06
0.8,0.7374104256312697,-8.513631199228023,0.31195344590350055,0.5370109482474581,0.026562501721932974
1.2,0.7883571530684346,-8.513631198131064,0.30896065396861766,0.5440483509928618,0.033018986046277815
1.6,0.85788318978441,-8.279350604876191,0.36674695348516606,0.6064196098151188,0.16157735810533072
2.0,0.9418831325547832,-8.124425349910872,1.1129381162734345e-05,0.0033303248558426398,0.1775414160771107
2.5,1.0619613344185608,-8.121845458688178,1.2129573640145153e-05,0.003567371181359285,0.19299482678065763
