target,point,dist_to_nearest_train,posterior_sd,prior_sd,pct_of_prior
v_self,训练点,0.0,0.6361400704571765,0.748592709069031,84.97812799276345
v_self,训练点,0.0,0.6361400704571765,0.748592709069031,84.97812799276345
v_self,训练点,0.0,0.6361400704571765,0.748592709069031,84.97812799276345
v_self,训练点,0.0,0.6361400704571765,0.748592709069031,84.97812799276345
v_self,训练点,0.0,0.6361400704571765,0.748592709069031,84.97812799276345
v_self,训练点,0.0,0.6361400704571765,0.748592709069031,84.97812799276345
v_self,设计盒中心,1.170913662869759,0.8933855556071935,0.748592709069031,119.34200597788757
v_self,候选1,2.166285790251141,0.8933855556071935,0.748592709069031,119.34200597788757
v_self,候选2,2.162756654657716,0.8933855556071935,0.748592709069031,119.34200597788757
v_self,候选3,2.1624355385484546,0.8933855556071935,0.748592709069031,119.34200597788757
v_self,候选4,2.165323869165383,0.8933855556071935,0.748592709069031,119.34200597788757
v_self,候选5,2.1160142597029523,0.8933855556071935,0.748592709069031,119.34200597788757
v_self,候选6,2.171408839271461,0.8933855556071935,0.748592709069031,119.34200597788757
v_self,候选7,2.1124011383940444,0.8933855556071935,0.748592709069031,119.34200597788757
v_self,候选8,2.1000746092743676,0.8933855556071935,0.748592709069031,119.34200597788757
v_self,候选9,2.1120723663263927,0.8933855556071935,0.748592709069031,119.34200597788757
v_self,候选10,2.096434016786865,0.8933855556071935,0.748592709069031,119.34200597788757
v_self,候选11,2.1806636891194415,0.8933855556071935,0.748592709069031,119.34200597788757
v_self,候选12,2.1150294751136607,0.8933855556071935,0.748592709069031,119.34200597788757
v_self,候选13,2.0961027402902324,0.8933855556071935,0.748592709069031,119.34200597788757
v_self,候选14,2.067879942931249,0.8933855556071935,0.748592709069031,119.34200597788757
v_self,候选15,2.1930482875921085,0.8933855556071935,0.748592709069031,119.34200597788757
v_self,候选16,2.121258722902149,0.8933855556071935,0.748592709069031,119.34200597788757
v_self,候选17,2.09908234661059,0.8933855556071935,0.748592709069031,119.34200597788757
v_self,候选18,2.064182569590095,0.8933855556071935,0.748592709069031,119.34200597788757
v_self,候选19,2.0481786022564314,0.8933855556071935,0.748592709069031,119.34200597788757
v_self,候选20,2.063846116286454,0.8933855556071935,0.748592709069031,119.34200597788757
v_stranger,训练点,0.0,0.003600812564390082,0.7504944987887667,0.47979199983497317
v_stranger,训练点,0.0,0.003600812564390082,0.7504944987887667,0.47979199983497317
v_stranger,训练点,0.0,0.003600817319853107,0.7504944987887667,0.47979263347892825
v_stranger,训练点,0.0,0.003600817319853107,0.7504944987887667,0.47979263347892825
v_stranger,训练点,0.0,0.003600812564410071,0.7504944987887667,0.47979199983763654
v_stranger,训练点,0.0,0.003600812564410071,0.7504944987887667,0.47979199983763654
v_stranger,设计盒中心,1.170913662869759,0.7504988178936611,0.7504944987887667,100.00057550120638
v_stranger,候选1,2.166285790251141,0.7504988178936611,0.7504944987887667,100.00057550120638
v_stranger,候选2,2.162756654657716,0.7504988178936611,0.7504944987887667,100.00057550120638
v_stranger,候选3,2.1624355385484546,0.7504988178936611,0.7504944987887667,100.00057550120638
v_stranger,候选4,2.165323869165383,0.7504988178936611,0.7504944987887667,100.00057550120638
v_stranger,候选5,2.1160142597029523,0.7504988178936611,0.7504944987887667,100.00057550120638
v_stranger,候选6,2.171408839271461,0.7504988178936611,0.7504944987887667,100.00057550120638
v_stranger,候选7,2.1124011383940444,0.7504988178936611,0.7504944987887667,100.00057550120638
v_stranger,候选8,2.1000746092743676,0.7504988178936611,0.7504944987887667,100.00057550120638
v_stranger,候选9,2.1120723663263927,0.7504988178936611,0.7504944987887667,100.00057550120638
v_stranger,候选10,2.096434016786865,0.7504988178936611,0.7504944987887667,100.00057550120638
v_stranger,候选11,2.1806636891194415,0.7504988178936611,0.7504944987887667,100.00057550120638
v_stranger,候选12,2.1150294751136607,0.7504988178936611,0.7504944987887667,100.00057550120638
v_stranger,候选13,2.0961027402902324,0.7504988178936611,0.7504944987887667,100.00057550120638
v_stranger,候选14,2.067879942931249,0.7504988178936611,0.7504944987887667,100.00057550120638
v_stranger,候选15,2.1930482875921085,0.7504988178936611,0.7504944987887667,100.00057550120638
v_stranger,候选16,2.121258722902149,0.7504988178936611,0.7504944987887667,100.00057550120638
v_stranger,候选17,2.09908234661059,0.7504988178936611,0.7504944987887667,100.00057550120638
v_stranger,候选18,2.064182569590095,0.7504988178936611,0.7504944987887667,100.00057550120638
v_stranger,候选19,2.0481786022564314,0.7504988178936611,0.7504944987887667,100.00057550120638
v_stranger,候选20,2.063846116286454,0.7504988178936611,0.7504944987887667,100.00057550120638
a,训练点,0.0,0.0008416474980287108,0.17907373878072164,0.4700005169710117
a,训练点,0.0,0.0008416474980263748,0.17907373878072164,0.47000051696970724
a,训练点,0.0,0.0008416483294857978,0.17907373878072164,0.4700009812809059
a,训练点,0.0,0.0008416483294857978,0.17907373878072164,0.4700009812809059
a,训练点,0.0,0.0008416474980333829,0.17907373878072164,0.4700005169736208
a,训练点,0.0,0.0008416474980310468,0.17907373878072164,0.4700005169723162
a,设计盒中心,1.170913662869759,0.1790747277173596,0.17907373878072164,100.0005522510697
a,候选1,2.166285790251141,0.1790747277173596,0.17907373878072164,100.0005522510697
a,候选2,2.162756654657716,0.1790747277173596,0.17907373878072164,100.0005522510697
a,候选3,2.1624355385484546,0.1790747277173596,0.17907373878072164,100.0005522510697
a,候选4,2.165323869165383,0.1790747277173596,0.17907373878072164,100.0005522510697
a,候选5,2.1160142597029523,0.1790747277173596,0.17907373878072164,100.0005522510697
a,候选6,2.171408839271461,0.1790747277173596,0.17907373878072164,100.0005522510697
a,候选7,2.1124011383940444,0.1790747277173596,0.17907373878072164,100.0005522510697
a,候选8,2.1000746092743676,0.1790747277173596,0.17907373878072164,100.0005522510697
a,候选9,2.1120723663263927,0.1790747277173596,0.17907373878072164,100.0005522510697
a,候选10,2.096434016786865,0.1790747277173596,0.17907373878072164,100.0005522510697
a,候选11,2.1806636891194415,0.1790747277173596,0.17907373878072164,100.0005522510697
a,候选12,2.1150294751136607,0.1790747277173596,0.17907373878072164,100.0005522510697
a,候选13,2.0961027402902324,0.1790747277173596,0.17907373878072164,100.0005522510697
a,候选14,2.067879942931249,0.1790747277173596,0.17907373878072164,100.0005522510697
a,候选15,2.1930482875921085,0.1790747277173596,0.17907373878072164,100.0005522510697
a,候选16,2.121258722902149,0.1790747277173596,0.17907373878072164,100.0005522510697
a,候选17,2.09908234661059,0.1790747277173596,0.17907373878072164,100.0005522510697
a,候选18,2.064182569590095,0.1790747277173596,0.17907373878072164,100.0005522510697
a,候选19,2.0481786022564314,0.1790747277173596,0.17907373878072164,100.0005522510697
a,候选20,2.063846116286454,0.1790747277173596,0.17907373878072164,100.0005522510697
