subj_idx,identity,condition,cell,deadline,T_ms,W_ms,P
0,0,1,1,0.63,30,600,120
0,0,1,1,0.63,30,600,120
0,0,0,0,0.63,30,600,120
0,0,0,0,0.63,30,600,120
0,1,1,3,0.63,30,600,120
0,0,1,1,0.63,30,600,120
0,1,0,2,0.63,30,600,120
0,1,1,3,0.63,30,600,120
0,1,1,3,0.63,30,600,120
0,0,1,1,0.63,30,600,120
0,1,0,2,0.63,30,600,120
0,0,0,0,0.63,30,600,120
0,0,0,0,0.63,30,600,120
0,1,0,2,0.63,30,600,120
0,0,1,1,0.63,30,600,120
0,1,0,2,0.63,30,600,120
0,1,1,3,0.63,30,600,120
0,1,1,3,0.63,30,600,120
0,1,0,2,0.63,30,600,120
0,0,0,0,0.63,30,600,120
0,1,0,2,0.63,30,600,120
0,1,1,3,0.63,30,600,120
0,0,0,0,0.63,30,600,120
0,1,0,2,0.63,30,600,120
0,0,1,1,0.63,30,600,120
0,1,1,3,0.63,30,600,120
0,0,0,0,0.63,30,600,120
0,1,1,3,0.63,30,600,120
0,0,0,0,0.63,30,600,120
0,1,0,2,0.63,30,600,120
0,1,1,3,0.63,30,600,120
0,0,1,1,0.63,30,600,120
0,0,1,1,0.63,30,600,120
0,1,1,3,0.63,30,600,120
0,1,0,2,0.63,30,600,120
0,0,0,0,0.63,30,600,120
0,0,1,1,0.63,30,600,120
0,1,0,2,0.63,30,600,120
0,1,0,2,0.63,30,600,120
0,1,0,2,0.63,30,600,120
0,0,1,1,0.63,30,600,120
0,1,0,2,0.63,30,600,120
0,0,1,1,0.63,30,600,120
0,1,1,3,0.63,30,600,120
0,0,0,0,0.63,30,600,120
0,1,0,2,0.63,30,600,120
0,1,1,3,0.63,30,600,120
0,1,0,2,0.63,30,600,120
0,0,1,1,0.63,30,600,120
0,0,0,0,0.63,30,600,120
0,1,0,2,0.63,30,600,120
0,0,0,0,0.63,30,600,120
0,0,1,1,0.63,30,600,120
0,0,0,0,0.63,30,600,120
0,1,0,2,0.63,30,600,120
0,0,1,1,0.63,30,600,120
0,0,1,1,0.63,30,600,120
0,0,0,0,0.63,30,600,120
0,0,1,1,0.63,30,600,120
0,0,0,0,0.63,30,600,120
0,1,1,3,0.63,30,600,120
0,1,1,3,0.63,30,600,120
0,1,0,2,0.63,30,600,120
0,0,0,0,0.63,30,600,120
0,1,1,3,0.63,30,600,120
0,0,1,1,0.63,30,600,120
0,1,0,2,0.63,30,600,120
0,0,1,1,0.63,30,600,120
0,1,1,3,0.63,30,600,120
0,0,0,0,0.63,30,600,120
0,1,1,3,0.63,30,600,120
0,0,0,0,0.63,30,600,120
0,0,1,1,0.63,30,600,120
0,1,0,2,0.63,30,600,120
0,0,1,1,0.63,30,600,120
0,0,1,1,0.63,30,600,120
0,0,0,0,0.63,30,600,120
0,1,1,3,0.63,30,600,120
0,1,0,2,0.63,30,600,120
0,0,0,0,0.63,30,600,120
0,1,0,2,0.63,30,600,120
0,0,1,1,0.63,30,600,120
0,1,0,2,0.63,30,600,120
0,0,0,0,0.63,30,600,120
0,0,1,1,0.63,30,600,120
0,1,0,2,0.63,30,600,120
0,0,0,0,0.63,30,600,120
0,1,0,2,0.63,30,600,120
0,0,1,1,0.63,30,600,120
0,1,1,3,0.63,30,600,120
0,0,1,1,0.63,30,600,120
0,1,0,2,0.63,30,600,120
0,0,0,0,0.63,30,600,120
0,0,1,1,0.63,30,600,120
0,1,0,2,0.63,30,600,120
0,0,0,0,0.63,30,600,120
0,1,0,2,0.63,30,600,120
0,0,0,0,0.63,30,600,120
0,0,0,0,0.63,30,600,120
0,0,1,1,0.63,30,600,120
0,0,0,0,0.63,30,600,120
0,0,1,1,0.63,30,600,120
0,0,0,0,0.63,30,600,120
0,1,0,2,0.63,30,600,120
0,1,0,2,0.63,30,600,120
0,0,1,1,0.63,30,600,120
0,1,0,2,0.63,30,600,120
0,0,1,1,0.63,30,600,120
0,1,1,3,0.63,30,600,120
0,0,0,0,0.63,30,600,120
0,0,0,0,0.63,30,600,120
0,1,1,3,0.63,30,600,120
0,0,1,1,0.63,30,600,120
0,1,0,2,0.63,30,600,120
0,1,0,2,0.63,30,600,120
0,0,0,0,0.63,30,600,120
0,1,1,3,0.63,30,600,120
0,0,1,1,0.63,30,600,120
0,1,1,3,0.63,30,600,120
0,0,0,0,0.63,30,600,120
0,1,0,2,0.63,30,600,120
0,0,0,0,0.63,30,600,120
0,1,0,2,0.63,30,600,120
0,1,1,3,0.63,30,600,120
0,0,1,1,0.63,30,600,120
0,1,1,3,0.63,30,600,120
0,0,1,1,0.63,30,600,120
0,0,0,0,0.63,30,600,120
0,0,1,1,0.63,30,600,120
0,1,0,2,0.63,30,600,120
0,1,1,3,0.63,30,600,120
0,0,1,1,0.63,30,600,120
0,1,0,2,0.63,30,600,120
0,1,1,3,0.63,30,600,120
0,0,1,1,0.63,30,600,120
0,0,0,0,0.63,30,600,120
0,1,0,2,0.63,30,600,120
0,1,1,3,0.63,30,600,120
0,0,1,1,0.63,30,600,120
0,0,0,0,0.63,30,600,120
0,1,1,3,0.63,30,600,120
0,0,1,1,0.63,30,600,120
0,1,0,2,0.63,30,600,120
0,0,0,0,0.63,30,600,120
0,1,1,3,0.63,30,600,120
0,0,1,1,0.63,30,600,120
0,0,1,1,0.63,30,600,120
0,1,1,3,0.63,30,600,120
0,0,0,0,0.63,30,600,120
0,1,0,2,0.63,30,600,120
0,1,1,3,0.63,30,600,120
0,1,0,2,0.63,30,600,120
0,1,1,3,0.63,30,600,120
0,0,0,0,0.63,30,600,120
0,1,0,2,0.63,30,600,120
0,0,1,1,0.63,30,600,120
0,1,0,2,0.63,30,600,120
0,0,0,0,0.63,30,600,120
0,1,0,2,0.63,30,600,120
0,1,1,3,0.63,30,600,120
0,0,0,0,0.63,30,600,120
0,1,0,2,0.63,30,600,120
0,0,0,0,0.63,30,600,120
0,1,0,2,0.63,30,600,120
0,0,0,0,0.63,30,600,120
0,1,0,2,0.63,30,600,120
0,1,1,3,0.63,30,600,120
0,1,0,2,0.63,30,600,120
0,0,0,0,0.63,30,600,120
0,0,1,1,0.63,30,600,120
0,1,1,3,0.63,30,600,120
0,0,1,1,0.63,30,600,120
0,1,1,3,0.63,30,600,120
0,1,0,2,0.63,30,600,120
0,1,0,2,0.63,30,600,120
0,0,0,0,0.63,30,600,120
0,1,1,3,0.63,30,600,120
0,1,0,2,0.63,30,600,120
0,0,0,0,0.63,30,600,120
0,0,1,1,0.63,30,600,120
0,1,1,3,0.63,30,600,120
0,1,0,2,0.63,30,600,120
0,1,1,3,0.63,30,600,120
0,1,0,2,0.63,30,600,120
0,1,1,3,0.63,30,600,120
0,0,0,0,0.63,30,600,120
0,1,0,2,0.63,30,600,120
0,1,0,2,0.63,30,600,120
0,0,0,0,0.63,30,600,120
0,0,1,1,0.63,30,600,120
0,1,1,3,0.63,30,600,120
0,0,1,1,0.63,30,600,120
0,1,1,3,0.63,30,600,120
0,0,1,1,0.63,30,600,120
0,1,1,3,0.63,30,600,120
0,0,0,0,0.63,30,600,120
0,1,0,2,0.63,30,600,120
0,0,1,1,0.63,30,600,120
0,1,0,2,0.63,30,600,120
0,1,0,2,0.63,30,600,120
0,0,1,1,0.63,30,600,120
0,1,0,2,0.63,30,600,120
0,0,1,1,0.63,30,600,120
0,1,0,2,0.63,30,600,120
0,1,1,3,0.63,30,600,120
0,0,1,1,0.63,30,600,120
8,1,0,2,0.63,30,600,120
8,1,1,3,0.63,30,600,120
8,0,0,0,0.63,30,600,120
8,1,1,3,0.63,30,600,120
8,0,1,1,0.63,30,600,120
8,1,0,2,0.63,30,600,120
8,1,0,2,0.63,30,600,120
8,0,0,0,0.63,30,600,120
8,0,1,1,0.63,30,600,120
8,1,0,2,0.63,30,600,120
8,1,1,3,0.63,30,600,120
8,1,0,2,0.63,30,600,120
8,0,0,0,0.63,30,600,120
8,0,1,1,0.63,30,600,120
8,1,0,2,0.63,30,600,120
8,0,0,0,0.63,30,600,120
8,1,0,2,0.63,30,600,120
8,0,1,1,0.63,30,600,120
8,1,1,3,0.63,30,600,120
8,1,1,3,0.63,30,600,120
8,1,0,2,0.63,30,600,120
8,0,0,0,0.63,30,600,120
8,1,1,3,0.63,30,600,120
8,0,0,0,0.63,30,600,120
8,0,1,1,0.63,30,600,120
8,0,1,1,0.63,30,600,120
8,0,0,0,0.63,30,600,120
8,0,1,1,0.63,30,600,120
8,0,0,0,0.63,30,600,120
8,1,0,2,0.63,30,600,120
8,0,1,1,0.63,30,600,120
8,1,1,3,0.63,30,600,120
8,0,0,0,0.63,30,600,120
8,1,0,2,0.63,30,600,120
8,1,1,3,0.63,30,600,120
8,0,0,0,0.63,30,600,120
8,1,1,3,0.63,30,600,120
8,0,1,1,0.63,30,600,120
8,1,0,2,0.63,30,600,120
8,0,0,0,0.63,30,600,120
8,1,1,3,0.63,30,600,120
8,0,1,1,0.63,30,600,120
8,0,0,0,0.63,30,600,120
8,1,1,3,0.63,30,600,120
8,0,1,1,0.63,30,600,120
8,1,1,3,0.63,30,600,120
8,0,1,1,0.63,30,600,120
8,0,0,0,0.63,30,600,120
8,1,1,3,0.63,30,600,120
8,0,1,1,0.63,30,600,120
8,1,0,2,0.63,30,600,120
8,0,1,1,0.63,30,600,120
8,1,0,2,0.63,30,600,120
8,1,0,2,0.63,30,600,120
8,0,1,1,0.63,30,600,120
8,1,1,3,0.63,30,600,120
8,1,1,3,0.63,30,600,120
8,0,0,0,0.63,30,600,120
8,1,0,2,0.63,30,600,120
8,1,0,2,0.63,30,600,120
8,1,0,2,0.63,30,600,120
8,0,1,1,0.63,30,600,120
8,0,0,0,0.63,30,600,120
8,1,0,2,0.63,30,600,120
8,0,1,1,0.63,30,600,120
8,0,0,0,0.63,30,600,120
8,0,1,1,0.63,30,600,120
8,0,0,0,0.63,30,600,120
8,1,0,2,0.63,30,600,120
8,1,1,3,0.63,30,600,120
8,0,1,1,0.63,30,600,120
8,1,0,2,0.63,30,600,120
8,0,1,1,0.63,30,600,120
8,1,0,2,0.63,30,600,120
8,0,0,0,0.63,30,600,120
8,1,0,2,0.63,30,600,120
8,0,1,1,0.63,30,600,120
8,1,1,3,0.63,30,600,120
8,0,0,0,0.63,30,600,120
8,1,1,3,0.63,30,600,120
8,1,0,2,0.63,30,600,120
8,0,1,1,0.63,30,600,120
8,1,1,3,0.63,30,600,120
8,0,0,0,0.63,30,600,120
8,1,0,2,0.63,30,600,120
8,0,0,0,0.63,30,600,120
8,1,0,2,0.63,30,600,120
8,1,1,3,0.63,30,600,120
8,0,1,1,0.63,30,600,120
8,1,1,3,0.63,30,600,120
8,0,0,0,0.63,30,600,120
8,1,0,2,0.63,30,600,120
8,1,0,2,0.63,30,600,120
8,1,0,2,0.63,30,600,120
8,0,1,1,0.63,30,600,120
8,1,1,3,0.63,30,600,120
8,0,1,1,0.63,30,600,120
8,1,0,2,0.63,30,600,120
8,1,1,3,0.63,30,600,120
8,0,1,1,0.63,30,600,120
8,1,1,3,0.63,30,600,120
8,1,0,2,0.63,30,600,120
8,0,0,0,0.63,30,600,120
8,0,0,0,0.63,30,600,120
8,0,1,1,0.63,30,600,120
8,0,0,0,0.63,30,600,120
8,1,0,2,0.63,30,600,120
8,0,1,1,0.63,30,600,120
8,0,1,1,0.63,30,600,120
8,0,0,0,0.63,30,600,120
8,1,0,2,0.63,30,600,120
8,0,0,0,0.63,30,600,120
8,0,1,1,0.63,30,600,120
8,1,1,3,0.63,30,600,120
8,1,1,3,0.63,30,600,120
8,0,1,1,0.63,30,600,120
8,1,1,3,0.63,30,600,120
8,1,0,2,0.63,30,600,120
8,0,0,0,0.63,30,600,120
8,1,0,2,0.63,30,600,120
8,0,1,1,0.63,30,600,120
8,1,1,3,0.63,30,600,120
8,1,1,3,0.63,30,600,120
8,1,0,2,0.63,30,600,120
8,0,1,1,0.63,30,600,120
8,1,1,3,0.63,30,600,120
8,1,0,2,0.63,30,600,120
8,0,0,0,0.63,30,600,120
8,1,1,3,0.63,30,600,120
8,0,1,1,0.63,30,600,120
8,0,0,0,0.63,30,600,120
8,0,1,1,0.63,30,600,120
8,0,0,0,0.63,30,600,120
8,1,0,2,0.63,30,600,120
8,1,0,2,0.63,30,600,120
8,1,0,2,0.63,30,600,120
8,0,1,1,0.63,30,600,120
8,1,1,3,0.63,30,600,120
8,0,0,0,0.63,30,600,120
8,0,1,1,0.63,30,600,120
8,1,1,3,0.63,30,600,120
8,1,0,2,0.63,30,600,120
8,0,1,1,0.63,30,600,120
8,1,1,3,0.63,30,600,120
8,0,0,0,0.63,30,600,120
8,1,0,2,0.63,30,600,120
8,1,1,3,0.63,30,600,120
8,1,0,2,0.63,30,600,120
8,0,0,0,0.63,30,600,120
8,1,0,2,0.63,30,600,120
8,1,1,3,0.63,30,600,120
8,1,0,2,0.63,30,600,120
8,0,1,1,0.63,30,600,120
8,0,0,0,0.63,30,600,120
8,1,1,3,0.63,30,600,120
8,1,1,3,0.63,30,600,120
8,0,1,1,0.63,30,600,120
8,1,0,2,0.63,30,600,120
8,0,1,1,0.63,30,600,120
8,0,1,1,0.63,30,600,120
8,0,0,0,0.63,30,600,120
8,1,1,3,0.63,30,600,120
8,1,0,2,0.63,30,600,120
8,1,1,3,0.63,30,600,120
8,1,0,2,0.63,30,600,120
8,1,1,3,0.63,30,600,120
8,1,1,3,0.63,30,600,120
8,1,0,2,0.63,30,600,120
8,0,1,1,0.63,30,600,120
8,1,1,3,0.63,30,600,120
8,0,1,1,0.63,30,600,120
8,1,0,2,0.63,30,600,120
8,1,1,3,0.63,30,600,120
8,1,0,2,0.63,30,600,120
8,0,1,1,0.63,30,600,120
8,1,1,3,0.63,30,600,120
8,0,0,0,0.63,30,600,120
8,1,1,3,0.63,30,600,120
8,1,1,3,0.63,30,600,120
8,0,0,0,0.63,30,600,120
8,1,0,2,0.63,30,600,120
8,0,0,0,0.63,30,600,120
9,0,1,1,0.63,30,600,120
9,0,0,0,0.63,30,600,120
9,1,1,3,0.63,30,600,120
9,1,0,2,0.63,30,600,120
9,0,0,0,0.63,30,600,120
9,1,1,3,0.63,30,600,120
9,0,1,1,0.63,30,600,120
9,0,0,0,0.63,30,600,120
9,1,1,3,0.63,30,600,120
9,0,1,1,0.63,30,600,120
9,0,1,1,0.63,30,600,120
9,0,0,0,0.63,30,600,120
9,1,0,2,0.63,30,600,120
9,1,0,2,0.63,30,600,120
9,0,0,0,0.63,30,600,120
9,0,1,1,0.63,30,600,120
9,1,0,2,0.63,30,600,120
9,0,1,1,0.63,30,600,120
9,0,0,0,0.63,30,600,120
9,1,0,2,0.63,30,600,120
9,0,0,0,0.63,30,600,120
9,1,0,2,0.63,30,600,120
9,0,0,0,0.63,30,600,120
9,0,1,1,0.63,30,600,120
9,0,1,1,0.63,30,600,120
9,1,0,2,0.63,30,600,120
9,1,1,3,0.63,30,600,120
9,0,0,0,0.63,30,600,120
9,1,0,2,0.63,30,600,120
9,1,1,3,0.63,30,600,120
9,0,0,0,0.63,30,600,120
9,1,0,2,0.63,30,600,120
9,0,0,0,0.63,30,600,120
9,1,0,2,0.63,30,600,120
9,1,1,3,0.63,30,600,120
9,0,1,1,0.63,30,600,120
9,0,0,0,0.63,30,600,120
9,1,0,2,0.63,30,600,120
9,0,0,0,0.63,30,600,120
9,1,0,2,0.63,30,600,120
9,0,0,0,0.63,30,600,120
9,0,0,0,0.63,30,600,120
9,1,0,2,0.63,30,600,120
9,0,1,1,0.63,30,600,120
9,1,0,2,0.63,30,600,120
9,0,1,1,0.63,30,600,120
9,1,0,2,0.63,30,600,120
9,0,0,0,0.63,30,600,120
9,0,0,0,0.63,30,600,120
9,1,1,3,0.63,30,600,120
9,1,1,3,0.63,30,600,120
9,0,1,1,0.63,30,600,120
9,1,0,2,0.63,30,600,120
9,1,0,2,0.63,30,600,120
9,0,1,1,0.63,30,600,120
9,1,0,2,0.63,30,600,120
9,1,1,3,0.63,30,600,120
9,0,0,0,0.63,30,600,120
9,1,0,2,0.63,30,600,120
9,0,0,0,0.63,30,600,120
9,1,1,3,0.63,30,600,120
9,0,0,0,0.63,30,600,120
9,1,0,2,0.63,30,600,120
9,1,1,3,0.63,30,600,120
9,0,1,1,0.63,30,600,120
9,1,0,2,0.63,30,600,120
9,1,0,2,0.63,30,600,120
9,0,1,1,0.63,30,600,120
9,0,0,0,0.63,30,600,120
9,1,0,2,0.63,30,600,120
9,0,0,0,0.63,30,600,120
9,0,1,1,0.63,30,600,120
9,1,1,3,0.63,30,600,120
9,1,1,3,0.63,30,600,120
9,1,0,2,0.63,30,600,120
9,0,1,1,0.63,30,600,120
9,1,1,3,0.63,30,600,120
9,1,1,3,0.63,30,600,120
9,0,1,1,0.63,30,600,120
9,1,1,3,0.63,30,600,120
9,0,0,0,0.63,30,600,120
9,1,1,3,0.63,30,600,120
9,1,1,3,0.63,30,600,120
9,0,0,0,0.63,30,600,120
9,1,0,2,0.63,30,600,120
9,0,1,1,0.63,30,600,120
9,0,0,0,0.63,30,600,120
9,1,0,2,0.63,30,600,120
9,1,1,3,0.63,30,600,120
9,0,1,1,0.63,30,600,120
9,1,1,3,0.63,30,600,120
9,0,1,1,0.63,30,600,120
9,1,0,2,0.63,30,600,120
9,0,1,1,0.63,30,600,120
9,1,1,3,0.63,30,600,120
9,0,0,0,0.63,30,600,120
9,0,1,1,0.63,30,600,120
9,1,0,2,0.63,30,600,120
9,0,0,0,0.63,30,600,120
9,0,1,1,0.63,30,600,120
9,0,0,0,0.63,30,600,120
9,0,1,1,0.63,30,600,120
9,1,1,3,0.63,30,600,120
9,1,0,2,0.63,30,600,120
9,1,1,3,0.63,30,600,120
9,1,1,3,0.63,30,600,120
9,1,0,2,0.63,30,600,120
9,0,1,1,0.63,30,600,120
9,1,0,2,0.63,30,600,120
9,0,0,0,0.63,30,600,120
9,1,0,2,0.63,30,600,120
9,0,1,1,0.63,30,600,120
9,1,1,3,0.63,30,600,120
9,1,0,2,0.63,30,600,120
9,1,1,3,0.63,30,600,120
9,1,1,3,0.63,30,600,120
9,0,1,1,0.63,30,600,120
9,1,0,2,0.63,30,600,120
9,1,0,2,0.63,30,600,120
9,1,1,3,0.63,30,600,120
9,0,1,1,0.63,30,600,120
9,1,0,2,0.63,30,600,120
9,1,1,3,0.63,30,600,120
9,1,0,2,0.63,30,600,120
9,0,1,1,0.63,30,600,120
9,0,0,0,0.63,30,600,120
9,1,0,2,0.63,30,600,120
9,1,0,2,0.63,30,600,120
9,0,0,0,0.63,30,600,120
9,1,1,3,0.63,30,600,120
9,1,0,2,0.63,30,600,120
9,0,0,0,0.63,30,600,120
9,0,1,1,0.63,30,600,120
9,1,0,2,0.63,30,600,120
9,1,1,3,0.63,30,600,120
9,0,0,0,0.63,30,600,120
9,0,1,1,0.63,30,600,120
9,1,1,3,0.63,30,600,120
9,1,0,2,0.63,30,600,120
9,0,0,0,0.63,30,600,120
9,0,1,1,0.63,30,600,120
9,1,1,3,0.63,30,600,120
1,0,1,1,0.63,30,600,120
1,0,0,0,0.63,30,600,120
1,0,1,1,0.63,30,600,120
1,1,1,3,0.63,30,600,120
1,0,1,1,0.63,30,600,120
1,0,0,0,0.63,30,600,120
1,1,0,2,0.63,30,600,120
1,1,1,3,0.63,30,600,120
1,0,0,0,0.63,30,600,120
1,0,1,1,0.63,30,600,120
1,1,0,2,0.63,30,600,120
1,1,1,3,0.63,30,600,120
1,1,0,2,0.63,30,600,120
1,0,0,0,0.63,30,600,120
1,0,0,0,0.63,30,600,120
1,0,1,1,0.63,30,600,120
1,1,0,2,0.63,30,600,120
1,0,0,0,0.63,30,600,120
1,0,1,1,0.63,30,600,120
1,1,1,3,0.63,30,600,120
1,1,1,3,0.63,30,600,120
1,1,0,2,0.63,30,600,120
1,0,0,0,0.63,30,600,120
1,1,0,2,0.63,30,600,120
1,0,0,0,0.63,30,600,120
1,1,1,3,0.63,30,600,120
1,0,0,0,0.63,30,600,120
1,1,0,2,0.63,30,600,120
1,0,0,0,0.63,30,600,120
1,1,0,2,0.63,30,600,120
1,0,1,1,0.63,30,600,120
1,1,1,3,0.63,30,600,120
1,0,0,0,0.63,30,600,120
1,1,1,3,0.63,30,600,120
1,0,1,1,0.63,30,600,120
1,1,0,2,0.63,30,600,120
1,0,0,0,0.63,30,600,120
1,1,1,3,0.63,30,600,120
1,0,1,1,0.63,30,600,120
1,0,1,1,0.63,30,600,120
1,1,0,2,0.63,30,600,120
1,0,1,1,0.63,30,600,120
1,1,0,2,0.63,30,600,120
1,1,0,2,0.63,30,600,120
1,1,1,3,0.63,30,600,120
1,1,1,3,0.63,30,600,120
1,0,0,0,0.63,30,600,120
1,1,1,3,0.63,30,600,120
1,1,0,2,0.63,30,600,120
1,1,1,3,0.63,30,600,120
1,0,0,0,0.63,30,600,120
1,1,0,2,0.63,30,600,120
1,0,0,0,0.63,30,600,120
1,0,1,1,0.63,30,600,120
1,1,1,3,0.63,30,600,120
1,0,0,0,0.63,30,600,120
1,0,0,0,0.63,30,600,120
1,0,0,0,0.63,30,600,120
1,0,1,1,0.63,30,600,120
1,1,1,3,0.63,30,600,120
1,1,0,2,0.63,30,600,120
1,0,0,0,0.63,30,600,120
1,1,1,3,0.63,30,600,120
1,1,0,2,0.63,30,600,120
1,0,1,1,0.63,30,600,120
1,1,0,2,0.63,30,600,120
1,1,0,2,0.63,30,600,120
1,0,1,1,0.63,30,600,120
1,1,0,2,0.63,30,600,120
1,0,0,0,0.63,30,600,120
1,1,0,2,0.63,30,600,120
1,0,1,1,0.63,30,600,120
1,1,1,3,0.63,30,600,120
1,0,1,1,0.63,30,600,120
1,0,1,1,0.63,30,600,120
1,1,1,3,0.63,30,600,120
1,0,0,0,0.63,30,600,120
1,1,0,2,0.63,30,600,120
1,0,1,1,0.63,30,600,120
1,1,1,3,0.63,30,600,120
1,0,0,0,0.63,30,600,120
1,0,0,0,0.63,30,600,120
1,1,0,2,0.63,30,600,120
1,0,0,0,0.63,30,600,120
1,0,1,1,0.63,30,600,120
1,1,1,3,0.63,30,600,120
1,0,1,1,0.63,30,600,120
1,0,0,0,0.63,30,600,120
1,1,1,3,0.63,30,600,120
1,0,0,0,0.63,30,600,120
1,0,1,1,0.63,30,600,120
1,0,0,0,0.63,30,600,120
1,1,0,2,0.63,30,600,120
1,1,1,3,0.63,30,600,120
1,0,1,1,0.63,30,600,120
1,0,0,0,0.63,30,600,120
1,0,0,0,0.63,30,600,120
1,1,0,2,0.63,30,600,120
1,0,1,1,0.63,30,600,120
1,0,0,0,0.63,30,600,120
1,1,0,2,0.63,30,600,120
1,0,1,1,0.63,30,600,120
1,0,1,1,0.63,30,600,120
1,0,0,0,0.63,30,600,120
1,0,0,0,0.63,30,600,120
1,0,0,0,0.63,30,600,120
1,1,0,2,0.63,30,600,120
1,1,0,2,0.63,30,600,120
1,0,0,0,0.63,30,600,120
1,1,0,2,0.63,30,600,120
1,1,1,3,0.63,30,600,120
1,0,0,0,0.63,30,600,120
1,0,1,1,0.63,30,600,120
1,1,0,2,0.63,30,600,120
1,1,0,2,0.63,30,600,120
1,1,0,2,0.63,30,600,120
1,1,0,2,0.63,30,600,120
1,1,1,3,0.63,30,600,120
1,1,0,2,0.63,30,600,120
1,1,1,3,0.63,30,600,120
1,0,0,0,0.63,30,600,120
1,1,0,2,0.63,30,600,120
1,1,1,3,0.63,30,600,120
1,1,0,2,0.63,30,600,120
1,0,1,1,0.63,30,600,120
1,0,0,0,0.63,30,600,120
1,1,1,3,0.63,30,600,120
1,0,0,0,0.63,30,600,120
1,1,1,3,0.63,30,600,120
1,0,0,0,0.63,30,600,120
1,1,0,2,0.63,30,600,120
1,0,1,1,0.63,30,600,120
1,0,0,0,0.63,30,600,120
1,1,0,2,0.63,30,600,120
1,0,1,1,0.63,30,600,120
1,0,0,0,0.63,30,600,120
1,1,0,2,0.63,30,600,120
1,0,1,1,0.63,30,600,120
1,1,0,2,0.63,30,600,120
1,1,0,2,0.63,30,600,120
1,0,1,1,0.63,30,600,120
1,1,0,2,0.63,30,600,120
1,0,1,1,0.63,30,600,120
1,0,0,0,0.63,30,600,120
1,1,1,3,0.63,30,600,120
1,0,1,1,0.63,30,600,120
1,0,0,0,0.63,30,600,120
1,0,0,0,0.63,30,600,120
1,1,0,2,0.63,30,600,120
1,0,1,1,0.63,30,600,120
1,1,0,2,0.63,30,600,120
1,0,0,0,0.63,30,600,120
1,1,0,2,0.63,30,600,120
1,1,1,3,0.63,30,600,120
1,0,1,1,0.63,30,600,120
1,0,1,1,0.63,30,600,120
1,0,0,0,0.63,30,600,120
1,1,1,3,0.63,30,600,120
1,0,0,0,0.63,30,600,120
1,0,1,1,0.63,30,600,120
1,1,0,2,0.63,30,600,120
1,0,1,1,0.63,30,600,120
1,1,0,2,0.63,30,600,120
1,1,1,3,0.63,30,600,120
1,1,0,2,0.63,30,600,120
1,1,0,2,0.63,30,600,120
1,0,0,0,0.63,30,600,120
1,1,1,3,0.63,30,600,120
1,1,0,2,0.63,30,600,120
1,1,0,2,0.63,30,600,120
1,0,1,1,0.63,30,600,120
1,1,1,3,0.63,30,600,120
1,0,0,0,0.63,30,600,120
1,0,1,1,0.63,30,600,120
1,1,0,2,0.63,30,600,120
1,1,1,3,0.63,30,600,120
1,0,0,0,0.63,30,600,120
1,0,1,1,0.63,30,600,120
1,1,0,2,0.63,30,600,120
1,0,1,1,0.63,30,600,120
1,1,1,3,0.63,30,600,120
1,0,0,0,0.63,30,600,120
1,1,0,2,0.63,30,600,120
1,1,1,3,0.63,30,600,120
1,0,1,1,0.63,30,600,120
1,0,1,1,0.63,30,600,120
1,1,0,2,0.63,30,600,120
1,1,1,3,0.63,30,600,120
2,1,0,2,0.63,30,600,120
2,0,0,0,0.63,30,600,120
2,1,0,2,0.63,30,600,120
2,1,1,3,0.63,30,600,120
2,0,0,0,0.63,30,600,120
2,1,1,3,0.63,30,600,120
2,0,0,0,0.63,30,600,120
2,1,1,3,0.63,30,600,120
2,0,1,1,0.63,30,600,120
2,1,0,2,0.63,30,600,120
2,0,1,1,0.63,30,600,120
2,1,1,3,0.63,30,600,120
2,1,0,2,0.63,30,600,120
2,0,1,1,0.63,30,600,120
2,1,0,2,0.63,30,600,120
2,0,1,1,0.63,30,600,120
2,1,0,2,0.63,30,600,120
2,0,1,1,0.63,30,600,120
2,0,1,1,0.63,30,600,120
2,1,0,2,0.63,30,600,120
2,1,0,2,0.63,30,600,120
2,0,0,0,0.63,30,600,120
2,0,1,1,0.63,30,600,120
2,0,1,1,0.63,30,600,120
2,1,1,3,0.63,30,600,120
2,1,1,3,0.63,30,600,120
2,0,1,1,0.63,30,600,120
2,1,0,2,0.63,30,600,120
2,0,0,0,0.63,30,600,120
2,0,1,1,0.63,30,600,120
2,0,0,0,0.63,30,600,120
2,1,0,2,0.63,30,600,120
2,0,1,1,0.63,30,600,120
2,1,1,3,0.63,30,600,120
2,0,1,1,0.63,30,600,120
2,1,0,2,0.63,30,600,120
2,0,1,1,0.63,30,600,120
2,0,0,0,0.63,30,600,120
2,0,1,1,0.63,30,600,120
2,1,1,3,0.63,30,600,120
2,1,0,2,0.63,30,600,120
2,0,1,1,0.63,30,600,120
2,1,0,2,0.63,30,600,120
2,0,0,0,0.63,30,600,120
2,1,1,3,0.63,30,600,120
2,1,0,2,0.63,30,600,120
2,1,1,3,0.63,30,600,120
2,1,0,2,0.63,30,600,120
2,1,1,3,0.63,30,600,120
2,1,0,2,0.63,30,600,120
2,0,1,1,0.63,30,600,120
2,0,1,1,0.63,30,600,120
2,1,1,3,0.63,30,600,120
2,0,0,0,0.63,30,600,120
2,1,1,3,0.63,30,600,120
2,1,0,2,0.63,30,600,120
2,1,0,2,0.63,30,600,120
2,1,1,3,0.63,30,600,120
2,1,1,3,0.63,30,600,120
2,1,0,2,0.63,30,600,120
2,0,0,0,0.63,30,600,120
2,1,0,2,0.63,30,600,120
2,0,0,0,0.63,30,600,120
2,1,0,2,0.63,30,600,120
2,0,1,1,0.63,30,600,120
2,1,0,2,0.63,30,600,120
2,0,0,0,0.63,30,600,120
2,1,0,2,0.63,30,600,120
2,1,1,3,0.63,30,600,120
2,1,1,3,0.63,30,600,120
2,1,0,2,0.63,30,600,120
2,0,0,0,0.63,30,600,120
2,1,1,3,0.63,30,600,120
2,0,0,0,0.63,30,600,120
3,0,0,0,0.63,30,600,120
3,0,1,1,0.63,30,600,120
3,1,1,3,0.63,30,600,120
3,1,0,2,0.63,30,600,120
3,0,1,1,0.63,30,600,120
3,1,0,2,0.63,30,600,120
3,0,0,0,0.63,30,600,120
3,0,1,1,0.63,30,600,120
3,1,1,3,0.63,30,600,120
3,1,0,2,0.63,30,600,120
3,0,0,0,0.63,30,600,120
3,1,0,2,0.63,30,600,120
3,0,0,0,0.63,30,600,120
3,1,1,3,0.63,30,600,120
3,1,0,2,0.63,30,600,120
3,1,1,3,0.63,30,600,120
3,0,0,0,0.63,30,600,120
3,0,1,1,0.63,30,600,120
3,0,0,0,0.63,30,600,120
3,1,0,2,0.63,30,600,120
3,0,1,1,0.63,30,600,120
3,1,1,3,0.63,30,600,120
3,0,0,0,0.63,30,600,120
3,1,0,2,0.63,30,600,120
3,0,0,0,0.63,30,600,120
3,1,1,3,0.63,30,600,120
3,1,0,2,0.63,30,600,120
3,0,0,0,0.63,30,600,120
3,1,1,3,0.63,30,600,120
3,0,1,1,0.63,30,600,120
3,1,0,2,0.63,30,600,120
3,0,1,1,0.63,30,600,120
3,0,0,0,0.63,30,600,120
3,1,1,3,0.63,30,600,120
3,1,1,3,0.63,30,600,120
3,0,0,0,0.63,30,600,120
3,1,0,2,0.63,30,600,120
3,0,0,0,0.63,30,600,120
3,1,1,3,0.63,30,600,120
3,0,0,0,0.63,30,600,120
3,1,0,2,0.63,30,600,120
3,0,1,1,0.63,30,600,120
3,0,0,0,0.63,30,600,120
3,1,0,2,0.63,30,600,120
3,1,1,3,0.63,30,600,120
3,0,1,1,0.63,30,600,120
3,0,0,0,0.63,30,600,120
3,0,1,1,0.63,30,600,120
3,0,0,0,0.63,30,600,120
3,0,1,1,0.63,30,600,120
3,1,0,2,0.63,30,600,120
3,1,1,3,0.63,30,600,120
3,0,1,1,0.63,30,600,120
3,1,0,2,0.63,30,600,120
3,0,1,1,0.63,30,600,120
3,0,0,0,0.63,30,600,120
3,1,1,3,0.63,30,600,120
3,1,0,2,0.63,30,600,120
3,0,0,0,0.63,30,600,120
3,0,0,0,0.63,30,600,120
3,0,0,0,0.63,30,600,120
3,0,1,1,0.63,30,600,120
3,1,0,2,0.63,30,600,120
3,0,0,0,0.63,30,600,120
3,0,1,1,0.63,30,600,120
3,1,0,2,0.63,30,600,120
3,0,1,1,0.63,30,600,120
3,0,0,0,0.63,30,600,120
3,0,1,1,0.63,30,600,120
3,1,0,2,0.63,30,600,120
3,0,0,0,0.63,30,600,120
3,0,1,1,0.63,30,600,120
3,0,0,0,0.63,30,600,120
3,1,1,3,0.63,30,600,120
3,1,0,2,0.63,30,600,120
3,0,1,1,0.63,30,600,120
3,1,1,3,0.63,30,600,120
3,0,0,0,0.63,30,600,120
3,1,0,2,0.63,30,600,120
3,0,1,1,0.63,30,600,120
3,1,0,2,0.63,30,600,120
3,0,0,0,0.63,30,600,120
3,0,1,1,0.63,30,600,120
3,1,0,2,0.63,30,600,120
3,1,0,2,0.63,30,600,120
3,0,1,1,0.63,30,600,120
3,1,1,3,0.63,30,600,120
3,1,0,2,0.63,30,600,120
3,0,1,1,0.63,30,600,120
3,0,0,0,0.63,30,600,120
3,0,1,1,0.63,30,600,120
3,0,1,1,0.63,30,600,120
3,1,1,3,0.63,30,600,120
3,0,1,1,0.63,30,600,120
3,1,1,3,0.63,30,600,120
3,0,0,0,0.63,30,600,120
3,0,1,1,0.63,30,600,120
3,0,0,0,0.63,30,600,120
3,1,0,2,0.63,30,600,120
3,0,1,1,0.63,30,600,120
3,0,0,0,0.63,30,600,120
3,1,0,2,0.63,30,600,120
3,1,0,2,0.63,30,600,120
3,0,0,0,0.63,30,600,120
3,1,1,3,0.63,30,600,120
3,0,1,1,0.63,30,600,120
3,0,0,0,0.63,30,600,120
3,1,1,3,0.63,30,600,120
3,1,1,3,0.63,30,600,120
3,1,0,2,0.63,30,600,120
3,0,0,0,0.63,30,600,120
3,0,0,0,0.63,30,600,120
3,1,1,3,0.63,30,600,120
3,0,0,0,0.63,30,600,120
3,1,1,3,0.63,30,600,120
3,1,0,2,0.63,30,600,120
3,1,0,2,0.63,30,600,120
3,1,0,2,0.63,30,600,120
3,1,1,3,0.63,30,600,120
3,1,0,2,0.63,30,600,120
3,1,1,3,0.63,30,600,120
3,1,1,3,0.63,30,600,120
3,0,0,0,0.63,30,600,120
3,0,1,1,0.63,30,600,120
3,1,0,2,0.63,30,600,120
3,1,0,2,0.63,30,600,120
3,0,1,1,0.63,30,600,120
3,0,0,0,0.63,30,600,120
3,0,1,1,0.63,30,600,120
3,0,0,0,0.63,30,600,120
3,1,0,2,0.63,30,600,120
3,1,0,2,0.63,30,600,120
3,1,0,2,0.63,30,600,120
3,1,1,3,0.63,30,600,120
3,1,1,3,0.63,30,600,120
3,1,1,3,0.63,30,600,120
3,0,1,1,0.63,30,600,120
3,1,0,2,0.63,30,600,120
3,0,0,0,0.63,30,600,120
3,0,0,0,0.63,30,600,120
3,1,1,3,0.63,30,600,120
3,0,1,1,0.63,30,600,120
3,1,0,2,0.63,30,600,120
3,0,0,0,0.63,30,600,120
3,1,1,3,0.63,30,600,120
3,1,1,3,0.63,30,600,120
3,0,0,0,0.63,30,600,120
3,0,1,1,0.63,30,600,120
3,1,1,3,0.63,30,600,120
3,0,1,1,0.63,30,600,120
3,1,0,2,0.63,30,600,120
3,0,0,0,0.63,30,600,120
3,0,1,1,0.63,30,600,120
3,1,1,3,0.63,30,600,120
3,1,1,3,0.63,30,600,120
3,1,0,2,0.63,30,600,120
3,0,0,0,0.63,30,600,120
3,0,0,0,0.63,30,600,120
3,0,0,0,0.63,30,600,120
3,0,1,1,0.63,30,600,120
3,0,1,1,0.63,30,600,120
3,1,0,2,0.63,30,600,120
3,1,1,3,0.63,30,600,120
3,1,0,2,0.63,30,600,120
3,1,1,3,0.63,30,600,120
3,0,1,1,0.63,30,600,120
3,0,0,0,0.63,30,600,120
3,0,1,1,0.63,30,600,120
3,1,0,2,0.63,30,600,120
3,1,1,3,0.63,30,600,120
3,0,0,0,0.63,30,600,120
3,1,1,3,0.63,30,600,120
3,0,0,0,0.63,30,600,120
3,0,1,1,0.63,30,600,120
3,1,0,2,0.63,30,600,120
3,1,0,2,0.63,30,600,120
3,0,0,0,0.63,30,600,120
3,0,1,1,0.63,30,600,120
3,0,0,0,0.63,30,600,120
3,0,0,0,0.63,30,600,120
3,0,1,1,0.63,30,600,120
3,1,1,3,0.63,30,600,120
3,0,1,1,0.63,30,600,120
3,1,0,2,0.63,30,600,120
3,0,0,0,0.63,30,600,120
3,0,1,1,0.63,30,600,120
3,1,1,3,0.63,30,600,120
3,1,0,2,0.63,30,600,120
3,0,0,0,0.63,30,600,120
3,0,0,0,0.63,30,600,120
3,1,0,2,0.63,30,600,120
3,1,1,3,0.63,30,600,120
3,0,1,1,0.63,30,600,120
3,1,0,2,0.63,30,600,120
3,0,0,0,0.63,30,600,120
3,0,1,1,0.63,30,600,120
3,0,0,0,0.63,30,600,120
3,1,0,2,0.63,30,600,120
3,0,1,1,0.63,30,600,120
3,0,1,1,0.63,30,600,120
3,1,1,3,0.63,30,600,120
3,0,0,0,0.63,30,600,120
3,0,0,0,0.63,30,600,120
3,1,1,3,0.63,30,600,120
3,1,0,2,0.63,30,600,120
3,1,1,3,0.63,30,600,120
3,1,0,2,0.63,30,600,120
3,1,1,3,0.63,30,600,120
3,0,1,1,0.63,30,600,120
3,0,0,0,0.63,30,600,120
3,1,1,3,0.63,30,600,120
3,0,1,1,0.63,30,600,120
3,0,1,1,0.63,30,600,120
3,0,0,0,0.63,30,600,120
3,0,0,0,0.63,30,600,120
3,1,0,2,0.63,30,600,120
3,1,1,3,0.63,30,600,120
3,0,0,0,0.63,30,600,120
3,1,0,2,0.63,30,600,120
3,0,1,1,0.63,30,600,120
3,0,0,0,0.63,30,600,120
3,1,0,2,0.63,30,600,120
3,0,0,0,0.63,30,600,120
3,1,0,2,0.63,30,600,120
3,0,1,1,0.63,30,600,120
3,0,0,0,0.63,30,600,120
3,0,0,0,0.63,30,600,120
3,1,0,2,0.63,30,600,120
3,1,0,2,0.63,30,600,120
3,0,0,0,0.63,30,600,120
3,0,1,1,0.63,30,600,120
3,1,0,2,0.63,30,600,120
3,0,1,1,0.63,30,600,120
3,0,0,0,0.63,30,600,120
3,0,0,0,0.63,30,600,120
3,1,0,2,0.63,30,600,120
3,1,1,3,0.63,30,600,120
3,1,1,3,0.63,30,600,120
3,0,1,1,0.63,30,600,120
3,0,0,0,0.63,30,600,120
3,1,1,3,0.63,30,600,120
3,1,0,2,0.63,30,600,120
3,1,1,3,0.63,30,600,120
3,0,0,0,0.63,30,600,120
3,1,0,2,0.63,30,600,120
3,0,0,0,0.63,30,600,120
3,1,0,2,0.63,30,600,120
3,1,1,3,0.63,30,600,120
3,0,1,1,0.63,30,600,120
3,1,1,3,0.63,30,600,120
3,1,0,2,0.63,30,600,120
3,1,0,2,0.63,30,600,120
3,0,1,1,0.63,30,600,120
3,1,1,3,0.63,30,600,120
3,0,0,0,0.63,30,600,120
3,0,0,0,0.63,30,600,120
3,1,0,2,0.63,30,600,120
3,0,1,1,0.63,30,600,120
3,1,1,3,0.63,30,600,120
3,1,1,3,0.63,30,600,120
3,1,0,2,0.63,30,600,120
3,0,0,0,0.63,30,600,120
3,1,0,2,0.63,30,600,120
3,0,0,0,0.63,30,600,120
3,1,1,3,0.63,30,600,120
3,0,0,0,0.63,30,600,120
3,1,1,3,0.63,30,600,120
3,0,1,1,0.63,30,600,120
3,0,0,0,0.63,30,600,120
3,1,0,2,0.63,30,600,120
3,0,1,1,0.63,30,600,120
4,1,0,2,0.63,30,600,120
4,1,1,3,0.63,30,600,120
4,0,0,0,0.63,30,600,120
4,0,1,1,0.63,30,600,120
4,1,1,3,0.63,30,600,120
4,1,0,2,0.63,30,600,120
4,1,0,2,0.63,30,600,120
4,1,1,3,0.63,30,600,120
5,1,1,3,0.63,30,600,120
5,0,0,0,0.63,30,600,120
5,0,0,0,0.63,30,600,120
5,0,1,1,0.63,30,600,120
5,1,0,2,0.63,30,600,120
5,1,1,3,0.63,30,600,120
5,0,0,0,0.63,30,600,120
5,1,1,3,0.63,30,600,120
5,0,0,0,0.63,30,600,120
5,0,1,1,0.63,30,600,120
5,1,0,2,0.63,30,600,120
5,1,0,2,0.63,30,600,120
5,0,0,0,0.63,30,600,120
5,0,1,1,0.63,30,600,120
5,0,0,0,0.63,30,600,120
5,1,0,2,0.63,30,600,120
5,0,1,1,0.63,30,600,120
5,1,1,3,0.63,30,600,120
5,1,0,2,0.63,30,600,120
5,0,1,1,0.63,30,600,120
5,0,1,1,0.63,30,600,120
5,1,0,2,0.63,30,600,120
5,0,0,0,0.63,30,600,120
5,1,0,2,0.63,30,600,120
5,0,1,1,0.63,30,600,120
5,0,0,0,0.63,30,600,120
5,1,1,3,0.63,30,600,120
5,1,1,3,0.63,30,600,120
5,0,1,1,0.63,30,600,120
5,1,0,2,0.63,30,600,120
5,0,0,0,0.63,30,600,120
5,1,0,2,0.63,30,600,120
5,1,1,3,0.63,30,600,120
5,1,0,2,0.63,30,600,120
5,1,1,3,0.63,30,600,120
5,0,0,0,0.63,30,600,120
5,0,0,0,0.63,30,600,120
5,1,0,2,0.63,30,600,120
5,0,1,1,0.63,30,600,120
5,1,0,2,0.63,30,600,120
5,0,0,0,0.63,30,600,120
5,1,1,3,0.63,30,600,120
5,0,1,1,0.63,30,600,120
5,1,0,2,0.63,30,600,120
5,0,0,0,0.63,30,600,120
5,1,1,3,0.63,30,600,120
5,1,0,2,0.63,30,600,120
5,0,0,0,0.63,30,600,120
5,0,1,1,0.63,30,600,120
5,0,0,0,0.63,30,600,120
5,1,0,2,0.63,30,600,120
5,1,1,3,0.63,30,600,120
5,1,0,2,0.63,30,600,120
5,0,0,0,0.63,30,600,120
5,1,1,3,0.63,30,600,120
5,0,1,1,0.63,30,600,120
5,0,1,1,0.63,30,600,120
5,0,0,0,0.63,30,600,120
5,1,1,3,0.63,30,600,120
5,0,1,1,0.63,30,600,120
5,1,1,3,0.63,30,600,120
5,1,0,2,0.63,30,600,120
5,0,0,0,0.63,30,600,120
5,1,1,3,0.63,30,600,120
5,0,1,1,0.63,30,600,120
5,0,0,0,0.63,30,600,120
5,1,0,2,0.63,30,600,120
5,0,0,0,0.63,30,600,120
5,0,1,1,0.63,30,600,120
5,1,1,3,0.63,30,600,120
5,1,0,2,0.63,30,600,120
5,1,1,3,0.63,30,600,120
5,0,1,1,0.63,30,600,120
5,0,0,0,0.63,30,600,120
5,1,0,2,0.63,30,600,120
5,0,0,0,0.63,30,600,120
5,1,1,3,0.63,30,600,120
5,1,0,2,0.63,30,600,120
5,0,1,1,0.63,30,600,120
5,1,1,3,0.63,30,600,120
5,0,0,0,0.63,30,600,120
5,1,0,2,0.63,30,600,120
5,1,0,2,0.63,30,600,120
5,0,1,1,0.63,30,600,120
5,1,1,3,0.63,30,600,120
5,1,0,2,0.63,30,600,120
5,1,1,3,0.63,30,600,120
5,0,0,0,0.63,30,600,120
5,1,1,3,0.63,30,600,120
5,0,1,1,0.63,30,600,120
5,0,0,0,0.63,30,600,120
5,1,1,3,0.63,30,600,120
5,0,1,1,0.63,30,600,120
5,1,0,2,0.63,30,600,120
5,0,0,0,0.63,30,600,120
5,1,1,3,0.63,30,600,120
5,0,1,1,0.63,30,600,120
5,1,0,2,0.63,30,600,120
5,0,1,1,0.63,30,600,120
5,0,0,0,0.63,30,600,120
5,1,0,2,0.63,30,600,120
5,0,0,0,0.63,30,600,120
5,1,0,2,0.63,30,600,120
5,0,1,1,0.63,30,600,120
5,0,1,1,0.63,30,600,120
5,1,1,3,0.63,30,600,120
5,1,0,2,0.63,30,600,120
5,0,0,0,0.63,30,600,120
5,0,0,0,0.63,30,600,120
5,1,1,3,0.63,30,600,120
5,1,0,2,0.63,30,600,120
5,0,0,0,0.63,30,600,120
5,1,1,3,0.63,30,600,120
5,1,0,2,0.63,30,600,120
5,1,0,2,0.63,30,600,120
5,0,1,1,0.63,30,600,120
5,1,0,2,0.63,30,600,120
5,0,1,1,0.63,30,600,120
5,0,0,0,0.63,30,600,120
5,1,1,3,0.63,30,600,120
5,0,0,0,0.63,30,600,120
5,1,0,2,0.63,30,600,120
5,0,1,1,0.63,30,600,120
5,0,0,0,0.63,30,600,120
5,0,1,1,0.63,30,600,120
5,1,0,2,0.63,30,600,120
5,0,1,1,0.63,30,600,120
5,1,1,3,0.63,30,600,120
5,0,0,0,0.63,30,600,120
5,0,1,1,0.63,30,600,120
5,1,1,3,0.63,30,600,120
5,0,0,0,0.63,30,600,120
5,1,0,2,0.63,30,600,120
5,0,1,1,0.63,30,600,120
5,1,1,3,0.63,30,600,120
5,0,0,0,0.63,30,600,120
5,0,1,1,0.63,30,600,120
5,0,0,0,0.63,30,600,120
5,1,0,2,0.63,30,600,120
5,1,1,3,0.63,30,600,120
5,0,1,1,0.63,30,600,120
5,1,0,2,0.63,30,600,120
5,0,0,0,0.63,30,600,120
5,0,1,1,0.63,30,600,120
5,1,0,2,0.63,30,600,120
5,1,1,3,0.63,30,600,120
5,0,0,0,0.63,30,600,120
5,1,1,3,0.63,30,600,120
5,0,0,0,0.63,30,600,120
5,0,1,1,0.63,30,600,120
5,1,0,2,0.63,30,600,120
5,1,1,3,0.63,30,600,120
5,0,0,0,0.63,30,600,120
5,1,0,2,0.63,30,600,120
5,0,1,1,0.63,30,600,120
5,1,1,3,0.63,30,600,120
5,0,1,1,0.63,30,600,120
5,1,0,2,0.63,30,600,120
5,0,0,0,0.63,30,600,120
5,1,0,2,0.63,30,600,120
5,0,1,1,0.63,30,600,120
5,1,1,3,0.63,30,600,120
5,0,0,0,0.63,30,600,120
5,1,1,3,0.63,30,600,120
5,1,0,2,0.63,30,600,120
5,0,1,1,0.63,30,600,120
5,1,1,3,0.63,30,600,120
5,0,0,0,0.63,30,600,120
5,1,0,2,0.63,30,600,120
5,0,1,1,0.63,30,600,120
5,0,1,1,0.63,30,600,120
5,0,0,0,0.63,30,600,120
5,1,1,3,0.63,30,600,120
5,0,1,1,0.63,30,600,120
5,1,1,3,0.63,30,600,120
5,0,0,0,0.63,30,600,120
5,1,0,2,0.63,30,600,120
5,1,1,3,0.63,30,600,120
5,0,1,1,0.63,30,600,120
5,0,0,0,0.63,30,600,120
5,1,0,2,0.63,30,600,120
5,0,1,1,0.63,30,600,120
5,1,1,3,0.63,30,600,120
5,0,0,0,0.63,30,600,120
5,1,0,2,0.63,30,600,120
5,1,0,2,0.63,30,600,120
5,0,0,0,0.63,30,600,120
5,1,1,3,0.63,30,600,120
5,0,1,1,0.63,30,600,120
5,1,1,3,0.63,30,600,120
5,1,0,2,0.63,30,600,120
5,1,1,3,0.63,30,600,120
5,0,1,1,0.63,30,600,120
5,1,0,2,0.63,30,600,120
5,0,0,0,0.63,30,600,120
5,0,0,0,0.63,30,600,120
5,1,0,2,0.63,30,600,120
5,1,1,3,0.63,30,600,120
5,0,1,1,0.63,30,600,120
5,0,0,0,0.63,30,600,120
5,1,1,3,0.63,30,600,120
5,0,1,1,0.63,30,600,120
5,1,0,2,0.63,30,600,120
5,1,0,2,0.63,30,600,120
5,0,1,1,0.63,30,600,120
5,1,1,3,0.63,30,600,120
5,0,0,0,0.63,30,600,120
5,0,0,0,0.63,30,600,120
5,1,0,2,0.63,30,600,120
5,0,1,1,0.63,30,600,120
5,0,1,1,0.63,30,600,120
5,1,0,2,0.63,30,600,120
5,1,1,3,0.63,30,600,120
5,0,0,0,0.63,30,600,120
5,1,0,2,0.63,30,600,120
5,0,0,0,0.63,30,600,120
5,0,1,1,0.63,30,600,120
5,1,1,3,0.63,30,600,120
5,0,0,0,0.63,30,600,120
5,1,0,2,0.63,30,600,120
5,1,0,2,0.63,30,600,120
5,0,1,1,0.63,30,600,120
5,1,1,3,0.63,30,600,120
5,0,0,0,0.63,30,600,120
5,1,0,2,0.63,30,600,120
5,0,1,1,0.63,30,600,120
5,1,1,3,0.63,30,600,120
5,0,0,0,0.63,30,600,120
5,0,1,1,0.63,30,600,120
5,0,0,0,0.63,30,600,120
5,1,0,2,0.63,30,600,120
5,0,1,1,0.63,30,600,120
5,1,1,3,0.63,30,600,120
5,0,1,1,0.63,30,600,120
5,0,1,1,0.63,30,600,120
5,0,0,0,0.63,30,600,120
5,1,1,3,0.63,30,600,120
5,1,1,3,0.63,30,600,120
5,0,1,1,0.63,30,600,120
5,1,0,2,0.63,30,600,120
5,0,0,0,0.63,30,600,120
5,0,1,1,0.63,30,600,120
5,0,0,0,0.63,30,600,120
5,1,0,2,0.63,30,600,120
5,1,1,3,0.63,30,600,120
5,1,0,2,0.63,30,600,120
5,0,0,0,0.63,30,600,120
5,1,1,3,0.63,30,600,120
5,1,0,2,0.63,30,600,120
5,0,0,0,0.63,30,600,120
5,1,0,2,0.63,30,600,120
5,1,0,2,0.63,30,600,120
5,0,0,0,0.63,30,600,120
5,0,1,1,0.63,30,600,120
5,1,1,3,0.63,30,600,120
5,1,1,3,0.63,30,600,120
5,0,1,1,0.63,30,600,120
5,1,0,2,0.63,30,600,120
5,0,0,0,0.63,30,600,120
5,1,0,2,0.63,30,600,120
5,0,1,1,0.63,30,600,120
5,0,0,0,0.63,30,600,120
5,0,1,1,0.63,30,600,120
5,1,0,2,0.63,30,600,120
5,1,0,2,0.63,30,600,120
5,0,1,1,0.63,30,600,120
5,1,1,3,0.63,30,600,120
5,0,0,0,0.63,30,600,120
5,1,1,3,0.63,30,600,120
5,1,0,2,0.63,30,600,120
5,0,0,0,0.63,30,600,120
5,0,1,1,0.63,30,600,120
5,1,1,3,0.63,30,600,120
5,0,1,1,0.63,30,600,120
5,0,0,0,0.63,30,600,120
5,0,1,1,0.63,30,600,120
5,1,1,3,0.63,30,600,120
5,1,0,2,0.63,30,600,120
5,1,1,3,0.63,30,600,120
5,0,1,1,0.63,30,600,120
5,0,0,0,0.63,30,600,120
5,0,1,1,0.63,30,600,120
5,1,1,3,0.63,30,600,120
5,1,0,2,0.63,30,600,120
5,0,0,0,0.63,30,600,120
5,0,1,1,0.63,30,600,120
5,1,1,3,0.63,30,600,120
5,1,0,2,0.63,30,600,120
5,0,1,1,0.63,30,600,120
5,0,0,0,0.63,30,600,120
5,1,1,3,0.63,30,600,120
5,0,0,0,0.63,30,600,120
5,1,0,2,0.63,30,600,120
5,0,1,1,0.63,30,600,120
5,1,1,3,0.63,30,600,120
5,1,1,3,0.63,30,600,120
5,0,1,1,0.63,30,600,120
5,1,0,2,0.63,30,600,120
5,1,0,2,0.63,30,600,120
5,0,0,0,0.63,30,600,120
5,0,1,1,0.63,30,600,120
5,1,0,2,0.63,30,600,120
5,0,0,0,0.63,30,600,120
5,0,1,1,0.63,30,600,120
5,1,1,3,0.63,30,600,120
5,0,1,1,0.63,30,600,120
5,1,0,2,0.63,30,600,120
5,0,0,0,0.63,30,600,120
5,0,1,1,0.63,30,600,120
5,1,0,2,0.63,30,600,120
5,1,1,3,0.63,30,600,120
5,1,0,2,0.63,30,600,120
5,1,1,3,0.63,30,600,120
5,0,0,0,0.63,30,600,120
5,1,0,2,0.63,30,600,120
5,1,1,3,0.63,30,600,120
5,1,0,2,0.63,30,600,120
5,0,1,1,0.63,30,600,120
5,1,1,3,0.63,30,600,120
5,0,0,0,0.63,30,600,120
5,1,0,2,0.63,30,600,120
5,1,1,3,0.63,30,600,120
5,0,1,1,0.63,30,600,120
5,1,1,3,0.63,30,600,120
5,0,1,1,0.63,30,600,120
5,1,1,3,0.63,30,600,120
5,1,0,2,0.63,30,600,120
5,0,1,1,0.63,30,600,120
5,1,0,2,0.63,30,600,120
5,0,1,1,0.63,30,600,120
5,1,1,3,0.63,30,600,120
5,1,1,3,0.63,30,600,120
5,1,0,2,0.63,30,600,120
5,0,1,1,0.63,30,600,120
5,0,0,0,0.63,30,600,120
5,1,1,3,0.63,30,600,120
5,0,1,1,0.63,30,600,120
5,0,1,1,0.63,30,600,120
5,1,0,2,0.63,30,600,120
5,1,0,2,0.63,30,600,120
5,0,1,1,0.63,30,600,120
5,1,1,3,0.63,30,600,120
5,0,1,1,0.63,30,600,120
5,0,0,0,0.63,30,600,120
5,0,0,0,0.63,30,600,120
5,0,1,1,0.63,30,600,120
5,1,0,2,0.63,30,600,120
5,1,0,2,0.63,30,600,120
5,1,1,3,0.63,30,600,120
5,0,1,1,0.63,30,600,120
5,1,0,2,0.63,30,600,120
5,0,0,0,0.63,30,600,120
5,1,1,3,0.63,30,600,120
5,0,0,0,0.63,30,600,120
5,0,0,0,0.63,30,600,120
5,0,1,1,0.63,30,600,120
5,1,1,3,0.63,30,600,120
5,1,0,2,0.63,30,600,120
5,0,1,1,0.63,30,600,120
5,1,1,3,0.63,30,600,120
5,0,0,0,0.63,30,600,120
5,1,0,2,0.63,30,600,120
5,1,1,3,0.63,30,600,120
5,0,0,0,0.63,30,600,120
5,0,1,1,0.63,30,600,120
5,1,1,3,0.63,30,600,120
5,0,1,1,0.63,30,600,120
5,1,0,2,0.63,30,600,120
5,1,0,2,0.63,30,600,120
5,0,1,1,0.63,30,600,120
5,0,0,0,0.63,30,600,120
5,0,0,0,0.63,30,600,120
5,0,1,1,0.63,30,600,120
5,1,1,3,0.63,30,600,120
5,0,0,0,0.63,30,600,120
5,1,0,2,0.63,30,600,120
5,0,1,1,0.63,30,600,120
5,1,1,3,0.63,30,600,120
5,1,1,3,0.63,30,600,120
5,0,1,1,0.63,30,600,120
5,1,0,2,0.63,30,600,120
5,0,1,1,0.63,30,600,120
5,0,0,0,0.63,30,600,120
5,1,1,3,0.63,30,600,120
5,1,0,2,0.63,30,600,120
5,0,1,1,0.63,30,600,120
5,1,1,3,0.63,30,600,120
5,0,1,1,0.63,30,600,120
5,1,1,3,0.63,30,600,120
5,0,0,0,0.63,30,600,120
5,1,0,2,0.63,30,600,120
5,0,0,0,0.63,30,600,120
6,1,1,3,0.63,30,600,120
6,0,0,0,0.63,30,600,120
6,0,1,1,0.63,30,600,120
6,0,0,0,0.63,30,600,120
6,1,1,3,0.63,30,600,120
6,1,0,2,0.63,30,600,120
6,0,1,1,0.63,30,600,120
6,0,0,0,0.63,30,600,120
6,1,0,2,0.63,30,600,120
6,1,1,3,0.63,30,600,120
6,0,1,1,0.63,30,600,120
6,1,0,2,0.63,30,600,120
6,1,1,3,0.63,30,600,120
6,1,0,2,0.63,30,600,120
6,0,1,1,0.63,30,600,120
6,1,0,2,0.63,30,600,120
6,1,1,3,0.63,30,600,120
6,1,1,3,0.63,30,600,120
6,0,1,1,0.63,30,600,120
6,1,0,2,0.63,30,600,120
6,1,0,2,0.63,30,600,120
6,0,0,0,0.63,30,600,120
6,0,1,1,0.63,30,600,120
6,0,0,0,0.63,30,600,120
6,1,0,2,0.63,30,600,120
6,1,0,2,0.63,30,600,120
6,0,0,0,0.63,30,600,120
6,1,1,3,0.63,30,600,120
6,1,1,3,0.63,30,600,120
6,1,0,2,0.63,30,600,120
6,0,0,0,0.63,30,600,120
6,0,1,1,0.63,30,600,120
6,0,0,0,0.63,30,600,120
6,1,0,2,0.63,30,600,120
6,1,1,3,0.63,30,600,120
6,0,0,0,0.63,30,600,120
6,1,0,2,0.63,30,600,120
6,0,1,1,0.63,30,600,120
6,1,1,3,0.63,30,600,120
6,0,0,0,0.63,30,600,120
6,1,0,2,0.63,30,600,120
6,0,1,1,0.63,30,600,120
6,1,1,3,0.63,30,600,120
6,1,0,2,0.63,30,600,120
6,0,0,0,0.63,30,600,120
6,1,0,2,0.63,30,600,120
6,0,0,0,0.63,30,600,120
6,1,1,3,0.63,30,600,120
6,1,0,2,0.63,30,600,120
6,0,0,0,0.63,30,600,120
6,1,0,2,0.63,30,600,120
6,0,1,1,0.63,30,600,120
6,0,0,0,0.63,30,600,120
6,1,1,3,0.63,30,600,120
6,1,1,3,0.63,30,600,120
6,0,1,1,0.63,30,600,120
6,1,0,2,0.63,30,600,120
6,1,1,3,0.63,30,600,120
6,0,1,1,0.63,30,600,120
6,1,0,2,0.63,30,600,120
6,0,0,0,0.63,30,600,120
6,0,1,1,0.63,30,600,120
6,1,1,3,0.63,30,600,120
6,0,1,1,0.63,30,600,120
6,1,1,3,0.63,30,600,120
6,1,0,2,0.63,30,600,120
6,0,0,0,0.63,30,600,120
6,1,0,2,0.63,30,600,120
6,0,1,1,0.63,30,600,120
6,0,0,0,0.63,30,600,120
6,1,0,2,0.63,30,600,120
6,0,1,1,0.63,30,600,120
6,0,0,0,0.63,30,600,120
6,0,0,0,0.63,30,600,120
6,1,1,3,0.63,30,600,120
6,0,1,1,0.63,30,600,120
6,0,0,0,0.63,30,600,120
6,1,0,2,0.63,30,600,120
6,1,0,2,0.63,30,600,120
6,0,1,1,0.63,30,600,120
6,0,0,0,0.63,30,600,120
6,1,0,2,0.63,30,600,120
6,0,1,1,0.63,30,600,120
6,1,1,3,0.63,30,600,120
6,0,0,0,0.63,30,600,120
6,0,0,0,0.63,30,600,120
6,1,0,2,0.63,30,600,120
6,0,1,1,0.63,30,600,120
6,0,1,1,0.63,30,600,120
6,1,0,2,0.63,30,600,120
6,0,0,0,0.63,30,600,120
6,1,1,3,0.63,30,600,120
6,0,0,0,0.63,30,600,120
6,1,0,2,0.63,30,600,120
6,0,1,1,0.63,30,600,120
6,0,0,0,0.63,30,600,120
6,0,1,1,0.63,30,600,120
6,1,0,2,0.63,30,600,120
6,1,1,3,0.63,30,600,120
6,0,1,1,0.63,30,600,120
6,1,1,3,0.63,30,600,120
6,0,1,1,0.63,30,600,120
6,1,0,2,0.63,30,600,120
6,0,1,1,0.63,30,600,120
6,1,1,3,0.63,30,600,120
6,0,0,0,0.63,30,600,120
6,1,1,3,0.63,30,600,120
6,0,0,0,0.63,30,600,120
6,1,0,2,0.63,30,600,120
6,0,0,0,0.63,30,600,120
6,0,1,1,0.63,30,600,120
6,1,0,2,0.63,30,600,120
6,1,1,3,0.63,30,600,120
6,0,1,1,0.63,30,600,120
6,0,0,0,0.63,30,600,120
6,0,1,1,0.63,30,600,120
6,1,1,3,0.63,30,600,120
6,0,0,0,0.63,30,600,120
6,1,0,2,0.63,30,600,120
6,0,0,0,0.63,30,600,120
6,1,1,3,0.63,30,600,120
6,0,1,1,0.63,30,600,120
6,0,0,0,0.63,30,600,120
6,1,1,3,0.63,30,600,120
6,0,1,1,0.63,30,600,120
6,1,0,2,0.63,30,600,120
6,0,0,0,0.63,30,600,120
6,1,0,2,0.63,30,600,120
6,0,1,1,0.63,30,600,120
6,1,1,3,0.63,30,600,120
6,0,1,1,0.63,30,600,120
6,1,0,2,0.63,30,600,120
6,0,0,0,0.63,30,600,120
6,0,1,1,0.63,30,600,120
6,1,1,3,0.63,30,600,120
6,1,0,2,0.63,30,600,120
6,0,0,0,0.63,30,600,120
6,0,1,1,0.63,30,600,120
6,1,0,2,0.63,30,600,120
6,0,0,0,0.63,30,600,120
6,0,0,0,0.63,30,600,120
6,1,0,2,0.63,30,600,120
6,1,0,2,0.63,30,600,120
6,0,1,1,0.63,30,600,120
6,1,1,3,0.63,30,600,120
6,0,0,0,0.63,30,600,120
6,0,1,1,0.63,30,600,120
6,1,1,3,0.63,30,600,120
6,0,0,0,0.63,30,600,120
6,1,0,2,0.63,30,600,120
6,1,0,2,0.63,30,600,120
6,0,0,0,0.63,30,600,120
6,0,1,1,0.63,30,600,120
6,1,1,3,0.63,30,600,120
6,1,0,2,0.63,30,600,120
6,0,1,1,0.63,30,600,120
6,1,1,3,0.63,30,600,120
6,0,0,0,0.63,30,600,120
6,0,0,0,0.63,30,600,120
6,1,1,3,0.63,30,600,120
6,0,1,1,0.63,30,600,120
6,1,0,2,0.63,30,600,120
6,1,0,2,0.63,30,600,120
6,0,0,0,0.63,30,600,120
6,1,1,3,0.63,30,600,120
6,0,1,1,0.63,30,600,120
6,1,1,3,0.63,30,600,120
6,0,0,0,0.63,30,600,120
6,0,1,1,0.63,30,600,120
6,1,0,2,0.63,30,600,120
6,0,0,0,0.63,30,600,120
6,1,0,2,0.63,30,600,120
6,1,1,3,0.63,30,600,120
6,0,0,0,0.63,30,600,120
6,0,0,0,0.63,30,600,120
6,1,1,3,0.63,30,600,120
6,1,0,2,0.63,30,600,120
6,0,0,0,0.63,30,600,120
6,1,1,3,0.63,30,600,120
6,0,1,1,0.63,30,600,120
6,1,0,2,0.63,30,600,120
6,0,0,0,0.63,30,600,120
6,0,1,1,0.63,30,600,120
6,0,0,0,0.63,30,600,120
6,1,0,2,0.63,30,600,120
6,1,1,3,0.63,30,600,120
6,0,1,1,0.63,30,600,120
6,0,0,0,0.63,30,600,120
6,0,1,1,0.63,30,600,120
6,1,0,2,0.63,30,600,120
6,0,0,0,0.63,30,600,120
6,1,1,3,0.63,30,600,120
6,0,1,1,0.63,30,600,120
6,0,1,1,0.63,30,600,120
6,1,1,3,0.63,30,600,120
6,1,0,2,0.63,30,600,120
6,1,0,2,0.63,30,600,120
6,0,1,1,0.63,30,600,120
6,0,0,0,0.63,30,600,120
6,1,0,2,0.63,30,600,120
6,0,1,1,0.63,30,600,120
6,1,0,2,0.63,30,600,120
6,1,1,3,0.63,30,600,120
6,0,1,1,0.63,30,600,120
6,1,1,3,0.63,30,600,120
6,0,0,0,0.63,30,600,120
6,0,0,0,0.63,30,600,120
6,1,0,2,0.63,30,600,120
6,1,1,3,0.63,30,600,120
6,0,1,1,0.63,30,600,120
6,1,1,3,0.63,30,600,120
6,1,0,2,0.63,30,600,120
6,1,1,3,0.63,30,600,120
6,1,0,2,0.63,30,600,120
6,1,1,3,0.63,30,600,120
6,0,0,0,0.63,30,600,120
6,1,0,2,0.63,30,600,120
6,1,1,3,0.63,30,600,120
6,1,0,2,0.63,30,600,120
6,0,1,1,0.63,30,600,120
6,0,0,0,0.63,30,600,120
6,1,0,2,0.63,30,600,120
6,1,1,3,0.63,30,600,120
6,0,1,1,0.63,30,600,120
6,1,1,3,0.63,30,600,120
6,1,0,2,0.63,30,600,120
6,1,1,3,0.63,30,600,120
6,0,1,1,0.63,30,600,120
6,1,0,2,0.63,30,600,120
6,1,1,3,0.63,30,600,120
6,1,1,3,0.63,30,600,120
6,0,1,1,0.63,30,600,120
6,0,0,0,0.63,30,600,120
6,1,1,3,0.63,30,600,120
6,0,1,1,0.63,30,600,120
6,0,0,0,0.63,30,600,120
6,1,1,3,0.63,30,600,120
6,1,0,2,0.63,30,600,120
6,0,1,1,0.63,30,600,120
6,0,0,0,0.63,30,600,120
6,1,1,3,0.63,30,600,120
6,1,0,2,0.63,30,600,120
6,0,1,1,0.63,30,600,120
6,1,1,3,0.63,30,600,120
6,0,0,0,0.63,30,600,120
6,0,0,0,0.63,30,600,120
6,1,0,2,0.63,30,600,120
6,1,1,3,0.63,30,600,120
6,0,1,1,0.63,30,600,120
6,0,0,0,0.63,30,600,120
6,1,0,2,0.63,30,600,120
6,0,1,1,0.63,30,600,120
6,1,1,3,0.63,30,600,120
6,0,0,0,0.63,30,600,120
6,0,1,1,0.63,30,600,120
6,1,1,3,0.63,30,600,120
6,0,0,0,0.63,30,600,120
6,1,1,3,0.63,30,600,120
6,0,1,1,0.63,30,600,120
6,1,0,2,0.63,30,600,120
6,0,1,1,0.63,30,600,120
6,1,0,2,0.63,30,600,120
6,0,0,0,0.63,30,600,120
6,0,1,1,0.63,30,600,120
6,0,0,0,0.63,30,600,120
6,1,1,3,0.63,30,600,120
6,0,1,1,0.63,30,600,120
6,0,0,0,0.63,30,600,120
6,1,0,2,0.63,30,600,120
6,1,0,2,0.63,30,600,120
6,1,1,3,0.63,30,600,120
6,0,0,0,0.63,30,600,120
6,0,1,1,0.63,30,600,120
6,0,0,0,0.63,30,600,120
6,0,1,1,0.63,30,600,120
6,0,1,1,0.63,30,600,120
6,0,0,0,0.63,30,600,120
6,1,0,2,0.63,30,600,120
6,0,1,1,0.63,30,600,120
6,0,0,0,0.63,30,600,120
6,0,1,1,0.63,30,600,120
6,0,1,1,0.63,30,600,120
6,0,0,0,0.63,30,600,120
6,1,0,2,0.63,30,600,120
6,1,0,2,0.63,30,600,120
6,0,1,1,0.63,30,600,120
6,1,1,3,0.63,30,600,120
6,1,1,3,0.63,30,600,120
6,1,0,2,0.63,30,600,120
6,1,0,2,0.63,30,600,120
6,0,0,0,0.63,30,600,120
6,1,1,3,0.63,30,600,120
6,0,1,1,0.63,30,600,120
6,0,0,0,0.63,30,600,120
6,1,1,3,0.63,30,600,120
6,0,1,1,0.63,30,600,120
6,0,1,1,0.63,30,600,120
6,0,0,0,0.63,30,600,120
6,1,0,2,0.63,30,600,120
6,1,1,3,0.63,30,600,120
6,0,0,0,0.63,30,600,120
6,1,1,3,0.63,30,600,120
6,0,1,1,0.63,30,600,120
6,0,1,1,0.63,30,600,120
6,1,1,3,0.63,30,600,120
6,1,0,2,0.63,30,600,120
6,0,1,1,0.63,30,600,120
6,1,1,3,0.63,30,600,120
6,0,0,0,0.63,30,600,120
6,1,0,2,0.63,30,600,120
6,0,0,0,0.63,30,600,120
6,0,1,1,0.63,30,600,120
6,1,0,2,0.63,30,600,120
6,0,1,1,0.63,30,600,120
6,1,1,3,0.63,30,600,120
6,0,0,0,0.63,30,600,120
6,0,0,0,0.63,30,600,120
6,0,1,1,0.63,30,600,120
6,1,0,2,0.63,30,600,120
6,0,1,1,0.63,30,600,120
6,1,0,2,0.63,30,600,120
6,1,1,3,0.63,30,600,120
6,0,0,0,0.63,30,600,120
6,0,1,1,0.63,30,600,120
6,0,0,0,0.63,30,600,120
6,1,0,2,0.63,30,600,120
6,1,1,3,0.63,30,600,120
6,0,0,0,0.63,30,600,120
6,0,1,1,0.63,30,600,120
6,0,1,1,0.63,30,600,120
6,1,1,3,0.63,30,600,120
6,1,0,2,0.63,30,600,120
6,0,0,0,0.63,30,600,120
6,1,1,3,0.63,30,600,120
6,1,0,2,0.63,30,600,120
6,0,1,1,0.63,30,600,120
6,0,0,0,0.63,30,600,120
6,1,0,2,0.63,30,600,120
6,0,0,0,0.63,30,600,120
6,1,1,3,0.63,30,600,120
6,0,1,1,0.63,30,600,120
6,1,0,2,0.63,30,600,120
6,0,1,1,0.63,30,600,120
6,1,1,3,0.63,30,600,120
6,0,0,0,0.63,30,600,120
6,1,1,3,0.63,30,600,120
6,0,1,1,0.63,30,600,120
6,0,0,0,0.63,30,600,120
6,1,0,2,0.63,30,600,120
6,0,0,0,0.63,30,600,120
6,1,0,2,0.63,30,600,120
7,1,1,3,0.63,30,600,120
7,1,0,2,0.63,30,600,120
7,1,1,3,0.63,30,600,120
7,1,0,2,0.63,30,600,120
7,0,0,0,0.63,30,600,120
7,0,1,1,0.63,30,600,120
7,1,1,3,0.63,30,600,120
7,1,0,2,0.63,30,600,120
7,0,0,0,0.63,30,600,120
7,1,1,3,0.63,30,600,120
7,1,1,3,0.63,30,600,120
7,0,1,1,0.63,30,600,120
7,0,0,0,0.63,30,600,120
7,0,0,0,0.63,30,600,120
7,1,0,2,0.63,30,600,120
7,0,1,1,0.63,30,600,120
7,0,1,1,0.63,30,600,120
7,1,1,3,0.63,30,600,120
7,0,0,0,0.63,30,600,120
7,0,1,1,0.63,30,600,120
7,1,0,2,0.63,30,600,120
7,0,0,0,0.63,30,600,120
7,0,1,1,0.63,30,600,120
7,1,1,3,0.63,30,600,120
7,0,1,1,0.63,30,600,120
7,0,0,0,0.63,30,600,120
7,0,1,1,0.63,30,600,120
7,1,0,2,0.63,30,600,120
7,0,0,0,0.63,30,600,120
7,0,1,1,0.63,30,600,120
7,1,0,2,0.63,30,600,120
7,0,1,1,0.63,30,600,120
7,1,0,2,0.63,30,600,120
7,0,1,1,0.63,30,600,120
7,1,0,2,0.63,30,600,120
7,1,1,3,0.63,30,600,120
7,0,1,1,0.63,30,600,120
7,1,1,3,0.63,30,600,120
7,1,0,2,0.63,30,600,120
7,1,0,2,0.63,30,600,120
7,0,1,1,0.63,30,600,120
7,1,1,3,0.63,30,600,120
7,0,0,0,0.63,30,600,120
7,1,0,2,0.63,30,600,120
7,0,0,0,0.63,30,600,120
7,0,1,1,0.63,30,600,120
7,1,0,2,0.63,30,600,120
7,0,0,0,0.63,30,600,120
7,1,1,3,0.63,30,600,120
7,0,1,1,0.63,30,600,120
7,1,0,2,0.63,30,600,120
7,0,0,0,0.63,30,600,120
7,0,1,1,0.63,30,600,120
7,0,1,1,0.63,30,600,120
7,1,1,3,0.63,30,600,120
7,0,0,0,0.63,30,600,120
7,0,1,1,0.63,30,600,120
7,0,1,1,0.63,30,600,120
7,1,0,2,0.63,30,600,120
7,0,0,0,0.63,30,600,120
7,0,1,1,0.63,30,600,120
7,0,0,0,0.63,30,600,120
7,1,1,3,0.63,30,600,120
7,1,0,2,0.63,30,600,120
7,0,1,1,0.63,30,600,120
7,0,0,0,0.63,30,600,120
7,1,0,2,0.63,30,600,120
7,0,0,0,0.63,30,600,120
7,0,0,0,0.63,30,600,120
7,1,0,2,0.63,30,600,120
7,0,1,1,0.63,30,600,120
7,1,0,2,0.63,30,600,120
7,0,1,1,0.63,30,600,120
7,1,1,3,0.63,30,600,120
7,0,0,0,0.63,30,600,120
7,0,0,0,0.63,30,600,120
7,1,1,3,0.63,30,600,120
7,0,1,1,0.63,30,600,120
7,0,0,0,0.63,30,600,120
7,0,1,1,0.63,30,600,120
7,0,0,0,0.63,30,600,120
7,1,0,2,0.63,30,600,120
7,1,1,3,0.63,30,600,120
7,1,1,3,0.63,30,600,120
7,0,1,1,0.63,30,600,120
7,1,0,2,0.63,30,600,120
7,0,1,1,0.63,30,600,120
7,0,0,0,0.63,30,600,120
7,1,1,3,0.63,30,600,120
7,1,1,3,0.63,30,600,120
7,0,0,0,0.63,30,600,120
7,1,0,2,0.63,30,600,120
7,0,1,1,0.63,30,600,120
7,1,0,2,0.63,30,600,120
7,1,1,3,0.63,30,600,120
7,0,0,0,0.63,30,600,120
7,1,0,2,0.63,30,600,120
7,0,0,0,0.63,30,600,120
7,1,1,3,0.63,30,600,120
7,0,0,0,0.63,30,600,120
7,0,1,1,0.63,30,600,120
7,1,1,3,0.63,30,600,120
7,1,0,2,0.63,30,600,120
7,1,0,2,0.63,30,600,120
7,0,0,0,0.63,30,600,120
7,0,0,0,0.63,30,600,120
7,0,1,1,0.63,30,600,120
7,0,1,1,0.63,30,600,120
7,0,1,1,0.63,30,600,120
7,0,0,0,0.63,30,600,120
7,0,0,0,0.63,30,600,120
7,1,1,3,0.63,30,600,120
7,0,1,1,0.63,30,600,120
7,0,0,0,0.63,30,600,120
7,0,1,1,0.63,30,600,120
7,1,0,2,0.63,30,600,120
7,1,1,3,0.63,30,600,120
7,1,0,2,0.63,30,600,120
7,0,1,1,0.63,30,600,120
7,0,1,1,0.63,30,600,120
7,1,0,2,0.63,30,600,120
7,0,1,1,0.63,30,600,120
7,1,1,3,0.63,30,600,120
7,0,0,0,0.63,30,600,120
7,1,0,2,0.63,30,600,120
7,1,1,3,0.63,30,600,120
7,1,0,2,0.63,30,600,120
7,0,0,0,0.63,30,600,120
7,0,1,1,0.63,30,600,120
7,1,1,3,0.63,30,600,120
7,1,0,2,0.63,30,600,120
7,0,1,1,0.63,30,600,120
7,1,1,3,0.63,30,600,120
7,1,1,3,0.63,30,600,120
7,0,1,1,0.63,30,600,120
7,1,0,2,0.63,30,600,120
7,0,0,0,0.63,30,600,120
7,1,1,3,0.63,30,600,120
7,1,0,2,0.63,30,600,120
7,0,1,1,0.63,30,600,120
7,1,1,3,0.63,30,600,120
7,0,0,0,0.63,30,600,120
7,0,0,0,0.63,30,600,120
7,1,0,2,0.63,30,600,120
7,0,1,1,0.63,30,600,120
7,1,1,3,0.63,30,600,120
7,1,0,2,0.63,30,600,120
7,0,1,1,0.63,30,600,120
7,1,0,2,0.63,30,600,120
7,1,1,3,0.63,30,600,120
7,1,1,3,0.63,30,600,120
7,1,1,3,0.63,30,600,120
7,1,1,3,0.63,30,600,120
7,1,1,3,0.63,30,600,120
7,1,1,3,0.63,30,600,120
7,1,0,2,0.63,30,600,120
7,0,0,0,0.63,30,600,120
7,1,0,2,0.63,30,600,120
7,0,0,0,0.63,30,600,120
7,0,1,1,0.63,30,600,120
7,1,0,2,0.63,30,600,120
7,0,1,1,0.63,30,600,120
7,0,0,0,0.63,30,600,120
7,1,1,3,0.63,30,600,120
