group_id,T_ms,W_ms,stat,observed,pred_median,pred_lo95,pred_hi95,inside95,p_tail
3,30.0,600.0,SPE_RT_ms,21.643589966486786,3.5402321373993857,-14.381540307749626,24.92869407876867,1,0.11
3,30.0,600.0,SPE_ACC,-0.0015384615384614886,-0.028076923076923083,-0.07538461538461538,0.015442307692307707,1,0.32
4,80.0,600.0,SPE_RT_ms,-3.411704945307406,-5.415470046172629,-16.445098380830924,7.043688214018607,1,0.77
4,80.0,600.0,SPE_ACC,0.1307692307692308,0.0972027972027972,0.06152097902097903,0.1315034965034965,1,0.07
5,100.0,1100.0,SPE_RT_ms,-62.4942714801565,-48.93772984890302,-69.50283544969494,-27.917881035968346,1,0.16
5,100.0,1100.0,SPE_ACC,0.12307692307692308,0.15594405594405591,0.10972027972027974,0.19375874125874135,1,0.17
6,500.0,1500.0,SPE_RT_ms,-67.83278192022601,-40.653723792606286,-60.86221748323444,-22.11951337767538,0,0.01
6,500.0,1500.0,SPE_ACC,0.016153846153846074,0.039230769230769236,0.02074999999999999,0.06232692307692306,0,0.02
7,30.0,800.0,SPE_RT_ms,-14.423044205265569,-10.409534902591872,-23.340512472767738,0.3432955796596952,1,0.5
7,30.0,800.0,SPE_ACC,0.07820512820512815,0.0871794871794872,0.04551282051282057,0.1295673076923077,1,0.64
8,80.0,800.0,SPE_RT_ms,-11.097415105683922,-11.277248312285167,-22.16222491664306,-1.207337747822969,1,0.97
8,80.0,800.0,SPE_ACC,0.06153846153846154,0.03356643356643352,0.003496503496503542,0.07279720279720284,1,0.2
