group_id,identity,stat,observed,pred_median,pred_lo95,pred_hi95,pred_sd,inside95,p_tail,deviation_sd
3,all,acc_all,0.3253846153846154,0.27134615384615385,0.24384615384615385,0.29425,0.012848464825728583,0,0.0,4.205830211734828
3,all,acc_responded,0.5300751879699248,0.4250223213957921,0.3828452362499677,0.46048340969392937,0.019728323081047733,0,0.0,5.3249769958934365
3,all,omission_rate,0.3861538461538462,0.36230769230769233,0.3465192307692308,0.3804134615384616,0.008779303844743892,0,0.01,2.716178215022183
3,all,correct_rt_mean_ms,390.8303447992333,340.78402973722586,330.2526660512795,351.45658679482983,6.0035070709710565,0,0.0,8.33617991456992
3,all,correct_rt_q50_ms,378.1504500366285,301.1065940230225,285.8623033639417,320.5793153092725,9.01605627024903,0,0.0,8.545183581854241
3,self,acc_all,0.32461538461538464,0.2580769230769231,0.22305769230769232,0.2862692307692308,0.017942782118963448,0,0.0,3.7083692538482134
3,self,acc_responded,0.5308176100628931,0.40322470095514434,0.3501184748562505,0.45036482613708095,0.02740745452934112,0,0.0,4.655408949822531
3,self,omission_rate,0.3884615384615384,0.3584615384615385,0.33999999999999997,0.3854038461538462,0.01141072445686989,0,0.02,2.6291056377177044
3,self,correct_rt_mean_ms,401.67772322215336,343.6461269317796,328.446191310058,359.66419626934766,8.141502654819579,0,0.0,7.127872918646098
3,self,correct_rt_q50_ms,393.7824000022375,306.0913077478625,284.69967592333194,332.7623440172641,12.315717634232442,0,0.0,7.120258425755977
3,stranger,acc_all,0.3261538461538461,0.2853846153846154,0.2461346153846154,0.3147115384615385,0.017681578148514045,0,0.01,2.305746151547958
3,stranger,acc_responded,0.529338327091136,0.45003008423586044,0.3854889509962929,0.4981232334608619,0.028179848669357667,0,0.0,2.8143601403194958
3,stranger,omission_rate,0.38384615384615384,0.36653846153846154,0.3461346153846154,0.38925000000000004,0.010945163377033025,1,0.16,1.5813096352686886
3,stranger,correct_rt_mean_ms,380.0341332556666,338.24824452659396,325.87213574690355,352.15460738036563,7.340280151964583,0,0.0,5.692683094376018
3,stranger,correct_rt_q50_ms,363.304850019631,295.39860448510865,278.4580697224152,320.1445243394498,11.078886364600088,0,0.0,6.129338572467028
4,all,acc_all,0.4513986013986014,0.39615384615384613,0.37341783216783214,0.4206381118881119,0.012610457360852598,0,0.0,4.3808684858849665
4,all,acc_responded,0.7326901248581158,0.5945660748353967,0.562808754782502,0.6267957628639051,0.01654774932631179,0,0.0,8.346999177893915
4,all,omission_rate,0.3839160839160839,0.3356643356643356,0.314291958041958,0.3549300699300699,0.010983649292174675,0,0.0,4.393052524548953
4,all,correct_rt_mean_ms,518.34250821058,460.0453049072756,446.9304344121516,474.8915306913189,7.163718380406091,0,0.0,8.137841300791022
4,all,correct_rt_q50_ms,536.267100003897,453.2408978607494,434.2872615053814,477.32685333341226,11.486664963028748,0,0.0,7.228051171543499
4,self,acc_all,0.5167832167832168,0.44405594405594406,0.41468531468531467,0.48113636363636364,0.016280486580361807,0,0.0,4.467143679538386
4,self,acc_responded,0.7886872998932765,0.65857398988282,0.6248589945011783,0.7033594653424937,0.020714547616907244,0,0.0,6.2812527899116555
4,self,omission_rate,0.34475524475524477,0.32867132867132864,0.29928321678321673,0.3525,0.01317395787508615,1,0.15,1.2208871651497482
4,self,correct_rt_mean_ms,516.8837466847785,456.99922170882417,445.33052086755754,474.4691062012106,7.4296613574067765,0,0.0,8.060195760639118
4,self,correct_rt_q50_ms,522.41309999954,446.5279306795114,429.443636856027,473.9012659775962,11.734639383642435,0,0.0,6.466766198696241
4,stranger,acc_all,0.386013986013986,0.34825174825174826,0.3188111888111888,0.37622377622377623,0.01521968153492778,0,0.0,2.481145067035526
4,stranger,acc_responded,0.6690909090909091,0.5271549729096899,0.4925405352819094,0.5691603827978384,0.02135577011000041,0,0.0,6.646256981140373
4,stranger,omission_rate,0.42307692307692313,0.3402097902097902,0.3145804195804196,0.36993006993006994,0.013309431309779173,0,0.0,6.226196366951147
4,stranger,correct_rt_mean_ms,520.295451630086,463.4025625233169,445.8699948667807,479.6822234265895,8.180683564438231,0,0.0,6.954539759254937
4,stranger,correct_rt_q50_ms,537.1070500006456,461.94748805223566,433.01483158512576,488.2979282473856,13.958992721408437,0,0.0,5.3843112786455025
5,all,acc_all,0.6832167832167833,0.608041958041958,0.5870454545454545,0.6315297202797202,0.011824400378773279,0,0.0,6.357601465337408
5,all,acc_responded,0.7671770710639969,0.6861199010400252,0.6638090271019852,0.7074228606938299,0.01235155821887688,0,0.0,6.562505603551468
5,all,omission_rate,0.10944055944055942,0.11276223776223776,0.09858391608391609,0.1276223776223776,0.0076773341456586215,1,0.72,-0.43266038167124554
5,all,correct_rt_mean_ms,713.936868627863,722.1331012942594,711.7518144509753,733.6247785486358,5.987852835091755,1,0.14,-1.368809971140656
5,all,correct_rt_q50_ms,696.855999995023,697.7059507524627,684.5230341073731,711.5389809951183,7.259573893089795,1,0.91,-0.1170799787916995
5,self,acc_all,0.7447552447552448,0.686013986013986,0.6622377622377622,0.7154545454545455,0.014008273743276069,0,0.0,4.193326017022935
5,self,acc_responded,0.8198614318706697,0.7570934327138965,0.7340791787042682,0.7820142062990726,0.013438380261584067,0,0.0,4.670800939917321
5,self,omission_rate,0.09160839160839163,0.09370629370629369,0.07688811188811184,0.10910839160839164,0.008814389244459632,1,0.83,-0.2380087876446705
5,self,correct_rt_mean_ms,685.504213896103,700.5096236445606,687.0751672255594,716.962900778854,7.36680351183216,0,0.01,-2.0368956121005195
5,self,correct_rt_q50_ms,664.8775000358,674.3636151665019,659.640751709457,693.0136230071771,9.121611586227724,1,0.22,-1.0399604325429117
5,stranger,acc_all,0.6216783216783217,0.5293706293706294,0.496486013986014,0.5685489510489511,0.01829109880208521,0,0.0,5.04659087496532
5,stranger,acc_responded,0.7123397435897436,0.6108027939297574,0.5749054530874098,0.6475192112554014,0.018802808674325943,0,0.0,5.400094816612611
5,stranger,omission_rate,0.12727272727272732,0.13146853146853144,0.1097727272727273,0.1531818181818182,0.010997414170982468,1,0.7,-0.3815264325385758
5,stranger,correct_rt_mean_ms,747.9984853762595,749.6061730862796,734.7924630454132,766.7672167258861,8.576339727575473,1,0.83,-0.18745615974736482
5,stranger,correct_rt_q50_ms,733.7879000115211,728.1439336610451,708.1869431020906,750.9286677251753,11.159827875870574,1,0.56,0.5057395520121888
6,all,acc_all,0.8873076923076924,0.9515384615384616,0.9395961538461539,0.9634615384615385,0.0057667421510521925,0,0.0,-11.138137885885836
6,all,acc_responded,0.9400977995110025,0.9597367402245451,0.9479590471192413,0.9704199430849959,0.005474364589432801,0,0.0,-3.5874374811374143
6,all,omission_rate,0.05615384615384611,0.00846153846153841,0.0050000000000000044,0.01269230769230767,0.0019141957661896849,0,0.0,24.91506278234119
6,all,correct_rt_mean_ms,910.6239467272442,841.5456885896008,824.3533873148177,857.4733415372299,7.8453133948556815,0,0.0,8.80503488655269
6,all,correct_rt_q50_ms,840.064500007429,761.8590941592638,749.1885683664826,778.0313553472024,6.839299829239658,0,0.0,11.434709370953186
6,self,acc_all,0.8953846153846153,0.9715384615384616,0.9607692307692308,0.9830769230769231,0.005544019405634456,0,0.0,-13.736215655459311
6,self,acc_responded,0.9572368421052632,0.9752225759456106,0.9644767024875384,0.9846213738305414,0.005130866088666098,0,0.0,-3.5053991917811413
6,self,omission_rate,0.06461538461538463,0.003076923076923088,0.0,0.006923076923076921,0.0016569693005429964,0,0.0,37.13916818995687
6,self,correct_rt_mean_ms,877.0162875444014,821.855466008156,807.2781038892093,836.6707434255901,8.16484461532146,0,0.0,6.755893606687291
6,self,correct_rt_q50_ms,817.8763999094369,755.5139792711054,743.7641089996033,771.2930904790878,6.890513579541161,0,0.0,9.050474963650565
6,stranger,acc_all,0.8792307692307693,0.9315384615384615,0.9130769230769231,0.9492307692307692,0.009815089640803736,0,0.0,-5.329313762987591
6,stranger,acc_responded,0.9232633279483037,0.9447255657781495,0.9268425385080358,0.961809747946053,0.009031357087293409,0,0.02,-2.376413380890665
6,stranger,omission_rate,0.0476923076923077,0.013846153846153841,0.007692307692307665,0.021538461538461506,0.003530536831061634,0,0.0,9.586687652816897
6,stranger,correct_rt_mean_ms,944.8490694646274,863.0126924561216,841.0259629824288,881.1434156052277,10.293812245259746,0,0.0,7.950055339914624
6,stranger,correct_rt_q50_ms,865.635099995416,769.2114022024421,754.4859653020259,787.083378933138,8.620195185736955,0,0.0,11.18579054364307
7,all,acc_all,0.6833333333333333,0.5810897435897436,0.5557131410256411,0.605488782051282,0.01213680722984856,0,0.0,8.42425753390379
7,all,acc_responded,0.7973074046372476,0.7173784023368145,0.6916928540150943,0.7431232947834692,0.013090541843533065,0,0.0,6.105858967168673
7,all,omission_rate,0.142948717948718,0.191025641025641,0.1746714743589744,0.20420673076923082,0.007874039762547528,0,0.0,-6.105750609185195
7,all,correct_rt_mean_ms,608.6492505647394,589.7034857540541,581.4780471240338,595.9991542386299,3.962944689771237,0,0.0,4.780729052208643
7,all,correct_rt_q50_ms,615.176700055599,589.3310906559725,580.5690111883938,597.9922850346311,4.504016671153572,0,0.0,5.738346743953523
7,self,acc_all,0.7224358974358974,0.6237179487179487,0.5947756410256411,0.6551602564102564,0.016021251492640744,0,0.0,6.161687728533201
7,self,acc_responded,0.8154848046309696,0.7571978485862898,0.7233760287331716,0.7889404908565815,0.016295048326699146,0,0.0,3.5769734999298946
7,self,omission_rate,0.11410256410256414,0.17564102564102568,0.15705128205128205,0.19552884615384614,0.009602421683381945,0,0.0,-6.4086397752101085
7,self,correct_rt_mean_ms,601.8503952991241,584.2260401856892,574.027827517831,593.4398830180013,4.844883080141417,0,0.0,3.6377255801435164
7,self,correct_rt_q50_ms,603.448799811304,583.5813211251906,572.5195418727641,594.5554592260443,5.842538137292302,0,0.0,3.4004876338421073
7,stranger,acc_all,0.6442307692307693,0.5365384615384615,0.5025320512820513,0.5686217948717949,0.015933404192037932,0,0.0,6.758901386944203
7,stranger,acc_responded,0.7778637770897833,0.677445495895854,0.6463172429635844,0.7097580967612954,0.017378702934374993,0,0.0,5.778237971678679
7,stranger,omission_rate,0.17179487179487174,0.20512820512820518,0.18139423076923078,0.22889423076923074,0.011643900681127754,0,0.0,-2.8627291013706055
7,stranger,correct_rt_mean_ms,616.2734395043897,595.3933019884523,585.4675990956597,604.8769803232766,5.046593067638568,0,0.0,4.1374720006318455
7,stranger,correct_rt_q50_ms,618.432099930942,595.6645028975202,585.086271958721,606.1596800079711,5.481106769890718,0,0.0,4.153832061526459
8,all,acc_all,0.6937062937062937,0.7104895104895105,0.6887849650349651,0.7329020979020979,0.011905644007598325,1,0.13,-1.4096857568146304
8,all,acc_responded,0.8131147540983606,0.8065786806977424,0.7871060511956682,0.8286919897798183,0.010707846649428993,1,0.47,0.6104003554222341
8,all,omission_rate,0.14685314685314688,0.11818181818181817,0.10243881118881118,0.13357517482517486,0.008242531316964018,0,0.0,3.4784615998146133
8,all,correct_rt_mean_ms,621.5749787313069,618.2089299127166,601.0030211148481,629.2474608853386,7.305304360723161,1,0.57,0.4607677726184613
8,all,correct_rt_q50_ms,617.2691999818195,612.6311733468137,591.8948894603978,626.689612450152,8.382435156551711,1,0.5,0.553303013788383
8,self,acc_all,0.7244755244755244,0.7272727272727273,0.7027972027972028,0.7553146853146853,0.014820073567666627,1,0.86,-0.18874419107511006
8,self,acc_responded,0.8215701823949246,0.8161818656421225,0.7902027751949073,0.8404549842567992,0.01314234645506618,1,0.73,0.40999655360059706
8,self,omission_rate,0.11818181818181817,0.10839160839160844,0.09087412587412591,0.1286888111888112,0.0100723188687564,1,0.39,0.9719916453973914
8,self,correct_rt_mean_ms,616.2723832070184,612.115647715159,596.2404109391447,624.37591235502,7.515570930163593,1,0.55,0.5530831297428712
8,self,correct_rt_q50_ms,615.257800091058,605.735144108838,586.3341892954575,620.6371636348015,8.765971051540363,1,0.2,1.0863207197731637
8,stranger,acc_all,0.6629370629370629,0.6944055944055944,0.6608216783216783,0.7189335664335664,0.015797100758061722,1,0.06,-1.9920447397584742
8,stranger,acc_responded,0.8040712468193384,0.7968678279481163,0.7679590048657271,0.8204835761641466,0.014657331061964188,1,0.59,0.49145501597593044
8,stranger,omission_rate,0.17552447552447548,0.1286713286713287,0.10907342657342661,0.14896853146853145,0.011084696746178232,0,0.0,4.22683163337786
8,stranger,correct_rt_mean_ms,627.3697983127023,623.767701476149,604.4950528201513,635.7122103679662,8.19798615637543,1,0.62,0.43938801162185587
8,stranger,correct_rt_q50_ms,631.8318000412545,619.8349703230402,594.9451740689423,634.1289931072438,9.55720996382577,1,0.15,1.2552648485931037
