group_id,identity,acc_all_median,correct_rt_q10_median,correct_rt_q30_median,correct_rt_q50_median,correct_rt_q70_median,correct_rt_q90_median
3,all,0.27134615384615385,234.8181197082509,247.59339759877727,301.1065940230225,391.97407734339095,518.6327312707315
3,self,0.2580769230769231,234.81673797545034,253.80450614499193,306.0913077478625,393.7707738206768,518.1577129789135
3,stranger,0.2853846153846154,234.81763872852764,244.59476065331984,295.39860448510865,389.80723356073463,516.9002148172201
4,all,0.39615384615384613,328.8581700531366,397.4928807950317,453.2408978607494,522.2342226880079,596.0381623615733
4,self,0.44405594405594406,331.20569658045406,395.6059582633734,446.5279306795114,519.3386925272555,594.8073426362014
4,stranger,0.34825174825174826,325.38496637621586,400.87607944079343,461.94748805223566,525.9685426081518,595.9152609284151
5,all,0.608041958041958,480.3606534953031,604.8785700171309,697.7059507524627,814.9419365330118,1011.2965048825004
5,self,0.686013986013986,467.548677331494,583.8718005408175,674.3636151665019,786.4170975766947,984.5947513390945
5,stranger,0.5293706293706294,502.1291163033262,633.5280986149164,728.1439336610451,847.9215467726091,1039.3605896950721
6,all,0.9515384615384616,702.9054152867684,714.474791482452,761.8590941592638,853.2743959760535,1095.106411128535
6,self,0.9715384615384616,702.6156038454807,713.5829899015209,755.5139792711054,834.3585203499703,1034.4628797415544
6,stranger,0.9315384615384615,703.0351224872495,716.0113434182047,769.2114022024421,876.337808356803,1165.0632270863844
7,all,0.5810897435897436,436.18522860098426,536.574342363746,589.3310906559725,653.1376219260826,750.8651884787253
7,self,0.6237179487179487,429.9278130891239,530.4708364214048,583.5813211251906,647.8670821362751,746.9869697041239
7,stranger,0.5365384615384615,446.4484469448995,542.9319885121524,595.6645028975202,659.0175563574751,754.443603963892
8,all,0.7104895104895105,477.18442499370383,557.1937542070345,612.6311733468137,678.2261235890832,779.7694722960705
8,self,0.7272727272727273,472.66049092304536,550.7986792238517,605.735144108838,671.0908347973273,774.0407446357967
8,stranger,0.6944055944055944,483.4433739722464,563.823407309237,619.8349703230402,685.4122473969802,785.3370614866687
