subj_idx,rt,response,identity,omission
0,0.8862882609894852,0,0,1
0,0.5305184273954815,1,0,0
0,0.7085184273954815,0,0,0
0,0.5045184273954816,0,0,0
0,0.6585184273954816,0,0,0
0,0.8862882609894852,0,0,1
0,0.6445184273954816,1,0,0
0,0.5425184273954815,0,0,0
0,0.6105184273954816,1,0,0
0,0.6325184273954816,1,0,0
0,0.7105184273954815,0,0,0
0,0.8862882609894852,0,0,1
0,0.8862882609894852,0,0,1
0,0.5285184273954815,0,0,0
0,0.8862882609894852,0,0,1
0,0.46651842739548155,1,0,0
0,0.7725184273954815,0,0,0
0,0.5425184273954815,1,0,0
0,0.7805184273954815,0,0,0
0,0.8862882609894852,0,0,1
0,0.8862882609894852,0,0,1
0,0.6625184273954816,0,0,0
0,0.3785184273954816,1,0,0
0,0.8862882609894852,0,0,1
0,0.4925184273954816,0,0,0
0,0.8685184273954816,1,0,0
0,0.5365184273954815,0,0,0
0,0.8862882609894852,0,0,1
0,0.7225184273954816,0,0,0
0,0.5205184273954816,0,0,0
0,0.6005184273954816,0,0,0
0,0.7445184273954816,0,0,0
0,0.4385184273954815,0,0,0
0,0.46651842739548155,1,0,0
0,0.8862882609894852,0,0,1
0,0.8485184273954816,0,0,0
0,0.47651842739548156,1,0,0
0,0.4985184273954816,1,0,0
0,0.8045184273954815,0,0,0
0,0.4305184273954816,0,0,0
0,0.8862882609894852,0,0,1
0,0.8862882609894852,0,0,1
0,0.8862882609894852,0,0,1
0,0.7705184273954815,0,0,0
0,0.8685184273954816,0,0,0
0,0.8862882609894852,0,0,1
0,0.4325184273954816,0,0,0
0,0.7065184273954815,0,0,0
0,0.8862882609894852,0,0,1
0,0.8205184273954815,0,0,0
0,0.8862882609894852,0,0,1
0,0.8862882609894852,0,0,1
0,0.7545184273954816,0,0,0
0,0.5125184273954816,0,0,0
0,0.8862882609894852,0,0,1
0,0.5785184273954815,1,0,0
0,0.6405184273954816,0,0,0
0,0.8862882609894852,0,0,1
0,0.5165184273954816,1,0,0
0,0.5805184273954815,0,0,0
0,0.4985184273954816,1,0,0
0,0.8745184273954816,0,0,0
0,0.8185184273954815,0,0,0
0,0.5025184273954816,0,0,0
0,0.8862882609894852,0,0,1
0,0.8862882609894852,0,0,1
0,0.8862882609894852,0,0,1
0,0.8862882609894852,0,0,1
0,0.5645184273954815,1,0,0
0,0.6905184273954816,1,0,0
0,0.8862882609894852,0,0,1
0,0.8862882609894852,0,0,1
0,0.5145184273954816,0,0,0
0,0.48851842739548157,1,0,0
0,0.5505184273954815,0,0,0
0,0.5385184273954815,0,0,0
0,0.8862882609894852,0,0,1
0,0.8862882609894852,0,0,1
0,0.4405184273954815,0,0,0
0,0.8705184273954816,1,0,0
0,0.8862882609894852,0,0,1
0,0.40451842739548155,0,0,0
0,0.8862882609894852,0,0,1
0,0.8862882609894852,0,0,1
0,0.45651842739548154,1,0,0
0,0.5705184273954815,1,0,0
0,0.6445184273954816,0,0,0
0,0.8862882609894852,0,0,1
0,0.5225184273954816,0,0,0
0,0.5685184273954815,1,0,0
0,0.5205184273954816,0,0,0
0,0.8862882609894852,0,0,1
0,0.5585184273954815,1,0,0
0,0.8862882609894852,0,0,1
0,0.8862882609894852,0,0,1
0,0.7125184273954815,1,0,0
0,0.8862882609894852,0,0,1
0,0.6045184273954816,1,0,0
0,0.8185184273954815,0,0,0
0,0.6925184273954816,0,0,0
0,0.8862882609894852,0,0,1
0,0.8862882609894852,0,0,1
0,0.8145184273954815,1,0,0
0,0.8862882609894852,0,0,1
0,0.7985184273954815,0,0,0
0,0.6345184273954816,0,0,0
0,0.47251842739548156,0,0,0
0,0.8862882609894852,0,0,1
0,0.47851842739548156,0,0,0
0,0.6485184273954816,1,0,0
0,0.8862882609894852,0,0,1
0,0.8862882609894852,0,0,1
0,0.8785184273954816,0,0,0
0,0.6525184273954816,0,0,0
0,0.47651842739548156,0,0,0
0,0.6125184273954816,0,0,0
0,0.5645184273954815,1,0,0
0,0.8862882609894852,0,0,1
0,0.8862882609894852,0,0,1
0,0.8862882609894852,0,0,1
0,0.8862882609894852,0,0,1
0,0.6025184273954816,0,0,0
0,0.8365184273954815,0,0,0
0,0.8862882609894852,0,0,1
0,0.7785184273954815,0,0,0
0,0.8862882609894852,0,0,1
0,0.8862882609894852,0,0,1
0,0.8862882609894852,0,0,1
0,0.5905184273954815,0,0,0
0,0.8862882609894852,0,0,1
0,0.8862882609894852,0,1,1
0,0.8645184273954816,0,1,0
0,0.8785184273954816,0,1,0
0,0.46051842739548154,0,1,0
0,0.7285184273954816,0,1,0
0,0.8225184273954815,0,1,0
0,0.6725184273954816,1,1,0
0,0.6705184273954816,0,1,0
0,0.8862882609894852,0,1,1
0,0.3785184273954816,1,1,0
0,0.8862882609894852,0,1,1
0,0.8862882609894852,0,1,1
0,0.8862882609894852,0,1,1
0,0.8862882609894852,0,1,1
0,0.8862882609894852,0,1,1
0,0.5465184273954815,0,1,0
0,0.5325184273954815,1,1,0
0,0.8862882609894852,0,1,1
0,0.45251842739548154,1,1,0
0,0.5105184273954816,0,1,0
0,0.48051842739548156,0,1,0
0,0.8862882609894852,0,1,1
0,0.6025184273954816,0,1,0
0,0.7625184273954816,1,1,0
0,0.5245184273954815,1,1,0
0,0.6765184273954816,0,1,0
0,0.8862882609894852,0,1,1
0,0.5685184273954815,0,1,0
0,0.5905184273954815,0,1,0
0,0.8405184273954815,0,1,0
0,0.8862882609894852,0,1,1
0,0.8862882609894852,0,1,1
0,0.7745184273954815,1,1,0
0,0.8862882609894852,0,1,1
0,0.8862882609894852,0,1,1
0,0.8862882609894852,0,1,1
0,0.5265184273954815,1,1,0
0,0.8862882609894852,0,1,1
0,0.7845184273954815,1,1,0
0,0.6205184273954816,0,1,0
0,0.7925184273954815,0,1,0
0,0.5365184273954815,1,1,0
0,0.5225184273954816,1,1,0
0,0.5385184273954815,1,1,0
0,0.8862882609894852,0,1,1
0,0.8862882609894852,0,1,1
0,0.4945184273954816,1,1,0
0,0.8862882609894852,0,1,1
0,0.8862882609894852,0,1,1
0,0.48051842739548156,1,1,0
0,0.6725184273954816,1,1,0
0,0.5445184273954815,0,1,0
0,0.8862882609894852,0,1,1
0,0.8862882609894852,0,1,1
0,0.8862882609894852,0,1,1
0,0.6385184273954816,0,1,0
0,0.8862882609894852,0,1,1
0,0.8862882609894852,0,1,1
0,0.6745184273954816,1,1,0
0,0.8005184273954815,1,1,0
0,0.41051842739548156,1,1,0
0,0.8862882609894852,0,1,1
0,0.5765184273954815,0,1,0
0,0.4385184273954815,1,1,0
0,0.7085184273954815,0,1,0
0,0.7185184273954816,1,1,0
0,0.8862882609894852,0,1,1
0,0.6505184273954816,1,1,0
0,0.8525184273954816,1,1,0
0,0.8862882609894852,0,1,1
0,0.8565184273954816,0,1,0
0,0.7745184273954815,0,1,0
0,0.7105184273954815,0,1,0
0,0.8862882609894852,0,1,1
0,0.5825184273954815,0,1,0
0,0.8085184273954815,1,1,0
0,0.8862882609894852,0,1,1
0,0.6205184273954816,1,1,0
0,0.8825184273954816,0,1,0
0,0.7605184273954816,1,1,0
0,0.5145184273954816,0,1,0
0,0.5065184273954816,0,1,0
0,0.7205184273954816,0,1,0
0,0.8862882609894852,0,1,1
0,0.8862882609894852,0,1,1
0,0.6805184273954816,1,1,0
0,0.5485184273954815,1,1,0
0,0.8625184273954816,0,1,0
0,0.8605184273954816,0,1,0
0,0.5965184273954816,1,1,0
0,0.45851842739548154,1,1,0
0,0.8862882609894852,0,1,1
0,0.4945184273954816,1,1,0
0,0.44851842739548153,1,1,0
0,0.5505184273954815,0,1,0
0,0.8862882609894852,0,1,1
0,0.5685184273954815,1,1,0
0,0.6505184273954816,0,1,0
0,0.6745184273954816,0,1,0
0,0.8645184273954816,0,1,0
0,0.8862882609894852,0,1,1
0,0.7205184273954816,0,1,0
0,0.8862882609894852,0,1,1
0,0.7485184273954816,0,1,0
0,0.6565184273954816,0,1,0
0,0.8705184273954816,0,1,0
0,0.8862882609894852,0,1,1
0,0.46451842739548155,0,1,0
0,0.5245184273954815,0,1,0
0,0.5065184273954816,0,1,0
0,0.6685184273954816,1,1,0
0,0.8862882609894852,0,1,1
0,0.6105184273954816,0,1,0
0,0.8862882609894852,0,1,1
0,0.8862882609894852,0,1,1
0,0.8862882609894852,0,1,1
0,0.8862882609894852,0,1,1
0,0.8862882609894852,0,1,1
0,0.5285184273954815,1,1,0
0,0.5905184273954815,1,1,0
0,0.5105184273954816,0,1,0
0,0.8205184273954815,1,1,0
0,0.5745184273954815,1,1,0
0,0.6805184273954816,0,1,0
0,0.7065184273954815,1,1,0
0,0.5085184273954816,0,1,0
0,0.45051842739548154,0,1,0
0,0.5425184273954815,1,1,0
0,0.7485184273954816,0,1,0
0,0.8862882609894852,0,1,1
1,0.6585184273954816,0,0,0
1,0.45651842739548154,0,0,0
1,0.5585184273954815,1,0,0
1,0.8862882609894852,0,0,1
1,0.8862882609894852,0,0,1
1,0.46651842739548155,0,0,0
1,0.6305184273954816,1,0,0
1,0.7485184273954816,0,0,0
1,0.8285184273954815,1,0,0
1,0.6125184273954816,0,0,0
1,0.8862882609894852,0,0,1
1,0.47651842739548156,1,0,0
1,0.40251842739548155,0,0,0
1,0.6105184273954816,1,0,0
1,0.7105184273954815,0,0,0
1,0.8862882609894852,0,0,1
1,0.7125184273954815,1,0,0
1,0.5705184273954815,0,0,0
1,0.8862882609894852,0,0,1
1,0.6285184273954816,1,0,0
1,0.6385184273954816,0,0,0
1,0.8862882609894852,0,0,1
1,0.6565184273954816,0,0,0
1,0.8105184273954815,0,0,0
1,0.7025184273954815,0,0,0
1,0.8465184273954816,1,0,0
1,0.41651842739548156,1,0,0
1,0.8862882609894852,0,0,1
1,0.5785184273954815,1,0,0
1,0.5885184273954815,0,0,0
1,0.8862882609894852,0,0,1
1,0.46651842739548155,1,0,0
1,0.8625184273954816,1,0,0
1,0.7605184273954816,1,0,0
1,0.8862882609894852,0,0,1
1,0.6885184273954816,0,0,0
1,0.8862882609894852,0,0,1
1,0.8205184273954815,0,0,0
1,0.8862882609894852,0,0,1
1,0.8862882609894852,0,0,1
1,0.8862882609894852,0,0,1
1,0.6265184273954816,1,0,0
1,0.6985184273954816,0,0,0
1,0.8205184273954815,0,0,0
1,0.6485184273954816,0,0,0
1,0.4945184273954816,0,0,0
1,0.8862882609894852,0,0,1
1,0.4965184273954816,1,0,0
1,0.7885184273954815,0,0,0
1,0.5085184273954816,0,0,0
1,0.44251842739548153,1,0,0
1,0.5265184273954815,0,0,0
1,0.8862882609894852,0,0,1
1,0.7825184273954815,0,0,0
1,0.8862882609894852,0,0,1
1,0.5865184273954815,1,0,0
1,0.4305184273954816,1,0,0
1,0.8862882609894852,0,0,1
1,0.8862882609894852,0,0,1
1,0.8705184273954816,1,0,0
1,0.5765184273954815,0,0,0
1,0.40851842739548155,1,0,0
1,0.5345184273954815,1,0,0
1,0.48051842739548156,0,0,0
1,0.5585184273954815,0,0,0
1,0.8862882609894852,0,0,1
1,0.7085184273954815,0,0,0
1,0.8862882609894852,0,0,1
1,0.8862882609894852,0,0,1
1,0.8862882609894852,0,0,1
1,0.5805184273954815,0,0,0
1,0.8862882609894852,0,0,1
1,0.8862882609894852,0,0,1
1,0.45651842739548154,0,0,0
1,0.5545184273954815,0,0,0
1,0.5245184273954815,0,0,0
1,0.7245184273954816,0,0,0
1,0.8862882609894852,0,0,1
1,0.8862882609894852,0,0,1
1,0.5125184273954816,0,0,0
1,0.49051842739548157,0,0,0
1,0.5225184273954816,0,0,0
1,0.6145184273954816,0,0,0
1,0.5225184273954816,0,0,0
1,0.7905184273954815,1,0,0
1,0.48651842739548157,0,0,0
1,0.8862882609894852,0,0,1
1,0.8005184273954815,0,0,0
1,0.8862882609894852,0,0,1
1,0.8862882609894852,0,0,1
1,0.8862882609894852,0,0,1
1,0.8862882609894852,0,0,1
1,0.41251842739548156,0,0,0
1,0.40251842739548155,1,0,0
1,0.4405184273954815,0,0,0
1,0.8862882609894852,0,0,1
1,0.6385184273954816,1,0,0
1,0.7685184273954815,0,0,0
1,0.5985184273954816,0,0,0
1,0.48851842739548157,1,0,0
1,0.47051842739548155,1,0,0
1,0.47251842739548156,1,0,0
1,0.8862882609894852,0,0,1
1,0.8862882609894852,0,0,1
1,0.6805184273954816,0,0,0
1,0.5365184273954815,1,0,0
1,0.46651842739548155,0,0,0
1,0.8862882609894852,0,0,1
1,0.6545184273954816,0,0,0
1,0.6425184273954816,1,0,0
1,0.5885184273954815,1,0,0
1,0.5365184273954815,1,0,0
1,0.45651842739548154,1,0,0
1,0.5525184273954815,0,0,0
1,0.7625184273954816,0,0,0
1,0.7805184273954815,0,0,0
1,0.7905184273954815,1,0,0
1,0.45051842739548154,1,0,0
1,0.7705184273954815,1,0,0
1,0.4965184273954816,1,0,0
1,0.5205184273954816,0,0,0
1,0.4985184273954816,0,0,0
1,0.6945184273954816,1,0,0
1,0.6405184273954816,1,0,0
1,0.5585184273954815,1,0,0
1,0.7105184273954815,0,0,0
1,0.8862882609894852,0,0,1
1,0.8862882609894852,0,0,1
1,0.5505184273954815,0,0,0
1,0.8862882609894852,0,0,1
1,0.8862882609894852,0,1,1
1,0.4365184273954815,0,1,0
1,0.6005184273954816,0,1,0
1,0.5885184273954815,0,1,0
1,0.5665184273954815,1,1,0
1,0.8862882609894852,0,1,1
1,0.5845184273954815,1,1,0
1,0.5625184273954815,0,1,0
1,0.6365184273954816,1,1,0
1,0.6305184273954816,1,1,0
1,0.6005184273954816,1,1,0
1,0.8505184273954816,0,1,0
1,0.8265184273954815,1,1,0
1,0.5685184273954815,0,1,0
1,0.8805184273954816,0,1,0
1,0.8745184273954816,0,1,0
1,0.46451842739548155,1,1,0
1,0.5845184273954815,0,1,0
1,0.8862882609894852,0,1,1
1,0.8862882609894852,0,1,1
1,0.8862882609894852,0,1,1
1,0.5305184273954815,0,1,0
1,0.8862882609894852,0,1,1
1,0.6565184273954816,1,1,0
1,0.7125184273954815,1,1,0
1,0.8862882609894852,0,1,1
1,0.5605184273954815,0,1,0
1,0.5105184273954816,0,1,0
1,0.6085184273954816,1,1,0
1,0.8862882609894852,0,1,1
1,0.6945184273954816,0,1,0
1,0.7045184273954815,1,1,0
1,0.8862882609894852,0,1,1
1,0.8485184273954816,0,1,0
1,0.7745184273954815,0,1,0
1,0.42451842739548157,1,1,0
1,0.8862882609894852,0,1,1
1,0.5225184273954816,1,1,0
1,0.5485184273954815,1,1,0
1,0.8862882609894852,0,1,1
1,0.8862882609894852,0,1,1
1,0.8862882609894852,0,1,1
1,0.45051842739548154,1,1,0
1,0.8862882609894852,0,1,1
1,0.8862882609894852,0,1,1
1,0.8862882609894852,0,1,1
1,0.8862882609894852,0,1,1
1,0.7325184273954816,1,1,0
1,0.8305184273954815,1,1,0
1,0.6505184273954816,0,1,0
1,0.4985184273954816,1,1,0
1,0.8862882609894852,0,1,1
1,0.8862882609894852,0,1,1
1,0.5185184273954816,1,1,0
1,0.6005184273954816,0,1,0
1,0.8645184273954816,0,1,0
1,0.8862882609894852,0,1,1
1,0.7905184273954815,1,1,0
1,0.5765184273954815,1,1,0
1,0.6125184273954816,0,1,0
1,0.8862882609894852,0,1,1
1,0.6465184273954816,1,1,0
1,0.6745184273954816,1,1,0
1,0.6305184273954816,1,1,0
1,0.7145184273954815,0,1,0
1,0.8862882609894852,0,1,1
1,0.45651842739548154,1,1,0
1,0.48051842739548156,0,1,0
1,0.6345184273954816,0,1,0
1,0.44251842739548153,1,1,0
1,0.7905184273954815,1,1,0
1,0.8862882609894852,0,1,1
1,0.6565184273954816,1,1,0
1,0.8862882609894852,0,1,1
1,0.8862882609894852,0,1,1
1,0.5025184273954816,0,1,0
1,0.5045184273954816,0,1,0
1,0.39251842739548154,1,1,0
1,0.4965184273954816,1,1,0
1,0.8862882609894852,0,1,1
1,0.8862882609894852,0,1,1
1,0.5005184273954816,0,1,0
1,0.47651842739548156,1,1,0
1,0.5205184273954816,0,1,0
1,0.5365184273954815,1,1,0
1,0.8425184273954816,0,1,0
1,0.8862882609894852,0,1,1
1,0.6445184273954816,1,1,0
1,0.8862882609894852,0,1,1
1,0.7325184273954816,0,1,0
1,0.5625184273954815,1,1,0
1,0.8862882609894852,0,1,1
1,0.5985184273954816,1,1,0
1,0.8862882609894852,0,1,1
1,0.8862882609894852,0,1,1
1,0.47451842739548156,0,1,0
1,0.8862882609894852,0,1,1
1,0.7005184273954815,0,1,0
1,0.47651842739548156,1,1,0
1,0.41051842739548156,1,1,0
1,0.8862882609894852,0,1,1
1,0.6005184273954816,0,1,0
1,0.8862882609894852,0,1,1
1,0.5185184273954816,0,1,0
1,0.46651842739548155,1,1,0
1,0.8862882609894852,0,1,1
1,0.8862882609894852,0,1,1
1,0.8862882609894852,0,1,1
1,0.5905184273954815,1,1,0
1,0.8862882609894852,0,1,1
1,0.8862882609894852,0,1,1
1,0.8862882609894852,0,1,1
1,0.8862882609894852,0,1,1
1,0.8585184273954816,0,1,0
1,0.5045184273954816,0,1,0
1,0.6545184273954816,1,1,0
1,0.8862882609894852,0,1,1
1,0.44651842739548153,1,1,0
1,0.7785184273954815,0,1,0
1,0.7505184273954816,0,1,0
1,0.8105184273954815,1,1,0
1,0.48251842739548156,1,1,0
1,0.6165184273954816,1,1,0
1,0.8862882609894852,0,1,1
1,0.7085184273954815,1,1,0
1,0.46651842739548155,0,1,0
1,0.5205184273954816,0,1,0
1,0.8862882609894852,0,1,1
1,0.6885184273954816,0,1,0
1,0.42651842739548157,0,1,0
2,0.8862882609894852,0,0,1
2,0.6045184273954816,0,0,0
2,0.5305184273954815,1,0,0
2,0.8862882609894852,0,0,1
2,0.8862882609894852,0,0,1
2,0.7145184273954815,1,0,0
2,0.8862882609894852,0,0,1
2,0.7065184273954815,0,0,0
2,0.8862882609894852,0,0,1
2,0.5865184273954815,0,0,0
2,0.5605184273954815,1,0,0
2,0.6145184273954816,0,0,0
2,0.6805184273954816,0,0,0
2,0.8862882609894852,0,0,1
2,0.48251842739548156,1,0,0
2,0.4985184273954816,1,0,0
2,0.8862882609894852,0,0,1
2,0.4405184273954815,0,0,0
2,0.6325184273954816,1,0,0
2,0.45051842739548154,0,0,0
2,0.5085184273954816,1,0,0
2,0.8862882609894852,0,0,1
2,0.47251842739548156,0,0,0
2,0.5365184273954815,0,0,0
2,0.8862882609894852,0,0,1
2,0.5205184273954816,1,0,0
2,0.8862882609894852,0,0,1
2,0.8862882609894852,0,0,1
2,0.6625184273954816,0,0,0
2,0.46851842739548155,0,0,0
2,0.8862882609894852,0,0,1
2,0.8085184273954815,1,0,0
2,0.6245184273954816,1,0,0
2,0.8862882609894852,0,0,1
2,0.4305184273954816,0,0,0
2,0.5885184273954815,0,0,0
2,0.5885184273954815,0,0,0
2,0.4925184273954816,0,0,0
2,0.8385184273954815,1,0,0
2,0.5345184273954815,0,0,0
2,0.8862882609894852,0,0,1
2,0.7525184273954816,1,0,0
2,0.8862882609894852,0,0,1
2,0.5485184273954815,0,0,0
2,0.6885184273954816,0,0,0
2,0.7745184273954815,0,0,0
2,0.5785184273954815,0,0,0
2,0.6665184273954816,1,0,0
2,0.8625184273954816,1,0,0
2,0.5265184273954815,0,0,0
2,0.8862882609894852,0,0,1
2,0.8862882609894852,0,0,1
2,0.8862882609894852,0,0,1
2,0.8862882609894852,0,0,1
2,0.8862882609894852,0,0,1
2,0.8862882609894852,0,0,1
2,0.8862882609894852,0,0,1
2,0.6385184273954816,1,0,0
2,0.5785184273954815,0,0,0
2,0.8862882609894852,0,0,1
2,0.8862882609894852,0,0,1
2,0.6065184273954816,0,0,0
2,0.7605184273954816,1,0,0
2,0.6185184273954816,1,0,0
2,0.5365184273954815,0,0,0
2,0.8862882609894852,0,0,1
2,0.5645184273954815,1,0,0
2,0.8862882609894852,0,0,1
2,0.44451842739548153,0,0,0
2,0.8862882609894852,0,0,1
2,0.8862882609894852,0,0,1
2,0.5945184273954816,0,0,0
2,0.7645184273954816,0,0,0
2,0.6665184273954816,0,0,0
2,0.8862882609894852,0,0,1
2,0.5725184273954815,0,0,0
2,0.7345184273954816,0,0,0
2,0.8862882609894852,0,0,1
2,0.8862882609894852,0,0,1
2,0.5705184273954815,1,0,0
2,0.6165184273954816,0,0,0
2,0.44451842739548153,1,0,0
2,0.8862882609894852,0,0,1
2,0.8862882609894852,0,0,1
2,0.6285184273954816,0,0,0
2,0.5125184273954816,0,0,0
2,0.5225184273954816,0,0,0
2,0.7325184273954816,0,0,0
2,0.6965184273954816,1,0,0
2,0.8862882609894852,0,0,1
2,0.5365184273954815,1,0,0
2,0.7425184273954816,1,0,0
2,0.8862882609894852,0,0,1
2,0.6705184273954816,0,0,0
2,0.7265184273954816,0,0,0
2,0.8862882609894852,0,0,1
2,0.5865184273954815,0,0,0
2,0.4985184273954816,1,0,0
2,0.5865184273954815,0,0,0
2,0.8645184273954816,1,0,0
2,0.6725184273954816,1,0,0
2,0.4945184273954816,1,0,0
2,0.8862882609894852,0,0,1
2,0.8862882609894852,0,0,1
2,0.5765184273954815,1,0,0
2,0.7325184273954816,0,0,0
2,0.8862882609894852,0,0,1
2,0.7945184273954815,0,0,0
2,0.48851842739548157,0,0,0
2,0.48451842739548157,1,0,0
2,0.5485184273954815,1,0,0
2,0.8862882609894852,0,0,1
2,0.6485184273954816,1,0,0
2,0.8862882609894852,0,0,1
2,0.7605184273954816,0,0,0
2,0.7005184273954815,1,0,0
2,0.8862882609894852,0,0,1
2,0.8185184273954815,1,0,0
2,0.7445184273954816,1,0,0
2,0.8862882609894852,0,0,1
2,0.8862882609894852,0,0,1
2,0.7625184273954816,1,0,0
2,0.4345184273954816,1,0,0
2,0.7405184273954816,0,0,0
2,0.6045184273954816,1,0,0
2,0.46651842739548155,1,0,0
2,0.4405184273954815,1,0,0
2,0.7285184273954816,1,0,0
2,0.8862882609894852,0,0,1
2,0.6725184273954816,1,0,0
2,0.8862882609894852,0,1,1
2,0.5105184273954816,0,1,0
2,0.8862882609894852,0,1,1
2,0.6145184273954816,0,1,0
2,0.5165184273954816,1,1,0
2,0.8862882609894852,0,1,1
2,0.45651842739548154,0,1,0
2,0.8145184273954815,0,1,0
2,0.5285184273954815,1,1,0
2,0.7025184273954815,1,1,0
2,0.6825184273954816,1,1,0
2,0.7585184273954816,0,1,0
2,0.8862882609894852,0,1,1
2,0.5745184273954815,0,1,0
2,0.6665184273954816,0,1,0
2,0.7925184273954815,1,1,0
2,0.6085184273954816,1,1,0
2,0.7405184273954816,1,1,0
2,0.47051842739548155,1,1,0
2,0.7525184273954816,0,1,0
2,0.5565184273954815,1,1,0
2,0.49051842739548157,0,1,0
2,0.8862882609894852,0,1,1
2,0.8862882609894852,0,1,1
2,0.7845184273954815,1,1,0
2,0.8862882609894852,0,1,1
2,0.5345184273954815,1,1,0
2,0.8862882609894852,0,1,1
2,0.8862882609894852,0,1,1
2,0.6665184273954816,1,1,0
2,0.6905184273954816,0,1,0
2,0.7665184273954815,1,1,0
2,0.8862882609894852,0,1,1
2,0.44251842739548153,0,1,0
2,0.7145184273954815,1,1,0
2,0.5745184273954815,1,1,0
2,0.6645184273954816,0,1,0
2,0.8862882609894852,0,1,1
2,0.6585184273954816,1,1,0
2,0.5945184273954816,1,1,0
2,0.8862882609894852,0,1,1
2,0.48851842739548157,1,1,0
2,0.45651842739548154,0,1,0
2,0.7125184273954815,0,1,0
2,0.8862882609894852,0,1,1
2,0.48851842739548157,0,1,0
2,0.8862882609894852,0,1,1
2,0.44251842739548153,1,1,0
2,0.8862882609894852,0,1,1
2,0.8862882609894852,0,1,1
2,0.5585184273954815,0,1,0
2,0.6745184273954816,0,1,0
2,0.5525184273954815,1,1,0
2,0.6985184273954816,1,1,0
2,0.6205184273954816,0,1,0
2,0.7865184273954815,1,1,0
2,0.6525184273954816,1,1,0
2,0.8862882609894852,0,1,1
2,0.8862882609894852,0,1,1
2,0.8862882609894852,0,1,1
2,0.8862882609894852,0,1,1
2,0.7605184273954816,1,1,0
2,0.5745184273954815,1,1,0
2,0.5685184273954815,1,1,0
2,0.6665184273954816,1,1,0
2,0.8105184273954815,0,1,0
2,0.8862882609894852,0,1,1
2,0.8862882609894852,0,1,1
2,0.5085184273954816,1,1,0
2,0.5285184273954815,0,1,0
2,0.5885184273954815,1,1,0
2,0.6185184273954816,1,1,0
2,0.8862882609894852,0,1,1
2,0.8862882609894852,0,1,1
2,0.8862882609894852,0,1,1
2,0.7785184273954815,0,1,0
2,0.5205184273954816,1,1,0
2,0.4325184273954816,1,1,0
2,0.6485184273954816,0,1,0
2,0.8862882609894852,0,1,1
2,0.5225184273954816,1,1,0
2,0.4305184273954816,1,1,0
2,0.8862882609894852,0,1,1
2,0.6545184273954816,0,1,0
2,0.6525184273954816,1,1,0
2,0.5545184273954815,0,1,0
2,0.6205184273954816,1,1,0
2,0.5565184273954815,0,1,0
2,0.8862882609894852,0,1,1
2,0.4925184273954816,1,1,0
2,0.6665184273954816,0,1,0
2,0.8862882609894852,0,1,1
2,0.6025184273954816,1,1,0
2,0.6245184273954816,0,1,0
2,0.6045184273954816,1,1,0
2,0.6285184273954816,0,1,0
2,0.5825184273954815,0,1,0
2,0.48251842739548156,1,1,0
2,0.6445184273954816,1,1,0
2,0.7985184273954815,0,1,0
2,0.8862882609894852,0,1,1
2,0.47451842739548156,1,1,0
2,0.8862882609894852,0,1,1
2,0.47451842739548156,1,1,0
2,0.8862882609894852,0,1,1
2,0.7945184273954815,0,1,0
2,0.6685184273954816,0,1,0
2,0.5005184273954816,1,1,0
2,0.6085184273954816,0,1,0
2,0.8862882609894852,0,1,1
2,0.5685184273954815,1,1,0
2,0.8862882609894852,0,1,1
2,0.6525184273954816,0,1,0
2,0.5185184273954816,0,1,0
2,0.7845184273954815,1,1,0
2,0.4365184273954815,1,1,0
2,0.5105184273954816,0,1,0
2,0.7405184273954816,1,1,0
2,0.5745184273954815,0,1,0
2,0.8862882609894852,0,1,1
2,0.48451842739548157,1,1,0
2,0.6085184273954816,0,1,0
2,0.7345184273954816,0,1,0
2,0.6345184273954816,0,1,0
2,0.7405184273954816,0,1,0
2,0.6605184273954816,0,1,0
2,0.8862882609894852,0,1,1
2,0.7785184273954815,0,1,0
2,0.8862882609894852,0,1,1
2,0.4405184273954815,1,1,0
3,0.5765184273954815,0,0,0
3,0.46051842739548154,0,0,0
3,0.47251842739548156,0,0,0
3,0.5925184273954816,0,0,0
3,0.8862882609894852,0,0,1
3,0.7085184273954815,0,0,0
3,0.8862882609894852,0,0,1
3,0.6085184273954816,0,0,0
3,0.5465184273954815,1,0,0
3,0.8862882609894852,0,0,1
3,0.8862882609894852,0,0,1
3,0.5245184273954815,1,0,0
3,0.8862882609894852,0,0,1
3,0.5865184273954815,0,0,0
3,0.8862882609894852,0,0,1
3,0.4365184273954815,1,0,0
3,0.6325184273954816,0,0,0
3,0.6585184273954816,0,0,0
3,0.7725184273954815,1,0,0
3,0.8862882609894852,0,0,1
3,0.41851842739548156,1,0,0
3,0.5905184273954815,0,0,0
3,0.8862882609894852,0,0,1
3,0.8385184273954815,0,0,0
3,0.47651842739548156,1,0,0
3,0.4345184273954816,1,0,0
3,0.5225184273954816,1,0,0
3,0.5045184273954816,0,0,0
3,0.8862882609894852,0,0,1
3,0.8862882609894852,0,0,1
3,0.5765184273954815,1,0,0
3,0.8862882609894852,0,0,1
3,0.8862882609894852,0,0,1
3,0.5365184273954815,0,0,0
3,0.8862882609894852,0,0,1
3,0.6585184273954816,1,0,0
3,0.5485184273954815,1,0,0
3,0.8862882609894852,0,0,1
3,0.8765184273954816,1,0,0
3,0.8862882609894852,0,0,1
3,0.5745184273954815,0,0,0
3,0.8862882609894852,0,0,1
3,0.8245184273954815,0,0,0
3,0.6625184273954816,0,0,0
3,0.6885184273954816,0,0,0
3,0.8862882609894852,0,0,1
3,0.7005184273954815,1,0,0
3,0.8765184273954816,0,0,0
3,0.5665184273954815,0,0,0
3,0.48251842739548156,0,0,0
3,0.4985184273954816,0,0,0
3,0.49051842739548157,0,0,0
3,0.8862882609894852,0,0,1
3,0.6325184273954816,0,0,0
3,0.6005184273954816,0,0,0
3,0.8862882609894852,0,0,1
3,0.8205184273954815,1,0,0
3,0.8862882609894852,0,0,1
3,0.8862882609894852,0,0,1
3,0.7165184273954815,1,0,0
3,0.6765184273954816,0,0,0
3,0.8862882609894852,0,0,1
3,0.6525184273954816,0,0,0
3,0.44251842739548153,0,0,0
3,0.8862882609894852,0,0,1
3,0.8862882609894852,0,0,1
3,0.8862882609894852,0,0,1
3,0.45451842739548154,1,0,0
3,0.8765184273954816,0,0,0
3,0.5605184273954815,0,0,0
3,0.5425184273954815,1,0,0
3,0.5085184273954816,1,0,0
3,0.6945184273954816,0,0,0
3,0.5905184273954815,1,0,0
3,0.6045184273954816,0,0,0
3,0.8862882609894852,0,0,1
3,0.6885184273954816,0,0,0
3,0.6685184273954816,0,0,0
3,0.8565184273954816,1,0,0
3,0.5365184273954815,1,0,0
3,0.8862882609894852,0,0,1
3,0.8862882609894852,0,0,1
3,0.5525184273954815,0,0,0
3,0.6825184273954816,0,0,0
3,0.8862882609894852,0,0,1
3,0.8862882609894852,0,0,1
3,0.8862882609894852,0,0,1
3,0.8862882609894852,0,0,1
3,0.7185184273954816,1,0,0
3,0.5225184273954816,0,0,0
3,0.5485184273954815,0,0,0
3,0.5505184273954815,0,0,0
3,0.5405184273954815,0,0,0
3,0.7825184273954815,0,0,0
3,0.5565184273954815,1,0,0
3,0.6945184273954816,0,0,0
3,0.8862882609894852,0,0,1
3,0.4405184273954815,1,0,0
3,0.5585184273954815,0,0,0
3,0.5025184273954816,0,0,0
3,0.6705184273954816,1,0,0
3,0.7185184273954816,0,0,0
3,0.5465184273954815,1,0,0
3,0.8525184273954816,1,0,0
3,0.8862882609894852,0,0,1
3,0.8465184273954816,0,0,0
3,0.7605184273954816,0,0,0
3,0.8845184273954816,0,0,0
3,0.8862882609894852,0,0,1
3,0.4985184273954816,0,0,0
3,0.5885184273954815,0,0,0
3,0.8862882609894852,0,0,1
3,0.8862882609894852,0,0,1
3,0.8862882609894852,0,0,1
3,0.47051842739548155,0,0,0
3,0.5525184273954815,1,0,0
3,0.8862882609894852,0,0,1
3,0.48651842739548157,0,0,0
3,0.8862882609894852,0,0,1
3,0.8862882609894852,0,0,1
3,0.7965184273954815,1,0,0
3,0.5905184273954815,0,0,0
3,0.8862882609894852,0,0,1
3,0.6365184273954816,1,0,0
3,0.8862882609894852,0,0,1
3,0.5825184273954815,0,0,0
3,0.8862882609894852,0,0,1
3,0.5365184273954815,0,0,0
3,0.4985184273954816,0,0,0
3,0.6425184273954816,1,0,0
3,0.8862882609894852,0,1,1
3,0.8305184273954815,0,1,0
3,0.5685184273954815,1,1,0
3,0.7265184273954816,0,1,0
3,0.8862882609894852,0,1,1
3,0.5825184273954815,0,1,0
3,0.6565184273954816,1,1,0
3,0.8862882609894852,0,1,1
3,0.5605184273954815,1,1,0
3,0.8862882609894852,0,1,1
3,0.7465184273954816,0,1,0
3,0.5585184273954815,0,1,0
3,0.5445184273954815,1,1,0
3,0.6485184273954816,1,1,0
3,0.8862882609894852,0,1,1
3,0.7025184273954815,0,1,0
3,0.45051842739548154,1,1,0
3,0.8862882609894852,0,1,1
3,0.46051842739548154,1,1,0
3,0.47251842739548156,1,1,0
3,0.8862882609894852,0,1,1
3,0.8862882609894852,0,1,1
3,0.8862882609894852,0,1,1
3,0.7105184273954815,0,1,0
3,0.8605184273954816,1,1,0
3,0.8862882609894852,0,1,1
3,0.6265184273954816,1,1,0
3,0.45451842739548154,1,1,0
3,0.5545184273954815,1,1,0
3,0.5405184273954815,1,1,0
3,0.7725184273954815,0,1,0
3,0.6005184273954816,0,1,0
3,0.8862882609894852,0,1,1
3,0.8862882609894852,0,1,1
3,0.8862882609894852,0,1,1
3,0.5885184273954815,0,1,0
3,0.6565184273954816,0,1,0
3,0.5765184273954815,0,1,0
3,0.7685184273954815,1,1,0
3,0.8862882609894852,0,1,1
3,0.7145184273954815,1,1,0
3,0.6785184273954816,1,1,0
3,0.8862882609894852,0,1,1
3,0.8065184273954815,0,1,0
3,0.47251842739548156,0,1,0
3,0.5485184273954815,0,1,0
3,0.5685184273954815,0,1,0
3,0.8862882609894852,0,1,1
3,0.5925184273954816,1,1,0
3,0.5665184273954815,0,1,0
3,0.5285184273954815,0,1,0
3,0.6825184273954816,1,1,0
3,0.8862882609894852,0,1,1
3,0.8862882609894852,0,1,1
3,0.8862882609894852,0,1,1
3,0.6905184273954816,0,1,0
3,0.8125184273954815,0,1,0
3,0.5705184273954815,1,1,0
3,0.8862882609894852,0,1,1
3,0.8862882609894852,0,1,1
3,0.8705184273954816,1,1,0
3,0.8862882609894852,0,1,1
3,0.8445184273954816,1,1,0
3,0.8862882609894852,0,1,1
3,0.8862882609894852,0,1,1
3,0.45051842739548154,1,1,0
3,0.8862882609894852,0,1,1
3,0.8645184273954816,0,1,0
3,0.5305184273954815,0,1,0
3,0.6245184273954816,0,1,0
3,0.8862882609894852,0,1,1
3,0.8205184273954815,1,1,0
3,0.6665184273954816,0,1,0
3,0.8862882609894852,0,1,1
3,0.8862882609894852,0,1,1
3,0.6005184273954816,1,1,0
3,0.8862882609894852,0,1,1
3,0.8862882609894852,0,1,1
3,0.6265184273954816,0,1,0
3,0.45251842739548154,1,1,0
3,0.8625184273954816,0,1,0
3,0.48451842739548157,0,1,0
3,0.8862882609894852,0,1,1
3,0.5345184273954815,0,1,0
3,0.8862882609894852,0,1,1
3,0.44651842739548153,0,1,0
3,0.6705184273954816,1,1,0
3,0.46051842739548154,1,1,0
3,0.5645184273954815,1,1,0
3,0.6045184273954816,1,1,0
3,0.8862882609894852,0,1,1
3,0.4305184273954816,0,1,0
3,0.8862882609894852,0,1,1
3,0.5305184273954815,1,1,0
3,0.8265184273954815,0,1,0
3,0.8862882609894852,0,1,1
3,0.8862882609894852,0,1,1
3,0.8862882609894852,0,1,1
3,0.5545184273954815,1,1,0
3,0.5665184273954815,0,1,0
3,0.8862882609894852,0,1,1
3,0.7545184273954816,1,1,0
3,0.5905184273954815,0,1,0
3,0.8862882609894852,0,1,1
3,0.8565184273954816,0,1,0
3,0.8862882609894852,0,1,1
3,0.7325184273954816,0,1,0
3,0.6805184273954816,0,1,0
3,0.8862882609894852,0,1,1
3,0.6365184273954816,1,1,0
3,0.8862882609894852,0,1,1
3,0.6245184273954816,1,1,0
3,0.5565184273954815,1,1,0
3,0.8862882609894852,0,1,1
3,0.4325184273954816,1,1,0
3,0.6505184273954816,1,1,0
3,0.8862882609894852,0,1,1
3,0.8105184273954815,1,1,0
3,0.8862882609894852,0,1,1
3,0.7385184273954816,0,1,0
3,0.8862882609894852,0,1,1
3,0.6225184273954816,1,1,0
3,0.7185184273954816,1,1,0
3,0.8325184273954815,1,1,0
3,0.5905184273954815,1,1,0
3,0.8862882609894852,0,1,1
3,0.5065184273954816,0,1,0
3,0.6085184273954816,1,1,0
3,0.5225184273954816,1,1,0
3,0.7965184273954815,1,1,0
4,0.46851842739548155,0,0,0
4,0.8862882609894852,0,0,1
4,0.5485184273954815,0,0,0
4,0.8862882609894852,0,0,1
4,0.7385184273954816,0,0,0
4,0.5865184273954815,0,0,0
4,0.8862882609894852,0,0,1
4,0.8862882609894852,0,0,1
4,0.6145184273954816,0,0,0
4,0.6125184273954816,0,0,0
4,0.8862882609894852,0,0,1
4,0.5485184273954815,0,0,0
4,0.8845184273954816,0,0,0
4,0.40851842739548155,1,0,0
4,0.8862882609894852,0,0,1
4,0.5125184273954816,1,0,0
4,0.8862882609894852,0,0,1
4,0.6205184273954816,1,0,0
4,0.8862882609894852,0,0,1
4,0.8862882609894852,0,0,1
4,0.6485184273954816,1,0,0
4,0.8862882609894852,0,0,1
4,0.5325184273954815,0,0,0
4,0.8862882609894852,0,0,1
4,0.8862882609894852,0,0,1
4,0.5405184273954815,0,0,0
4,0.8785184273954816,0,0,0
4,0.8365184273954815,0,0,0
4,0.7845184273954815,0,0,0
4,0.4925184273954816,1,0,0
4,0.8862882609894852,0,0,1
4,0.6825184273954816,0,0,0
4,0.8225184273954815,0,0,0
4,0.7405184273954816,1,0,0
4,0.8862882609894852,0,0,1
4,0.5305184273954815,1,0,0
4,0.6585184273954816,0,0,0
4,0.8585184273954816,0,0,0
4,0.8862882609894852,0,0,1
4,0.5665184273954815,0,0,0
4,0.47651842739548156,0,0,0
4,0.5885184273954815,0,0,0
4,0.8705184273954816,0,0,0
4,0.8862882609894852,0,0,1
4,0.8862882609894852,0,0,1
4,0.8862882609894852,0,0,1
4,0.8862882609894852,0,0,1
4,0.42851842739548157,1,0,0
4,0.5345184273954815,1,0,0
4,0.8862882609894852,0,0,1
4,0.5905184273954815,0,0,0
4,0.6205184273954816,1,0,0
4,0.6065184273954816,0,0,0
4,0.8862882609894852,0,0,1
4,0.7585184273954816,0,0,0
4,0.8862882609894852,0,0,1
4,0.8862882609894852,0,0,1
4,0.5485184273954815,0,0,0
4,0.8862882609894852,0,0,1
4,0.47451842739548156,0,0,0
4,0.8862882609894852,0,0,1
4,0.8862882609894852,0,0,1
4,0.8862882609894852,0,0,1
4,0.5925184273954816,1,0,0
4,0.8862882609894852,0,0,1
4,0.5825184273954815,0,0,0
4,0.7365184273954816,0,0,0
4,0.5505184273954815,0,0,0
4,0.7485184273954816,1,0,0
4,0.8862882609894852,0,0,1
4,0.46651842739548155,0,0,0
4,0.4925184273954816,0,0,0
4,0.8565184273954816,0,0,0
4,0.7165184273954815,0,0,0
4,0.4925184273954816,0,0,0
4,0.8862882609894852,0,0,1
4,0.6825184273954816,0,0,0
4,0.6585184273954816,0,0,0
4,0.8862882609894852,0,0,1
4,0.7685184273954815,0,0,0
4,0.45851842739548154,0,0,0
4,0.48051842739548156,0,0,0
4,0.7625184273954816,0,0,0
4,0.8862882609894852,0,0,1
4,0.6045184273954816,1,0,0
4,0.8862882609894852,0,0,1
4,0.7385184273954816,0,0,0
4,0.7805184273954815,0,0,0
4,0.7945184273954815,1,0,0
4,0.8425184273954816,0,0,0
4,0.6265184273954816,0,0,0
4,0.8862882609894852,0,0,1
4,0.8862882609894852,0,0,1
4,0.8862882609894852,0,0,1
4,0.8862882609894852,0,0,1
4,0.6185184273954816,0,0,0
4,0.8862882609894852,0,0,1
4,0.5125184273954816,0,0,0
4,0.8862882609894852,0,0,1
4,0.8862882609894852,0,0,1
4,0.8862882609894852,0,0,1
4,0.8862882609894852,0,0,1
4,0.8862882609894852,0,0,1
4,0.7145184273954815,1,0,0
4,0.5325184273954815,0,0,0
4,0.7945184273954815,0,0,0
4,0.7725184273954815,1,0,0
4,0.8862882609894852,0,0,1
4,0.8862882609894852,0,0,1
4,0.6125184273954816,1,0,0
4,0.5105184273954816,0,0,0
4,0.7125184273954815,1,0,0
4,0.7165184273954815,1,0,0
4,0.8185184273954815,1,0,0
4,0.8565184273954816,0,0,0
4,0.8765184273954816,0,0,0
4,0.8862882609894852,0,0,1
4,0.4925184273954816,0,0,0
4,0.47251842739548156,1,0,0
4,0.46451842739548155,0,0,0
4,0.8862882609894852,0,0,1
4,0.45851842739548154,0,0,0
4,0.8862882609894852,0,0,1
4,0.8862882609894852,0,0,1
4,0.7505184273954816,0,0,0
4,0.8862882609894852,0,0,1
4,0.8862882609894852,0,0,1
4,0.8862882609894852,0,0,1
4,0.8862882609894852,0,0,1
4,0.7745184273954815,0,0,0
4,0.4405184273954815,1,1,0
4,0.5185184273954816,0,1,0
4,0.8862882609894852,0,1,1
4,0.8285184273954815,0,1,0
4,0.5085184273954816,1,1,0
4,0.8862882609894852,0,1,1
4,0.7165184273954815,1,1,0
4,0.8862882609894852,0,1,1
4,0.6045184273954816,0,1,0
4,0.8862882609894852,0,1,1
4,0.8862882609894852,0,1,1
4,0.5445184273954815,0,1,0
4,0.5365184273954815,0,1,0
4,0.7485184273954816,1,1,0
4,0.45451842739548154,0,1,0
4,0.5525184273954815,0,1,0
4,0.5585184273954815,1,1,0
4,0.8862882609894852,0,1,1
4,0.45051842739548154,0,1,0
4,0.8862882609894852,0,1,1
4,0.6485184273954816,1,1,0
4,0.8862882609894852,0,1,1
4,0.8862882609894852,0,1,1
4,0.5045184273954816,1,1,0
4,0.5065184273954816,0,1,0
4,0.7765184273954815,1,1,0
4,0.7545184273954816,1,1,0
4,0.8862882609894852,0,1,1
4,0.6505184273954816,0,1,0
4,0.8605184273954816,1,1,0
4,0.6305184273954816,1,1,0
4,0.8862882609894852,0,1,1
4,0.6165184273954816,1,1,0
4,0.5105184273954816,0,1,0
4,0.7605184273954816,1,1,0
4,0.8862882609894852,0,1,1
4,0.8862882609894852,0,1,1
4,0.8125184273954815,0,1,0
4,0.8862882609894852,0,1,1
4,0.8725184273954816,1,1,0
4,0.8862882609894852,0,1,1
4,0.6825184273954816,0,1,0
4,0.7305184273954816,0,1,0
4,0.8862882609894852,0,1,1
4,0.5105184273954816,1,1,0
4,0.8862882609894852,0,1,1
4,0.8862882609894852,0,1,1
4,0.8862882609894852,0,1,1
4,0.5325184273954815,0,1,0
4,0.8862882609894852,0,1,1
4,0.7865184273954815,1,1,0
4,0.46051842739548154,1,1,0
4,0.8862882609894852,0,1,1
4,0.8862882609894852,0,1,1
4,0.5145184273954816,0,1,0
4,0.5345184273954815,0,1,0
4,0.8685184273954816,1,1,0
4,0.8862882609894852,0,1,1
4,0.7365184273954816,1,1,0
4,0.8145184273954815,1,1,0
4,0.5345184273954815,1,1,0
4,0.6265184273954816,1,1,0
4,0.5465184273954815,1,1,0
4,0.8862882609894852,0,1,1
4,0.5745184273954815,0,1,0
4,0.6085184273954816,0,1,0
4,0.6545184273954816,1,1,0
4,0.8862882609894852,0,1,1
4,0.8862882609894852,0,1,1
4,0.49051842739548157,1,1,0
4,0.8862882609894852,0,1,1
4,0.8862882609894852,0,1,1
4,0.8862882609894852,0,1,1
4,0.8862882609894852,0,1,1
4,0.8285184273954815,1,1,0
4,0.6045184273954816,0,1,0
4,0.6065184273954816,1,1,0
4,0.6865184273954816,0,1,0
4,0.8862882609894852,0,1,1
4,0.4305184273954816,1,1,0
4,0.45251842739548154,1,1,0
4,0.5985184273954816,1,1,0
4,0.8862882609894852,0,1,1
4,0.6865184273954816,1,1,0
4,0.8862882609894852,0,1,1
4,0.46051842739548154,1,1,0
4,0.3845184273954816,1,1,0
4,0.5025184273954816,1,1,0
4,0.6645184273954816,0,1,0
4,0.8862882609894852,0,1,1
4,0.8862882609894852,0,1,1
4,0.8862882609894852,0,1,1
4,0.7305184273954816,1,1,0
4,0.8862882609894852,0,1,1
4,0.6445184273954816,1,1,0
4,0.8862882609894852,0,1,1
4,0.5525184273954815,1,1,0
4,0.5925184273954816,1,1,0
4,0.5665184273954815,0,1,0
4,0.5305184273954815,0,1,0
4,0.8862882609894852,0,1,1
4,0.7125184273954815,0,1,0
4,0.40651842739548155,1,1,0
4,0.46451842739548155,0,1,0
4,0.8862882609894852,0,1,1
4,0.47251842739548156,0,1,0
4,0.7345184273954816,0,1,0
4,0.8425184273954816,0,1,0
4,0.8862882609894852,0,1,1
4,0.8862882609894852,0,1,1
4,0.8862882609894852,0,1,1
4,0.44451842739548153,1,1,0
4,0.5905184273954815,1,1,0
4,0.8862882609894852,0,1,1
4,0.41251842739548156,0,1,0
4,0.8862882609894852,0,1,1
4,0.6805184273954816,0,1,0
4,0.45851842739548154,0,1,0
4,0.8862882609894852,0,1,1
4,0.5645184273954815,0,1,0
4,0.7165184273954815,1,1,0
4,0.8525184273954816,0,1,0
4,0.4945184273954816,1,1,0
4,0.8862882609894852,0,1,1
4,0.6485184273954816,0,1,0
4,0.5685184273954815,0,1,0
4,0.8565184273954816,0,1,0
4,0.8862882609894852,0,1,1
4,0.5425184273954815,0,1,0
4,0.8862882609894852,0,1,1
5,0.5505184273954815,0,0,0
5,0.7085184273954815,1,0,0
5,0.6705184273954816,0,0,0
5,0.6745184273954816,0,0,0
5,0.7365184273954816,1,0,0
5,0.4925184273954816,0,0,0
5,0.7245184273954816,1,0,0
5,0.6085184273954816,0,0,0
5,0.5065184273954816,0,0,0
5,0.6285184273954816,0,0,0
5,0.8862882609894852,0,0,1
5,0.5785184273954815,0,0,0
5,0.6585184273954816,1,0,0
5,0.6665184273954816,0,0,0
5,0.5845184273954815,0,0,0
5,0.7705184273954815,1,0,0
5,0.5505184273954815,0,0,0
5,0.5165184273954816,0,0,0
5,0.41651842739548156,0,0,0
5,0.8862882609894852,0,0,1
5,0.5525184273954815,1,0,0
5,0.6005184273954816,1,0,0
5,0.6445184273954816,0,0,0
5,0.45851842739548154,1,0,0
5,0.46451842739548155,1,0,0
5,0.8862882609894852,0,0,1
5,0.8862882609894852,0,0,1
5,0.7505184273954816,1,0,0
5,0.4385184273954815,0,0,0
5,0.8605184273954816,0,0,0
5,0.8862882609894852,0,0,1
5,0.7425184273954816,0,0,0
5,0.47851842739548156,1,0,0
5,0.6705184273954816,0,0,0
5,0.8862882609894852,0,0,1
5,0.8862882609894852,0,0,1
5,0.48851842739548157,0,0,0
5,0.8862882609894852,0,0,1
5,0.47251842739548156,1,0,0
5,0.5525184273954815,1,0,0
5,0.8862882609894852,0,0,1
5,0.8862882609894852,0,0,1
5,0.4985184273954816,0,0,0
5,0.6225184273954816,1,0,0
5,0.8862882609894852,0,0,1
5,0.8862882609894852,0,0,1
5,0.5925184273954816,1,0,0
5,0.42251842739548157,0,0,0
5,0.8005184273954815,0,0,0
5,0.6385184273954816,0,0,0
5,0.8862882609894852,0,0,1
5,0.6325184273954816,0,0,0
5,0.5865184273954815,0,0,0
5,0.5985184273954816,1,0,0
5,0.8862882609894852,0,0,1
5,0.8862882609894852,0,0,1
5,0.5585184273954815,1,0,0
5,0.6865184273954816,0,0,0
5,0.6625184273954816,0,0,0
5,0.6565184273954816,0,0,0
5,0.47251842739548156,1,0,0
5,0.8862882609894852,0,0,1
5,0.8862882609894852,0,0,1
5,0.5645184273954815,1,0,0
5,0.8065184273954815,0,0,0
5,0.8862882609894852,0,0,1
5,0.8862882609894852,0,0,1
5,0.7125184273954815,0,0,0
5,0.45451842739548154,1,0,0
5,0.7405184273954816,1,0,0
5,0.5645184273954815,0,0,0
5,0.47051842739548155,0,0,0
5,0.8862882609894852,0,0,1
5,0.8862882609894852,0,0,1
5,0.7125184273954815,0,0,0
5,0.8862882609894852,0,0,1
5,0.5265184273954815,0,0,0
5,0.8862882609894852,0,0,1
5,0.7905184273954815,1,0,0
5,0.8862882609894852,0,0,1
5,0.8862882609894852,0,0,1
5,0.41651842739548156,1,0,0
5,0.5665184273954815,0,0,0
5,0.5585184273954815,1,0,0
5,0.6405184273954816,1,0,0
5,0.6305184273954816,0,0,0
5,0.5965184273954816,0,0,0
5,0.45251842739548154,0,0,0
5,0.5805184273954815,1,0,0
5,0.4925184273954816,0,0,0
5,0.8862882609894852,0,0,1
5,0.5025184273954816,1,0,0
5,0.5105184273954816,1,0,0
5,0.7925184273954815,1,0,0
5,0.6325184273954816,0,0,0
5,0.8862882609894852,0,0,1
5,0.6425184273954816,0,0,0
5,0.8862882609894852,0,0,1
5,0.5145184273954816,0,0,0
5,0.8862882609894852,0,0,1
5,0.48851842739548157,0,0,0
5,0.44651842739548153,1,0,0
5,0.4325184273954816,0,0,0
5,0.8325184273954815,0,0,0
5,0.8862882609894852,0,0,1
5,0.8862882609894852,0,0,1
5,0.8862882609894852,0,0,1
5,0.48851842739548157,0,0,0
5,0.8862882609894852,0,0,1
5,0.38651842739548153,0,0,0
5,0.8225184273954815,0,0,0
5,0.8862882609894852,0,0,1
5,0.8862882609894852,0,0,1
5,0.8862882609894852,0,0,1
5,0.8862882609894852,0,0,1
5,0.47851842739548156,0,0,0
5,0.5125184273954816,0,0,0
5,0.8862882609894852,0,0,1
5,0.8862882609894852,0,0,1
5,0.4965184273954816,0,0,0
5,0.8862882609894852,0,0,1
5,0.6985184273954816,1,0,0
5,0.7065184273954815,0,0,0
5,0.8862882609894852,0,0,1
5,0.6285184273954816,1,0,0
5,0.8862882609894852,0,0,1
5,0.8862882609894852,0,0,1
5,0.48451842739548157,0,0,0
5,0.48251842739548156,1,0,0
5,0.8145184273954815,0,0,0
5,0.6185184273954816,0,1,0
5,0.8705184273954816,1,1,0
5,0.7005184273954815,1,1,0
5,0.8862882609894852,0,1,1
5,0.8862882609894852,0,1,1
5,0.8862882609894852,0,1,1
5,0.5145184273954816,1,1,0
5,0.8862882609894852,0,1,1
5,0.8862882609894852,0,1,1
5,0.8862882609894852,0,1,1
5,0.6165184273954816,1,1,0
5,0.6545184273954816,0,1,0
5,0.4925184273954816,1,1,0
5,0.7825184273954815,1,1,0
5,0.4325184273954816,1,1,0
5,0.46451842739548155,1,1,0
5,0.7665184273954815,1,1,0
5,0.6165184273954816,0,1,0
5,0.4305184273954816,1,1,0
5,0.8862882609894852,0,1,1
5,0.5305184273954815,0,1,0
5,0.5365184273954815,0,1,0
5,0.6165184273954816,0,1,0
5,0.5745184273954815,1,1,0
5,0.5805184273954815,0,1,0
5,0.8862882609894852,0,1,1
5,0.46251842739548155,1,1,0
5,0.5145184273954816,0,1,0
5,0.40651842739548155,1,1,0
5,0.8862882609894852,0,1,1
5,0.45451842739548154,0,1,0
5,0.8862882609894852,0,1,1
5,0.6705184273954816,0,1,0
5,0.8862882609894852,0,1,1
5,0.5465184273954815,1,1,0
5,0.8725184273954816,0,1,0
5,0.8862882609894852,0,1,1
5,0.8862882609894852,0,1,1
5,0.8862882609894852,0,1,1
5,0.5505184273954815,1,1,0
5,0.8862882609894852,0,1,1
5,0.6445184273954816,1,1,0
5,0.6285184273954816,0,1,0
5,0.41651842739548156,1,1,0
5,0.6945184273954816,0,1,0
5,0.5085184273954816,1,1,0
5,0.7125184273954815,0,1,0
5,0.7705184273954815,0,1,0
5,0.7765184273954815,1,1,0
5,0.8862882609894852,0,1,1
5,0.8862882609894852,0,1,1
5,0.8862882609894852,0,1,1
5,0.8862882609894852,0,1,1
5,0.8862882609894852,0,1,1
5,0.8862882609894852,0,1,1
5,0.5785184273954815,0,1,0
5,0.8862882609894852,0,1,1
5,0.7825184273954815,1,1,0
5,0.8425184273954816,1,1,0
5,0.48451842739548157,1,1,0
5,0.4945184273954816,1,1,0
5,0.8862882609894852,0,1,1
5,0.6485184273954816,0,1,0
5,0.8862882609894852,0,1,1
5,0.8862882609894852,0,1,1
5,0.8862882609894852,0,1,1
5,0.6485184273954816,1,1,0
5,0.6525184273954816,0,1,0
5,0.8862882609894852,0,1,1
5,0.5485184273954815,0,1,0
5,0.7765184273954815,0,1,0
5,0.5705184273954815,0,1,0
5,0.8862882609894852,0,1,1
5,0.8862882609894852,0,1,1
5,0.8862882609894852,0,1,1
5,0.8862882609894852,0,1,1
5,0.8862882609894852,0,1,1
5,0.8862882609894852,0,1,1
5,0.7585184273954816,0,1,0
5,0.8862882609894852,0,1,1
5,0.8862882609894852,0,1,1
5,0.5285184273954815,0,1,0
5,0.5205184273954816,1,1,0
5,0.46251842739548155,0,1,0
5,0.8862882609894852,0,1,1
5,0.8862882609894852,0,1,1
5,0.4345184273954816,0,1,0
5,0.6285184273954816,1,1,0
5,0.6165184273954816,0,1,0
5,0.8345184273954815,0,1,0
5,0.8862882609894852,0,1,1
5,0.6085184273954816,1,1,0
5,0.8862882609894852,0,1,1
5,0.8862882609894852,0,1,1
5,0.5225184273954816,0,1,0
5,0.5045184273954816,1,1,0
5,0.8862882609894852,0,1,1
5,0.6085184273954816,1,1,0
5,0.8862882609894852,0,1,1
5,0.6165184273954816,1,1,0
5,0.7065184273954815,1,1,0
5,0.47051842739548155,1,1,0
5,0.8862882609894852,0,1,1
5,0.6765184273954816,1,1,0
5,0.4385184273954815,0,1,0
5,0.7365184273954816,0,1,0
5,0.6445184273954816,0,1,0
5,0.8862882609894852,0,1,1
5,0.8862882609894852,0,1,1
5,0.7485184273954816,1,1,0
5,0.5265184273954815,0,1,0
5,0.8862882609894852,0,1,1
5,0.5385184273954815,1,1,0
5,0.5745184273954815,0,1,0
5,0.4405184273954815,1,1,0
5,0.7905184273954815,1,1,0
5,0.8862882609894852,0,1,1
5,0.7445184273954816,0,1,0
5,0.8862882609894852,0,1,1
5,0.5625184273954815,0,1,0
5,0.4345184273954816,0,1,0
5,0.8862882609894852,0,1,1
5,0.8862882609894852,0,1,1
5,0.6285184273954816,0,1,0
5,0.8862882609894852,0,1,1
5,0.5705184273954815,1,1,0
5,0.5985184273954816,0,1,0
5,0.8425184273954816,1,1,0
5,0.4365184273954815,0,1,0
5,0.49051842739548157,0,1,0
6,0.8225184273954815,0,0,0
6,0.8085184273954815,1,0,0
6,0.6125184273954816,1,0,0
6,0.8862882609894852,0,0,1
6,0.8862882609894852,0,0,1
6,0.8862882609894852,0,0,1
6,0.6365184273954816,1,0,0
6,0.8862882609894852,0,0,1
6,0.8862882609894852,0,0,1
6,0.6145184273954816,0,0,0
6,0.7325184273954816,0,0,0
6,0.8862882609894852,0,0,1
6,0.8862882609894852,0,0,1
6,0.8345184273954815,0,0,0
6,0.5665184273954815,0,0,0
6,0.7625184273954816,0,0,0
6,0.46651842739548155,1,0,0
6,0.8862882609894852,0,0,1
6,0.7585184273954816,0,0,0
6,0.4345184273954816,1,0,0
6,0.8862882609894852,0,0,1
6,0.7865184273954815,0,0,0
6,0.42451842739548157,1,0,0
6,0.5145184273954816,0,0,0
6,0.7245184273954816,0,0,0
6,0.8745184273954816,0,0,0
6,0.8862882609894852,0,0,1
6,0.8862882609894852,0,0,1
6,0.8862882609894852,0,0,1
6,0.7145184273954815,0,0,0
6,0.7805184273954815,1,0,0
6,0.8862882609894852,0,0,1
6,0.7645184273954816,1,0,0
6,0.8862882609894852,0,0,1
6,0.6245184273954816,1,0,0
6,0.5205184273954816,1,0,0
6,0.41851842739548156,0,0,0
6,0.5025184273954816,0,0,0
6,0.5905184273954815,0,0,0
6,0.8862882609894852,0,0,1
6,0.6085184273954816,0,0,0
6,0.8862882609894852,0,0,1
6,0.8862882609894852,0,0,1
6,0.7205184273954816,0,0,0
6,0.8585184273954816,0,0,0
6,0.8862882609894852,0,0,1
6,0.8605184273954816,0,0,0
6,0.47851842739548156,1,0,0
6,0.7445184273954816,0,0,0
6,0.8862882609894852,0,0,1
6,0.7305184273954816,1,0,0
6,0.7645184273954816,0,0,0
6,0.8862882609894852,0,0,1
6,0.8862882609894852,0,0,1
6,0.6705184273954816,0,0,0
6,0.8862882609894852,0,0,1
6,0.8265184273954815,0,0,0
6,0.7565184273954816,0,0,0
6,0.8645184273954816,0,0,0
6,0.48251842739548156,0,0,0
6,0.6705184273954816,1,0,0
6,0.7745184273954815,0,0,0
6,0.6425184273954816,0,0,0
6,0.48451842739548157,0,0,0
6,0.7365184273954816,0,0,0
6,0.8862882609894852,0,0,1
6,0.7285184273954816,0,0,0
6,0.8862882609894852,0,0,1
6,0.5005184273954816,1,0,0
6,0.7245184273954816,1,0,0
6,0.8862882609894852,0,0,1
6,0.8625184273954816,0,0,0
6,0.8862882609894852,0,0,1
6,0.6685184273954816,1,0,0
6,0.8862882609894852,0,0,1
6,0.6285184273954816,0,0,0
6,0.46251842739548155,0,0,0
6,0.8862882609894852,0,0,1
6,0.8862882609894852,0,0,1
6,0.8862882609894852,0,0,1
6,0.6645184273954816,1,0,0
6,0.8862882609894852,0,0,1
6,0.7625184273954816,1,0,0
6,0.40251842739548155,1,0,0
6,0.5285184273954815,1,0,0
6,0.8862882609894852,0,0,1
6,0.6085184273954816,1,0,0
6,0.8862882609894852,0,0,1
6,0.8325184273954815,1,0,0
6,0.7885184273954815,0,0,0
6,0.44851842739548153,1,0,0
6,0.8745184273954816,0,0,0
6,0.8862882609894852,0,0,1
6,0.6165184273954816,1,0,0
6,0.6585184273954816,1,0,0
6,0.8745184273954816,0,0,0
6,0.44451842739548153,1,0,0
6,0.8862882609894852,0,0,1
6,0.6705184273954816,0,0,0
6,0.6705184273954816,0,0,0
6,0.8862882609894852,0,0,1
6,0.8862882609894852,0,0,1
6,0.5145184273954816,1,0,0
6,0.5385184273954815,0,0,0
6,0.8862882609894852,0,0,1
6,0.8862882609894852,0,0,1
6,0.6625184273954816,0,0,0
6,0.8165184273954815,0,0,0
6,0.8862882609894852,0,0,1
6,0.5705184273954815,0,0,0
6,0.8862882609894852,0,0,1
6,0.8862882609894852,0,0,1
6,0.7645184273954816,0,0,0
6,0.8862882609894852,0,0,1
6,0.8862882609894852,0,0,1
6,0.46651842739548155,1,0,0
6,0.8862882609894852,0,0,1
6,0.8862882609894852,0,0,1
6,0.8145184273954815,0,0,0
6,0.5825184273954815,0,0,0
6,0.45451842739548154,1,0,0
6,0.8862882609894852,0,0,1
6,0.4325184273954816,1,0,0
6,0.7085184273954815,0,0,0
6,0.8862882609894852,0,0,1
6,0.6185184273954816,0,0,0
6,0.8862882609894852,0,0,1
6,0.5005184273954816,0,0,0
6,0.5605184273954815,0,0,0
6,0.39251842739548154,1,0,0
6,0.6905184273954816,1,1,0
6,0.8862882609894852,0,1,1
6,0.5805184273954815,1,1,0
6,0.4965184273954816,1,1,0
6,0.8625184273954816,1,1,0
6,0.8365184273954815,1,1,0
6,0.8862882609894852,0,1,1
6,0.8025184273954815,0,1,0
6,0.8862882609894852,0,1,1
6,0.6645184273954816,0,1,0
6,0.8862882609894852,0,1,1
6,0.47451842739548156,0,1,0
6,0.5005184273954816,1,1,0
6,0.5645184273954815,0,1,0
6,0.5645184273954815,0,1,0
6,0.5425184273954815,1,1,0
6,0.5105184273954816,0,1,0
6,0.5805184273954815,1,1,0
6,0.8862882609894852,0,1,1
6,0.5185184273954816,0,1,0
6,0.6845184273954816,1,1,0
6,0.8425184273954816,1,1,0
6,0.8862882609894852,0,1,1
6,0.7305184273954816,1,1,0
6,0.45051842739548154,1,1,0
6,0.8862882609894852,0,1,1
6,0.6045184273954816,0,1,0
6,0.6125184273954816,1,1,0
6,0.5405184273954815,0,1,0
6,0.5485184273954815,0,1,0
6,0.8862882609894852,0,1,1
6,0.8862882609894852,0,1,1
6,0.8645184273954816,1,1,0
6,0.45451842739548154,1,1,0
6,0.44251842739548153,1,1,0
6,0.5125184273954816,0,1,0
6,0.8862882609894852,0,1,1
6,0.8165184273954815,0,1,0
6,0.8862882609894852,0,1,1
6,0.6805184273954816,0,1,0
6,0.8862882609894852,0,1,1
6,0.5325184273954815,0,1,0
6,0.8862882609894852,0,1,1
6,0.6345184273954816,0,1,0
6,0.4945184273954816,1,1,0
6,0.8862882609894852,0,1,1
6,0.8862882609894852,0,1,1
6,0.8862882609894852,0,1,1
6,0.8862882609894852,0,1,1
6,0.5845184273954815,1,1,0
6,0.6085184273954816,0,1,0
6,0.41851842739548156,1,1,0
6,0.8862882609894852,0,1,1
6,0.6045184273954816,0,1,0
6,0.5245184273954815,0,1,0
6,0.7485184273954816,1,1,0
6,0.7525184273954816,0,1,0
6,0.5365184273954815,1,1,0
6,0.45851842739548154,0,1,0
6,0.46451842739548155,0,1,0
6,0.6845184273954816,0,1,0
6,0.6565184273954816,1,1,0
6,0.7665184273954815,0,1,0
6,0.8862882609894852,0,1,1
6,0.8565184273954816,0,1,0
6,0.6385184273954816,0,1,0
6,0.6405184273954816,1,1,0
6,0.7805184273954815,0,1,0
6,0.8025184273954815,1,1,0
6,0.6705184273954816,0,1,0
6,0.6365184273954816,1,1,0
6,0.7225184273954816,0,1,0
6,0.8862882609894852,0,1,1
6,0.48451842739548157,1,1,0
6,0.4925184273954816,0,1,0
6,0.8525184273954816,1,1,0
6,0.8862882609894852,0,1,1
6,0.46851842739548155,1,1,0
6,0.8862882609894852,0,1,1
6,0.48651842739548157,0,1,0
6,0.8862882609894852,0,1,1
6,0.8862882609894852,0,1,1
6,0.47651842739548156,1,1,0
6,0.6685184273954816,0,1,0
6,0.8862882609894852,0,1,1
6,0.8685184273954816,1,1,0
6,0.8862882609894852,0,1,1
6,0.7485184273954816,0,1,0
6,0.7005184273954815,1,1,0
6,0.48051842739548156,0,1,0
6,0.45851842739548154,0,1,0
6,0.8862882609894852,0,1,1
6,0.8862882609894852,0,1,1
6,0.8862882609894852,0,1,1
6,0.6725184273954816,0,1,0
6,0.8862882609894852,0,1,1
6,0.8862882609894852,0,1,1
6,0.6905184273954816,1,1,0
6,0.42451842739548157,1,1,0
6,0.8862882609894852,0,1,1
6,0.8505184273954816,0,1,0
6,0.8862882609894852,0,1,1
6,0.8862882609894852,0,1,1
6,0.8165184273954815,0,1,0
6,0.7305184273954816,1,1,0
6,0.47051842739548155,0,1,0
6,0.6125184273954816,0,1,0
6,0.8862882609894852,0,1,1
6,0.6265184273954816,1,1,0
6,0.5585184273954815,1,1,0
6,0.8862882609894852,0,1,1
6,0.7505184273954816,0,1,0
6,0.8862882609894852,0,1,1
6,0.6605184273954816,0,1,0
6,0.6705184273954816,0,1,0
6,0.8862882609894852,0,1,1
6,0.7725184273954815,0,1,0
6,0.8862882609894852,0,1,1
6,0.47451842739548156,1,1,0
6,0.6545184273954816,1,1,0
6,0.8862882609894852,0,1,1
6,0.8862882609894852,0,1,1
6,0.8862882609894852,0,1,1
6,0.6365184273954816,1,1,0
6,0.5625184273954815,1,1,0
6,0.6185184273954816,1,1,0
6,0.8325184273954815,0,1,0
6,0.5765184273954815,0,1,0
6,0.7685184273954815,1,1,0
6,0.8862882609894852,0,1,1
7,0.5045184273954816,0,0,0
7,0.46651842739548155,1,0,0
7,0.5105184273954816,1,0,0
7,0.8862882609894852,0,0,1
7,0.7265184273954816,1,0,0
7,0.48251842739548156,1,0,0
7,0.8862882609894852,0,0,1
7,0.8862882609894852,0,0,1
7,0.8385184273954815,0,0,0
7,0.8805184273954816,0,0,0
7,0.5185184273954816,0,0,0
7,0.8862882609894852,0,0,1
7,0.8862882609894852,0,0,1
7,0.8165184273954815,1,0,0
7,0.8862882609894852,0,0,1
7,0.49051842739548157,1,0,0
7,0.8862882609894852,0,0,1
7,0.8862882609894852,0,0,1
7,0.8862882609894852,0,0,1
7,0.8862882609894852,0,0,1
7,0.8862882609894852,0,0,1
7,0.8805184273954816,0,0,0
7,0.8862882609894852,0,0,1
7,0.8862882609894852,0,0,1
7,0.5405184273954815,0,0,0
7,0.7465184273954816,0,0,0
7,0.7805184273954815,0,0,0
7,0.8862882609894852,0,0,1
7,0.8045184273954815,0,0,0
7,0.44251842739548153,0,0,0
7,0.7445184273954816,0,0,0
7,0.8862882609894852,0,0,1
7,0.8145184273954815,0,0,0
7,0.5645184273954815,0,0,0
7,0.5245184273954815,0,0,0
7,0.4405184273954815,1,0,0
7,0.8862882609894852,0,0,1
7,0.8405184273954815,1,0,0
7,0.8862882609894852,0,0,1
7,0.6165184273954816,0,0,0
7,0.8862882609894852,0,0,1
7,0.5645184273954815,1,0,0
7,0.8862882609894852,0,0,1
7,0.5405184273954815,0,0,0
7,0.47451842739548156,1,0,0
7,0.8862882609894852,0,0,1
7,0.6125184273954816,0,0,0
7,0.47851842739548156,0,0,0
7,0.8862882609894852,0,0,1
7,0.7785184273954815,0,0,0
7,0.5945184273954816,0,0,0
7,0.7265184273954816,0,0,0
7,0.8862882609894852,0,0,1
7,0.6525184273954816,0,0,0
7,0.6325184273954816,1,0,0
7,0.7305184273954816,0,0,0
7,0.8862882609894852,0,0,1
7,0.8862882609894852,0,0,1
7,0.8862882609894852,0,0,1
7,0.6645184273954816,0,0,0
7,0.6585184273954816,0,0,0
7,0.5005184273954816,1,0,0
7,0.8862882609894852,0,0,1
7,0.8862882609894852,0,0,1
7,0.5745184273954815,1,0,0
7,0.48851842739548157,1,0,0
7,0.8862882609894852,0,0,1
7,0.44851842739548153,0,0,0
7,0.8862882609894852,0,0,1
7,0.8862882609894852,0,0,1
7,0.8485184273954816,0,0,0
7,0.6525184273954816,1,0,0
7,0.8862882609894852,0,0,1
7,0.8862882609894852,0,0,1
7,0.7025184273954815,0,0,0
7,0.8045184273954815,0,0,0
7,0.46051842739548154,1,0,0
7,0.8862882609894852,0,0,1
7,0.8862882609894852,0,0,1
7,0.7905184273954815,0,0,0
7,0.8862882609894852,0,0,1
7,0.8862882609894852,0,0,1
7,0.8862882609894852,0,0,1
7,0.4945184273954816,0,0,0
7,0.8465184273954816,0,0,0
7,0.6565184273954816,1,0,0
7,0.46851842739548155,0,0,0
7,0.5205184273954816,0,0,0
7,0.6045184273954816,0,0,0
7,0.8862882609894852,0,0,1
7,0.46251842739548155,1,0,0
7,0.8225184273954815,0,0,0
7,0.8862882609894852,0,0,1
7,0.5405184273954815,0,0,0
7,0.6065184273954816,0,0,0
7,0.8862882609894852,0,0,1
7,0.48051842739548156,1,0,0
7,0.8862882609894852,0,0,1
7,0.42651842739548157,1,0,0
7,0.8862882609894852,0,0,1
7,0.5145184273954816,0,0,0
7,0.6585184273954816,0,0,0
7,0.5765184273954815,0,0,0
7,0.7285184273954816,1,0,0
7,0.5245184273954815,0,0,0
7,0.6525184273954816,0,0,0
7,0.8862882609894852,0,0,1
7,0.7325184273954816,0,0,0
7,0.6885184273954816,0,0,0
7,0.8862882609894852,0,0,1
7,0.8862882609894852,0,0,1
7,0.46451842739548155,0,0,0
7,0.8665184273954816,0,0,0
7,0.46051842739548154,0,0,0
7,0.7725184273954815,0,0,0
7,0.5825184273954815,0,0,0
7,0.48451842739548157,0,0,0
7,0.8862882609894852,0,0,1
7,0.8485184273954816,1,0,0
7,0.5605184273954815,0,0,0
7,0.46851842739548155,1,0,0
7,0.44651842739548153,1,0,0
7,0.7705184273954815,0,0,0
7,0.5145184273954816,0,0,0
7,0.5885184273954815,0,0,0
7,0.7525184273954816,0,0,0
7,0.8425184273954816,0,0,0
7,0.8862882609894852,0,0,1
7,0.5025184273954816,0,0,0
7,0.8862882609894852,0,0,1
7,0.8862882609894852,0,1,1
7,0.49051842739548157,0,1,0
7,0.7745184273954815,1,1,0
7,0.8862882609894852,0,1,1
7,0.5645184273954815,1,1,0
7,0.6705184273954816,0,1,0
7,0.8285184273954815,0,1,0
7,0.8862882609894852,0,1,1
7,0.39251842739548154,1,1,0
7,0.5525184273954815,0,1,0
7,0.8862882609894852,0,1,1
7,0.8862882609894852,0,1,1
7,0.8545184273954816,0,1,0
7,0.8862882609894852,0,1,1
7,0.6245184273954816,1,1,0
7,0.8862882609894852,0,1,1
7,0.7545184273954816,1,1,0
7,0.8862882609894852,0,1,1
7,0.4305184273954816,1,1,0
7,0.8862882609894852,0,1,1
7,0.5465184273954815,1,1,0
7,0.7505184273954816,0,1,0
7,0.8862882609894852,0,1,1
7,0.4365184273954815,0,1,0
7,0.8862882609894852,0,1,1
7,0.7405184273954816,0,1,0
7,0.8862882609894852,0,1,1
7,0.7105184273954815,0,1,0
7,0.6525184273954816,0,1,0
7,0.8862882609894852,0,1,1
7,0.7045184273954815,0,1,0
7,0.8185184273954815,0,1,0
7,0.8065184273954815,1,1,0
7,0.8862882609894852,0,1,1
7,0.47651842739548156,1,1,0
7,0.6405184273954816,1,1,0
7,0.6485184273954816,0,1,0
7,0.8862882609894852,0,1,1
7,0.8862882609894852,0,1,1
7,0.6285184273954816,0,1,0
7,0.8862882609894852,0,1,1
7,0.6765184273954816,0,1,0
7,0.6505184273954816,1,1,0
7,0.8862882609894852,0,1,1
7,0.8862882609894852,0,1,1
7,0.8862882609894852,0,1,1
7,0.8862882609894852,0,1,1
7,0.7965184273954815,0,1,0
7,0.8862882609894852,0,1,1
7,0.7225184273954816,1,1,0
7,0.7265184273954816,1,1,0
7,0.5385184273954815,1,1,0
7,0.47651842739548156,1,1,0
7,0.8862882609894852,0,1,1
7,0.6565184273954816,0,1,0
7,0.7505184273954816,0,1,0
7,0.46651842739548155,1,1,0
7,0.8862882609894852,0,1,1
7,0.8765184273954816,1,1,0
7,0.5165184273954816,1,1,0
7,0.6705184273954816,1,1,0
7,0.8785184273954816,0,1,0
7,0.8862882609894852,0,1,1
7,0.5185184273954816,1,1,0
7,0.6465184273954816,0,1,0
7,0.6265184273954816,0,1,0
7,0.8862882609894852,0,1,1
7,0.7785184273954815,0,1,0
7,0.8862882609894852,0,1,1
7,0.8862882609894852,0,1,1
7,0.8405184273954815,1,1,0
7,0.7665184273954815,0,1,0
7,0.5685184273954815,1,1,0
7,0.8845184273954816,1,1,0
7,0.5085184273954816,0,1,0
7,0.5265184273954815,0,1,0
7,0.8862882609894852,0,1,1
7,0.6065184273954816,1,1,0
7,0.8105184273954815,1,1,0
7,0.8862882609894852,0,1,1
7,0.8862882609894852,0,1,1
7,0.8445184273954816,0,1,0
7,0.4305184273954816,1,1,0
7,0.5285184273954815,1,1,0
7,0.7025184273954815,0,1,0
7,0.5945184273954816,1,1,0
7,0.5605184273954815,1,1,0
7,0.5945184273954816,1,1,0
7,0.8862882609894852,0,1,1
7,0.8485184273954816,1,1,0
7,0.8862882609894852,0,1,1
7,0.8862882609894852,0,1,1
7,0.5465184273954815,1,1,0
7,0.48051842739548156,1,1,0
7,0.8862882609894852,0,1,1
7,0.6885184273954816,0,1,0
7,0.8862882609894852,0,1,1
7,0.5925184273954816,0,1,0
7,0.8385184273954815,1,1,0
7,0.6985184273954816,0,1,0
7,0.8862882609894852,0,1,1
7,0.6705184273954816,1,1,0
7,0.6745184273954816,0,1,0
7,0.8862882609894852,0,1,1
7,0.5265184273954815,1,1,0
7,0.6425184273954816,1,1,0
7,0.7265184273954816,0,1,0
7,0.8862882609894852,0,1,1
7,0.47451842739548156,1,1,0
7,0.7605184273954816,0,1,0
7,0.48651842739548157,1,1,0
7,0.8862882609894852,0,1,1
7,0.8862882609894852,0,1,1
7,0.6525184273954816,1,1,0
7,0.48651842739548157,0,1,0
7,0.5525184273954815,0,1,0
7,0.6525184273954816,0,1,0
7,0.8862882609894852,0,1,1
7,0.8862882609894852,0,1,1
7,0.45851842739548154,0,1,0
7,0.8862882609894852,0,1,1
7,0.8862882609894852,0,1,1
7,0.5505184273954815,1,1,0
7,0.8862882609894852,0,1,1
7,0.8605184273954816,0,1,0
7,0.8862882609894852,0,1,1
7,0.6965184273954816,0,1,0
7,0.47251842739548156,1,1,0
7,0.8862882609894852,0,1,1
7,0.5625184273954815,0,1,0
8,0.6005184273954816,0,0,0
8,0.6145184273954816,1,0,0
8,0.6905184273954816,1,0,0
8,0.42651842739548157,1,0,0
8,0.48851842739548157,0,0,0
8,0.8862882609894852,0,0,1
8,0.45251842739548154,1,0,0
8,0.5485184273954815,0,0,0
8,0.8862882609894852,0,0,1
8,0.5465184273954815,0,0,0
8,0.5245184273954815,0,0,0
8,0.6325184273954816,0,0,0
8,0.8805184273954816,0,0,0
8,0.5425184273954815,0,0,0
8,0.5745184273954815,1,0,0
8,0.8862882609894852,0,0,1
8,0.8305184273954815,0,0,0
8,0.8862882609894852,0,0,1
8,0.40651842739548155,1,0,0
8,0.8545184273954816,0,0,0
8,0.5805184273954815,0,0,0
8,0.5345184273954815,0,0,0
8,0.8862882609894852,0,0,1
8,0.8862882609894852,0,0,1
8,0.8862882609894852,0,0,1
8,0.8862882609894852,0,0,1
8,0.45651842739548154,0,0,0
8,0.8862882609894852,0,0,1
8,0.8862882609894852,0,0,1
8,0.8862882609894852,0,0,1
8,0.6745184273954816,0,0,0
8,0.8862882609894852,0,0,1
8,0.41051842739548156,0,0,0
8,0.8862882609894852,0,0,1
8,0.5625184273954815,0,0,0
8,0.8862882609894852,0,0,1
8,0.8862882609894852,0,0,1
8,0.8862882609894852,0,0,1
8,0.8862882609894852,0,0,1
8,0.7025184273954815,0,0,0
8,0.7225184273954816,1,0,0
8,0.8862882609894852,0,0,1
8,0.8862882609894852,0,0,1
8,0.5405184273954815,0,0,0
8,0.6105184273954816,1,0,0
8,0.8862882609894852,0,0,1
8,0.8685184273954816,1,0,0
8,0.6825184273954816,0,0,0
8,0.8862882609894852,0,0,1
8,0.6245184273954816,0,0,0
8,0.6625184273954816,0,0,0
8,0.6485184273954816,1,0,0
8,0.6465184273954816,0,0,0
8,0.8862882609894852,0,0,1
8,0.8025184273954815,0,0,0
8,0.5545184273954815,1,0,0
8,0.5585184273954815,1,0,0
8,0.6765184273954816,0,0,0
8,0.4945184273954816,0,0,0
8,0.8862882609894852,0,0,1
8,0.8862882609894852,0,0,1
8,0.8545184273954816,1,0,0
8,0.8862882609894852,0,0,1
8,0.48651842739548157,0,0,0
8,0.4985184273954816,1,0,0
8,0.8225184273954815,0,0,0
8,0.6365184273954816,1,0,0
8,0.8862882609894852,0,0,1
8,0.5725184273954815,1,0,0
8,0.7585184273954816,0,0,0
8,0.6445184273954816,1,0,0
8,0.8862882609894852,0,0,1
8,0.7725184273954815,0,0,0
8,0.8862882609894852,0,0,1
8,0.6305184273954816,0,0,0
8,0.5225184273954816,0,0,0
8,0.8862882609894852,0,0,1
8,0.6165184273954816,0,0,0
8,0.5485184273954815,0,0,0
8,0.42251842739548157,1,0,0
8,0.5265184273954815,1,0,0
8,0.5845184273954815,1,0,0
8,0.5265184273954815,0,0,0
8,0.5565184273954815,0,0,0
8,0.8862882609894852,0,0,1
8,0.8862882609894852,0,0,1
8,0.8862882609894852,0,0,1
8,0.6765184273954816,0,0,0
8,0.8862882609894852,0,0,1
8,0.7745184273954815,0,0,0
8,0.4385184273954815,1,0,0
8,0.6665184273954816,0,0,0
8,0.46051842739548154,1,0,0
8,0.48651842739548157,0,0,0
8,0.6865184273954816,1,0,0
8,0.6905184273954816,0,0,0
8,0.6185184273954816,1,0,0
8,0.8225184273954815,1,0,0
8,0.6925184273954816,1,0,0
8,0.6805184273954816,0,0,0
8,0.8065184273954815,1,0,0
8,0.5425184273954815,0,0,0
8,0.8862882609894852,0,0,1
8,0.7425184273954816,0,0,0
8,0.46651842739548155,1,0,0
8,0.7585184273954816,0,0,0
8,0.5985184273954816,0,0,0
8,0.5065184273954816,1,0,0
8,0.8862882609894852,0,0,1
8,0.6065184273954816,0,0,0
8,0.8862882609894852,0,0,1
8,0.7605184273954816,1,0,0
8,0.8862882609894852,0,0,1
8,0.6745184273954816,0,0,0
8,0.41651842739548156,1,0,0
8,0.8862882609894852,0,0,1
8,0.5065184273954816,0,0,0
8,0.5005184273954816,1,0,0
8,0.8345184273954815,0,0,0
8,0.8305184273954815,0,0,0
8,0.8862882609894852,0,0,1
8,0.7585184273954816,0,0,0
8,0.8862882609894852,0,0,1
8,0.5245184273954815,0,0,0
8,0.5965184273954816,1,0,0
8,0.7485184273954816,1,0,0
8,0.8345184273954815,1,0,0
8,0.8645184273954816,1,0,0
8,0.8862882609894852,0,0,1
8,0.8862882609894852,0,0,1
8,0.8862882609894852,0,1,1
8,0.6085184273954816,0,1,0
8,0.6025184273954816,1,1,0
8,0.8265184273954815,1,1,0
8,0.8125184273954815,1,1,0
8,0.5405184273954815,1,1,0
8,0.8862882609894852,0,1,1
8,0.8862882609894852,0,1,1
8,0.8862882609894852,0,1,1
8,0.48851842739548157,0,1,0
8,0.5205184273954816,0,1,0
8,0.8862882609894852,0,1,1
8,0.8862882609894852,0,1,1
8,0.7405184273954816,1,1,0
8,0.5345184273954815,0,1,0
8,0.8825184273954816,1,1,0
8,0.5465184273954815,0,1,0
8,0.8862882609894852,0,1,1
8,0.5205184273954816,1,1,0
8,0.8862882609894852,0,1,1
8,0.8862882609894852,0,1,1
8,0.6385184273954816,1,1,0
8,0.8862882609894852,0,1,1
8,0.6285184273954816,0,1,0
8,0.5785184273954815,1,1,0
8,0.8725184273954816,0,1,0
8,0.5445184273954815,1,1,0
8,0.6165184273954816,1,1,0
8,0.5105184273954816,1,1,0
8,0.8862882609894852,0,1,1
8,0.7425184273954816,1,1,0
8,0.8862882609894852,0,1,1
8,0.5345184273954815,0,1,0
8,0.8862882609894852,0,1,1
8,0.8862882609894852,0,1,1
8,0.6065184273954816,0,1,0
8,0.5545184273954815,0,1,0
8,0.8862882609894852,0,1,1
8,0.5085184273954816,0,1,0
8,0.6585184273954816,1,1,0
8,0.8862882609894852,0,1,1
8,0.5305184273954815,0,1,0
8,0.6025184273954816,1,1,0
8,0.7845184273954815,1,1,0
8,0.5105184273954816,1,1,0
8,0.8862882609894852,0,1,1
8,0.47451842739548156,1,1,0
8,0.8862882609894852,0,1,1
8,0.6305184273954816,0,1,0
8,0.45251842739548154,0,1,0
8,0.6885184273954816,0,1,0
8,0.8862882609894852,0,1,1
8,0.46251842739548155,1,1,0
8,0.5225184273954816,1,1,0
8,0.8862882609894852,0,1,1
8,0.8805184273954816,1,1,0
8,0.7405184273954816,0,1,0
8,0.7285184273954816,0,1,0
8,0.6925184273954816,1,1,0
8,0.6485184273954816,0,1,0
8,0.8862882609894852,0,1,1
8,0.8862882609894852,0,1,1
8,0.5425184273954815,0,1,0
8,0.8862882609894852,0,1,1
8,0.8862882609894852,0,1,1
8,0.8862882609894852,0,1,1
8,0.8862882609894852,0,1,1
8,0.6025184273954816,0,1,0
8,0.48851842739548157,1,1,0
8,0.6265184273954816,0,1,0
8,0.8862882609894852,0,1,1
8,0.7985184273954815,1,1,0
8,0.6605184273954816,0,1,0
8,0.8862882609894852,0,1,1
8,0.8862882609894852,0,1,1
8,0.8862882609894852,0,1,1
8,0.8862882609894852,0,1,1
8,0.44651842739548153,1,1,0
8,0.5045184273954816,0,1,0
8,0.8862882609894852,0,1,1
8,0.8645184273954816,1,1,0
8,0.8862882609894852,0,1,1
8,0.8862882609894852,0,1,1
8,0.8645184273954816,1,1,0
8,0.6045184273954816,0,1,0
8,0.8785184273954816,1,1,0
8,0.7125184273954815,1,1,0
8,0.8862882609894852,0,1,1
8,0.8305184273954815,0,1,0
8,0.6565184273954816,0,1,0
8,0.7125184273954815,0,1,0
8,0.6825184273954816,0,1,0
8,0.8862882609894852,0,1,1
8,0.8862882609894852,0,1,1
8,0.8862882609894852,0,1,1
8,0.5325184273954815,1,1,0
8,0.7505184273954816,1,1,0
8,0.5465184273954815,0,1,0
8,0.5925184273954816,0,1,0
8,0.8862882609894852,0,1,1
8,0.8862882609894852,0,1,1
8,0.8425184273954816,0,1,0
8,0.8045184273954815,0,1,0
8,0.5305184273954815,1,1,0
8,0.48051842739548156,0,1,0
8,0.6305184273954816,1,1,0
8,0.8862882609894852,0,1,1
8,0.8862882609894852,0,1,1
8,0.5825184273954815,0,1,0
8,0.8862882609894852,0,1,1
8,0.5545184273954815,1,1,0
8,0.8862882609894852,0,1,1
8,0.5405184273954815,1,1,0
8,0.39851842739548154,1,1,0
8,0.6085184273954816,0,1,0
8,0.8862882609894852,0,1,1
8,0.5065184273954816,1,1,0
8,0.5705184273954815,0,1,0
8,0.8862882609894852,0,1,1
8,0.8862882609894852,0,1,1
8,0.7285184273954816,0,1,0
8,0.5165184273954816,0,1,0
8,0.8605184273954816,0,1,0
8,0.6825184273954816,0,1,0
8,0.8862882609894852,0,1,1
8,0.7325184273954816,1,1,0
8,0.8165184273954815,1,1,0
8,0.7865184273954815,1,1,0
8,0.6845184273954816,0,1,0
8,0.8325184273954815,0,1,0
9,0.6925184273954816,0,0,0
9,0.5125184273954816,0,0,0
9,0.5465184273954815,0,0,0
9,0.5825184273954815,1,0,0
9,0.8862882609894852,0,0,1
9,0.5225184273954816,0,0,0
9,0.8862882609894852,0,0,1
9,0.5265184273954815,1,0,0
9,0.6045184273954816,1,0,0
9,0.5205184273954816,0,0,0
9,0.8862882609894852,0,0,1
9,0.5885184273954815,1,0,0
9,0.8862882609894852,0,0,1
9,0.8862882609894852,0,0,1
9,0.8862882609894852,0,0,1
9,0.8045184273954815,1,0,0
9,0.6265184273954816,1,0,0
9,0.7545184273954816,1,0,0
9,0.4945184273954816,1,0,0
9,0.4985184273954816,1,0,0
9,0.8862882609894852,0,0,1
9,0.8862882609894852,0,0,1
9,0.8862882609894852,0,0,1
9,0.8862882609894852,0,0,1
9,0.49051842739548157,0,0,0
9,0.8265184273954815,0,0,0
9,0.6085184273954816,0,0,0
9,0.8862882609894852,0,0,1
9,0.8045184273954815,0,0,0
9,0.5425184273954815,1,0,0
9,0.5385184273954815,0,0,0
9,0.8862882609894852,0,0,1
9,0.8862882609894852,0,0,1
9,0.7725184273954815,0,0,0
9,0.8862882609894852,0,0,1
9,0.8862882609894852,0,0,1
9,0.6445184273954816,1,0,0
9,0.8862882609894852,0,0,1
9,0.7865184273954815,0,0,0
9,0.7485184273954816,1,0,0
9,0.44651842739548153,1,0,0
9,0.8862882609894852,0,0,1
9,0.8862882609894852,0,0,1
9,0.8862882609894852,0,0,1
9,0.8862882609894852,0,0,1
9,0.5165184273954816,0,0,0
9,0.5185184273954816,0,0,0
9,0.8862882609894852,0,0,1
9,0.5325184273954815,1,0,0
9,0.8862882609894852,0,0,1
9,0.4965184273954816,1,0,0
9,0.6125184273954816,1,0,0
9,0.8862882609894852,0,0,1
9,0.7005184273954815,1,0,0
9,0.8862882609894852,0,0,1
9,0.8862882609894852,0,0,1
9,0.5485184273954815,1,0,0
9,0.5345184273954815,0,0,0
9,0.5205184273954816,0,0,0
9,0.7485184273954816,0,0,0
9,0.8862882609894852,0,0,1
9,0.5325184273954815,1,0,0
9,0.8845184273954816,0,0,0
9,0.7765184273954815,0,0,0
9,0.8862882609894852,0,0,1
9,0.8862882609894852,0,0,1
9,0.48051842739548156,1,0,0
9,0.8862882609894852,0,0,1
9,0.45451842739548154,0,0,0
9,0.7725184273954815,0,0,0
9,0.6025184273954816,1,0,0
9,0.6345184273954816,1,0,0
9,0.7145184273954815,0,0,0
9,0.8862882609894852,0,0,1
9,0.8862882609894852,0,0,1
9,0.8862882609894852,0,0,1
9,0.5205184273954816,1,0,0
9,0.8862882609894852,0,0,1
9,0.8785184273954816,0,0,0
9,0.8165184273954815,0,0,0
9,0.8862882609894852,0,0,1
9,0.7025184273954815,1,0,0
9,0.8862882609894852,0,0,1
9,0.5605184273954815,1,0,0
9,0.5765184273954815,1,0,0
9,0.5125184273954816,0,0,0
9,0.42051842739548156,1,0,0
9,0.5925184273954816,0,0,0
9,0.7385184273954816,1,0,0
9,0.7045184273954815,0,0,0
9,0.7225184273954816,0,0,0
9,0.6765184273954816,0,0,0
9,0.8225184273954815,1,0,0
9,0.48251842739548156,0,0,0
9,0.6125184273954816,0,0,0
9,0.8862882609894852,0,0,1
9,0.8862882609894852,0,0,1
9,0.5165184273954816,0,0,0
9,0.8862882609894852,0,0,1
9,0.6825184273954816,1,0,0
9,0.46651842739548155,1,0,0
9,0.8862882609894852,0,0,1
9,0.5405184273954815,1,0,0
9,0.4925184273954816,0,0,0
9,0.5005184273954816,1,0,0
9,0.8862882609894852,0,0,1
9,0.7465184273954816,0,0,0
9,0.5805184273954815,1,0,0
9,0.7105184273954815,1,0,0
9,0.8862882609894852,0,0,1
9,0.5625184273954815,1,0,0
9,0.5385184273954815,1,0,0
9,0.45651842739548154,1,0,0
9,0.4365184273954815,0,0,0
9,0.8765184273954816,1,0,0
9,0.5005184273954816,0,0,0
9,0.5445184273954815,0,0,0
9,0.8425184273954816,0,0,0
9,0.8862882609894852,0,0,1
9,0.5185184273954816,0,0,0
9,0.8845184273954816,1,0,0
9,0.6945184273954816,0,0,0
9,0.7245184273954816,0,0,0
9,0.5505184273954815,0,0,0
9,0.45451842739548154,0,0,0
9,0.6125184273954816,1,0,0
9,0.5525184273954815,1,0,0
9,0.8862882609894852,0,0,1
9,0.6065184273954816,0,0,0
9,0.6165184273954816,0,0,0
9,0.8862882609894852,0,1,1
9,0.5905184273954815,1,1,0
9,0.5745184273954815,1,1,0
9,0.8862882609894852,0,1,1
9,0.7225184273954816,1,1,0
9,0.8862882609894852,0,1,1
9,0.48651842739548157,1,1,0
9,0.6905184273954816,0,1,0
9,0.8862882609894852,0,1,1
9,0.8862882609894852,0,1,1
9,0.6165184273954816,1,1,0
9,0.8862882609894852,0,1,1
9,0.8862882609894852,0,1,1
9,0.8862882609894852,0,1,1
9,0.6785184273954816,0,1,0
9,0.8862882609894852,0,1,1
9,0.5945184273954816,0,1,0
9,0.8862882609894852,0,1,1
9,0.8862882609894852,0,1,1
9,0.5205184273954816,1,1,0
9,0.8862882609894852,0,1,1
9,0.8862882609894852,0,1,1
9,0.6305184273954816,1,1,0
9,0.8862882609894852,0,1,1
9,0.8862882609894852,0,1,1
9,0.6525184273954816,1,1,0
9,0.6805184273954816,0,1,0
9,0.8685184273954816,1,1,0
9,0.7705184273954815,0,1,0
9,0.7165184273954815,0,1,0
9,0.5665184273954815,1,1,0
9,0.5025184273954816,0,1,0
9,0.4345184273954816,1,1,0
9,0.8862882609894852,0,1,1
9,0.7365184273954816,0,1,0
9,0.7945184273954815,0,1,0
9,0.42051842739548156,0,1,0
9,0.8862882609894852,0,1,1
9,0.44651842739548153,1,1,0
9,0.5245184273954815,0,1,0
9,0.7065184273954815,1,1,0
9,0.5525184273954815,0,1,0
9,0.8862882609894852,0,1,1
9,0.7085184273954815,1,1,0
9,0.8862882609894852,0,1,1
9,0.5145184273954816,0,1,0
9,0.8862882609894852,0,1,1
9,0.5405184273954815,1,1,0
9,0.8385184273954815,0,1,0
9,0.8862882609894852,0,1,1
9,0.8325184273954815,0,1,0
9,0.8862882609894852,0,1,1
9,0.4345184273954816,1,1,0
9,0.6565184273954816,1,1,0
9,0.8862882609894852,0,1,1
9,0.5105184273954816,0,1,0
9,0.5045184273954816,0,1,0
9,0.8862882609894852,0,1,1
9,0.4965184273954816,1,1,0
9,0.7705184273954815,1,1,0
9,0.8862882609894852,0,1,1
9,0.7685184273954815,0,1,0
9,0.6485184273954816,0,1,0
9,0.7285184273954816,1,1,0
9,0.6225184273954816,0,1,0
9,0.7565184273954816,1,1,0
9,0.8862882609894852,0,1,1
9,0.8862882609894852,0,1,1
9,0.6585184273954816,0,1,0
9,0.8862882609894852,0,1,1
9,0.8745184273954816,1,1,0
9,0.6285184273954816,1,1,0
9,0.42251842739548157,1,1,0
9,0.49051842739548157,1,1,0
9,0.7545184273954816,0,1,0
9,0.8862882609894852,0,1,1
9,0.41851842739548156,0,1,0
9,0.8862882609894852,0,1,1
9,0.5985184273954816,1,1,0
9,0.8225184273954815,0,1,0
9,0.7285184273954816,0,1,0
9,0.5885184273954815,0,1,0
9,0.8862882609894852,0,1,1
9,0.45251842739548154,1,1,0
9,0.6125184273954816,1,1,0
9,0.5785184273954815,1,1,0
9,0.8862882609894852,0,1,1
9,0.5585184273954815,1,1,0
9,0.8862882609894852,0,1,1
9,0.42851842739548157,1,1,0
9,0.8862882609894852,0,1,1
9,0.8245184273954815,1,1,0
9,0.6425184273954816,1,1,0
9,0.6205184273954816,0,1,0
9,0.8862882609894852,0,1,1
9,0.8105184273954815,0,1,0
9,0.8862882609894852,0,1,1
9,0.5005184273954816,1,1,0
9,0.8862882609894852,0,1,1
9,0.4945184273954816,1,1,0
9,0.48251842739548156,0,1,0
9,0.6205184273954816,0,1,0
9,0.6165184273954816,1,1,0
9,0.5885184273954815,1,1,0
9,0.8862882609894852,0,1,1
9,0.5845184273954815,0,1,0
9,0.4945184273954816,1,1,0
9,0.5945184273954816,1,1,0
9,0.5905184273954815,1,1,0
9,0.7705184273954815,1,1,0
9,0.8065184273954815,0,1,0
9,0.8862882609894852,0,1,1
9,0.7525184273954816,1,1,0
9,0.8862882609894852,0,1,1
9,0.8862882609894852,0,1,1
9,0.7105184273954815,1,1,0
9,0.8025184273954815,0,1,0
9,0.8862882609894852,0,1,1
9,0.8862882609894852,0,1,1
9,0.8862882609894852,0,1,1
9,0.5805184273954815,1,1,0
9,0.8862882609894852,0,1,1
9,0.8862882609894852,0,1,1
9,0.5425184273954815,0,1,0
9,0.4325184273954816,0,1,0
9,0.8862882609894852,0,1,1
9,0.7125184273954815,1,1,0
9,0.6525184273954816,1,1,0
9,0.6625184273954816,0,1,0
9,0.5265184273954815,1,1,0
10,0.8862882609894852,0,0,1
10,0.8862882609894852,0,0,1
10,0.4985184273954816,0,0,0
10,0.8862882609894852,0,0,1
10,0.6685184273954816,0,0,0
10,0.8862882609894852,0,0,1
10,0.8862882609894852,0,0,1
10,0.7725184273954815,0,0,0
10,0.8685184273954816,1,0,0
10,0.8862882609894852,0,0,1
10,0.39051842739548154,1,0,0
10,0.5345184273954815,0,0,0
10,0.6865184273954816,1,0,0
10,0.8862882609894852,0,0,1
10,0.8185184273954815,0,0,0
10,0.8862882609894852,0,0,1
10,0.8862882609894852,0,0,1
10,0.6685184273954816,0,0,0
10,0.6245184273954816,1,0,0
10,0.8862882609894852,0,0,1
10,0.8862882609894852,0,0,1
10,0.8365184273954815,0,0,0
10,0.8862882609894852,0,0,1
10,0.5185184273954816,0,0,0
10,0.45451842739548154,0,0,0
10,0.7245184273954816,0,0,0
10,0.8862882609894852,0,0,1
10,0.8862882609894852,0,0,1
10,0.6005184273954816,0,0,0
10,0.5505184273954815,0,0,0
10,0.5505184273954815,1,0,0
10,0.8862882609894852,0,0,1
10,0.5585184273954815,1,0,0
10,0.5885184273954815,0,0,0
10,0.6725184273954816,1,0,0
10,0.8862882609894852,0,0,1
10,0.8862882609894852,0,0,1
10,0.8365184273954815,1,0,0
10,0.6225184273954816,1,0,0
10,0.7525184273954816,0,0,0
10,0.5225184273954816,0,0,0
10,0.8862882609894852,0,0,1
10,0.8862882609894852,0,0,1
10,0.8862882609894852,0,0,1
10,0.8862882609894852,0,0,1
10,0.5765184273954815,0,0,0
10,0.8862882609894852,0,0,1
10,0.8285184273954815,0,0,0
10,0.8725184273954816,1,0,0
10,0.6645184273954816,0,0,0
10,0.6445184273954816,0,0,0
10,0.8862882609894852,0,0,1
10,0.7205184273954816,1,0,0
10,0.8862882609894852,0,0,1
10,0.8862882609894852,0,0,1
10,0.8862882609894852,0,0,1
10,0.7985184273954815,1,0,0
10,0.6625184273954816,0,0,0
10,0.46451842739548155,0,0,0
10,0.6865184273954816,0,0,0
10,0.5965184273954816,0,0,0
10,0.8862882609894852,0,0,1
10,0.8862882609894852,0,0,1
10,0.5465184273954815,1,0,0
10,0.6165184273954816,0,0,0
10,0.8862882609894852,0,0,1
10,0.7985184273954815,1,0,0
10,0.41451842739548156,1,0,0
10,0.8245184273954815,1,0,0
10,0.5125184273954816,1,0,0
10,0.41651842739548156,0,0,0
10,0.8825184273954816,1,0,0
10,0.5065184273954816,1,0,0
10,0.6365184273954816,0,0,0
10,0.8862882609894852,0,0,1
10,0.8445184273954816,1,0,0
10,0.7925184273954815,1,0,0
10,0.5845184273954815,0,0,0
10,0.8862882609894852,0,0,1
10,0.8862882609894852,0,0,1
10,0.8862882609894852,0,0,1
10,0.5705184273954815,0,0,0
10,0.8862882609894852,0,0,1
10,0.48651842739548157,1,0,0
10,0.8805184273954816,1,0,0
10,0.8862882609894852,0,0,1
10,0.7905184273954815,1,0,0
10,0.7065184273954815,1,0,0
10,0.41851842739548156,1,0,0
10,0.8862882609894852,0,0,1
10,0.46251842739548155,1,0,0
10,0.7425184273954816,0,0,0
10,0.6145184273954816,1,0,0
10,0.5565184273954815,0,0,0
10,0.7445184273954816,0,0,0
10,0.5305184273954815,1,0,0
10,0.8862882609894852,0,0,1
10,0.5525184273954815,0,0,0
10,0.5385184273954815,1,0,0
10,0.6045184273954816,0,0,0
10,0.6905184273954816,1,0,0
10,0.4345184273954816,1,0,0
10,0.6885184273954816,1,0,0
10,0.8365184273954815,0,0,0
10,0.5805184273954815,0,0,0
10,0.5025184273954816,0,0,0
10,0.8862882609894852,0,0,1
10,0.4345184273954816,0,0,0
10,0.8862882609894852,0,0,1
10,0.47251842739548156,1,0,0
10,0.6105184273954816,0,0,0
10,0.5505184273954815,0,0,0
10,0.4925184273954816,1,0,0
10,0.4385184273954815,1,0,0
10,0.4385184273954815,1,0,0
10,0.8862882609894852,0,0,1
10,0.6905184273954816,0,0,0
10,0.45651842739548154,0,0,0
10,0.46051842739548154,1,0,0
10,0.6785184273954816,0,0,0
10,0.42051842739548156,1,0,0
10,0.8862882609894852,0,0,1
10,0.8862882609894852,0,0,1
10,0.44651842739548153,0,0,0
10,0.8862882609894852,0,0,1
10,0.42651842739548157,1,0,0
10,0.8862882609894852,0,0,1
10,0.4325184273954816,1,0,0
10,0.4925184273954816,1,0,0
10,0.5565184273954815,0,0,0
10,0.8862882609894852,0,1,1
10,0.8862882609894852,0,1,1
10,0.8305184273954815,1,1,0
10,0.8505184273954816,1,1,0
10,0.8862882609894852,0,1,1
10,0.8862882609894852,0,1,1
10,0.8862882609894852,0,1,1
10,0.8862882609894852,0,1,1
10,0.5805184273954815,1,1,0
10,0.8405184273954815,0,1,0
10,0.4965184273954816,0,1,0
10,0.7785184273954815,0,1,0
10,0.7005184273954815,1,1,0
10,0.45251842739548154,1,1,0
10,0.6125184273954816,0,1,0
10,0.8862882609894852,0,1,1
10,0.5225184273954816,1,1,0
10,0.39851842739548154,1,1,0
10,0.7645184273954816,0,1,0
10,0.8862882609894852,0,1,1
10,0.5765184273954815,0,1,0
10,0.4405184273954815,1,1,0
10,0.47651842739548156,1,1,0
10,0.5445184273954815,0,1,0
10,0.8862882609894852,0,1,1
10,0.6865184273954816,0,1,0
10,0.6105184273954816,1,1,0
10,0.7045184273954815,1,1,0
10,0.5045184273954816,1,1,0
10,0.6125184273954816,1,1,0
10,0.5545184273954815,0,1,0
10,0.5365184273954815,0,1,0
10,0.5405184273954815,0,1,0
10,0.4985184273954816,0,1,0
10,0.5205184273954816,1,1,0
10,0.7405184273954816,1,1,0
10,0.6945184273954816,1,1,0
10,0.5105184273954816,1,1,0
10,0.46251842739548155,1,1,0
10,0.8365184273954815,0,1,0
10,0.6405184273954816,1,1,0
10,0.8862882609894852,0,1,1
10,0.8862882609894852,0,1,1
10,0.8862882609894852,0,1,1
10,0.8862882609894852,0,1,1
10,0.47651842739548156,1,1,0
10,0.6185184273954816,1,1,0
10,0.8862882609894852,0,1,1
10,0.6325184273954816,0,1,0
10,0.8862882609894852,0,1,1
10,0.6865184273954816,0,1,0
10,0.6105184273954816,1,1,0
10,0.8862882609894852,0,1,1
10,0.5005184273954816,1,1,0
10,0.42051842739548156,1,1,0
10,0.48251842739548156,1,1,0
10,0.39451842739548154,1,1,0
10,0.6825184273954816,0,1,0
10,0.5185184273954816,1,1,0
10,0.5845184273954815,1,1,0
10,0.8862882609894852,0,1,1
10,0.6425184273954816,0,1,0
10,0.6165184273954816,0,1,0
10,0.8365184273954815,0,1,0
10,0.8862882609894852,0,1,1
10,0.5705184273954815,0,1,0
10,0.4305184273954816,1,1,0
10,0.8665184273954816,0,1,0
10,0.6585184273954816,0,1,0
10,0.6825184273954816,0,1,0
10,0.5525184273954815,1,1,0
10,0.8325184273954815,1,1,0
10,0.44851842739548153,1,1,0
10,0.8862882609894852,0,1,1
10,0.6245184273954816,0,1,0
10,0.8862882609894852,0,1,1
10,0.8862882609894852,0,1,1
10,0.5445184273954815,0,1,0
10,0.8862882609894852,0,1,1
10,0.48251842739548156,0,1,0
10,0.6785184273954816,0,1,0
10,0.8862882609894852,0,1,1
10,0.45651842739548154,1,1,0
10,0.8145184273954815,0,1,0
10,0.8862882609894852,0,1,1
10,0.8862882609894852,0,1,1
10,0.8862882609894852,0,1,1
10,0.8862882609894852,0,1,1
10,0.5585184273954815,1,1,0
10,0.6085184273954816,1,1,0
10,0.8862882609894852,0,1,1
10,0.7845184273954815,1,1,0
10,0.7265184273954816,0,1,0
10,0.8862882609894852,0,1,1
10,0.8065184273954815,1,1,0
10,0.4405184273954815,1,1,0
10,0.40051842739548155,1,1,0
10,0.8862882609894852,0,1,1
10,0.8845184273954816,1,1,0
10,0.8862882609894852,0,1,1
10,0.6945184273954816,1,1,0
10,0.7385184273954816,1,1,0
10,0.8862882609894852,0,1,1
10,0.8862882609894852,0,1,1
10,0.6465184273954816,1,1,0
10,0.8645184273954816,1,1,0
10,0.7445184273954816,0,1,0
10,0.6065184273954816,1,1,0
10,0.5725184273954815,0,1,0
10,0.6065184273954816,0,1,0
10,0.6005184273954816,0,1,0
10,0.4345184273954816,1,1,0
10,0.8425184273954816,1,1,0
10,0.8862882609894852,0,1,1
10,0.6945184273954816,0,1,0
10,0.6705184273954816,0,1,0
10,0.8862882609894852,0,1,1
10,0.39851842739548154,1,1,0
10,0.5645184273954815,1,1,0
10,0.8485184273954816,0,1,0
10,0.8625184273954816,0,1,0
10,0.5385184273954815,0,1,0
10,0.5985184273954816,1,1,0
10,0.5565184273954815,1,1,0
10,0.5565184273954815,1,1,0
10,0.8485184273954816,0,1,0
10,0.7925184273954815,0,1,0
10,0.5805184273954815,0,1,0
10,0.8765184273954816,1,1,0
10,0.5065184273954816,1,1,0
11,0.7245184273954816,0,0,0
11,0.48651842739548157,1,0,0
11,0.5685184273954815,1,0,0
11,0.8862882609894852,0,0,1
11,0.5245184273954815,0,0,0
11,0.5945184273954816,0,0,0
11,0.5105184273954816,0,0,0
11,0.8285184273954815,0,0,0
11,0.5445184273954815,0,0,0
11,0.8862882609894852,0,0,1
11,0.8862882609894852,0,0,1
11,0.8862882609894852,0,0,1
11,0.8862882609894852,0,0,1
11,0.48451842739548157,1,0,0
11,0.8862882609894852,0,0,1
11,0.4345184273954816,0,0,0
11,0.6045184273954816,1,0,0
11,0.47451842739548156,0,0,0
11,0.7505184273954816,0,0,0
11,0.7525184273954816,0,0,0
11,0.8862882609894852,0,0,1
11,0.4985184273954816,0,0,0
11,0.8862882609894852,0,0,1
11,0.8245184273954815,0,0,0
11,0.6525184273954816,0,0,0
11,0.6185184273954816,1,0,0
11,0.5745184273954815,1,0,0
11,0.6485184273954816,0,0,0
11,0.6005184273954816,0,0,0
11,0.8862882609894852,0,0,1
11,0.7025184273954815,1,0,0
11,0.5985184273954816,1,0,0
11,0.8862882609894852,0,0,1
11,0.8685184273954816,1,0,0
11,0.48451842739548157,0,0,0
11,0.5085184273954816,1,0,0
11,0.8862882609894852,0,0,1
11,0.5445184273954815,1,0,0
11,0.8862882609894852,0,0,1
11,0.6625184273954816,0,0,0
11,0.8862882609894852,0,0,1
11,0.5045184273954816,0,0,0
11,0.8445184273954816,0,0,0
11,0.7885184273954815,0,0,0
11,0.6305184273954816,0,0,0
11,0.8385184273954815,1,0,0
11,0.7785184273954815,1,0,0
11,0.8862882609894852,0,0,1
11,0.8862882609894852,0,0,1
11,0.8862882609894852,0,0,1
11,0.8862882609894852,0,0,1
11,0.5365184273954815,1,0,0
11,0.6565184273954816,1,0,0
11,0.7025184273954815,1,0,0
11,0.7585184273954816,0,0,0
11,0.6885184273954816,0,0,0
11,0.6725184273954816,0,0,0
11,0.7385184273954816,0,0,0
11,0.8045184273954815,0,0,0
11,0.5205184273954816,1,0,0
11,0.6385184273954816,0,0,0
11,0.5745184273954815,1,0,0
11,0.8862882609894852,0,0,1
11,0.5945184273954816,1,0,0
11,0.6825184273954816,0,0,0
11,0.8862882609894852,0,0,1
11,0.8862882609894852,0,0,1
11,0.8862882609894852,0,0,1
11,0.8025184273954815,1,0,0
11,0.5185184273954816,0,0,0
11,0.7605184273954816,0,0,0
11,0.8325184273954815,0,0,0
11,0.5285184273954815,0,0,0
11,0.8862882609894852,0,0,1
11,0.7105184273954815,0,0,0
11,0.7945184273954815,1,0,0
11,0.8862882609894852,0,0,1
11,0.5145184273954816,0,0,0
11,0.7625184273954816,0,0,0
11,0.6505184273954816,1,0,0
11,0.8805184273954816,1,0,0
11,0.6025184273954816,0,0,0
11,0.6225184273954816,0,0,0
11,0.7545184273954816,1,0,0
11,0.8862882609894852,0,0,1
11,0.38651842739548153,0,0,0
11,0.8125184273954815,0,0,0
11,0.8862882609894852,0,0,1
11,0.46651842739548155,0,0,0
11,0.8165184273954815,0,0,0
11,0.8862882609894852,0,0,1
11,0.5845184273954815,1,0,0
11,0.6905184273954816,0,0,0
11,0.7125184273954815,0,0,0
11,0.45651842739548154,1,0,0
11,0.8862882609894852,0,0,1
11,0.8862882609894852,0,0,1
11,0.6485184273954816,1,0,0
11,0.6385184273954816,1,0,0
11,0.7585184273954816,0,0,0
11,0.8862882609894852,0,0,1
11,0.8862882609894852,0,0,1
11,0.6045184273954816,1,0,0
11,0.8862882609894852,0,0,1
11,0.5565184273954815,0,0,0
11,0.6605184273954816,0,0,0
11,0.8862882609894852,0,0,1
11,0.4325184273954816,0,0,0
11,0.42451842739548157,1,0,0
11,0.5345184273954815,1,0,0
11,0.7765184273954815,0,0,0
11,0.48651842739548157,0,0,0
11,0.8862882609894852,0,0,1
11,0.7965184273954815,0,0,0
11,0.8862882609894852,0,0,1
11,0.8862882609894852,0,0,1
11,0.8862882609894852,0,0,1
11,0.7105184273954815,0,0,0
11,0.6805184273954816,0,0,0
11,0.8862882609894852,0,0,1
11,0.7185184273954816,1,0,0
11,0.8862882609894852,0,0,1
11,0.7105184273954815,0,0,0
11,0.5165184273954816,0,0,0
11,0.8862882609894852,0,0,1
11,0.8862882609894852,0,0,1
11,0.8862882609894852,0,0,1
11,0.47651842739548156,1,0,0
11,0.8862882609894852,0,0,1
11,0.5105184273954816,0,0,0
11,0.8862882609894852,0,1,1
11,0.8862882609894852,0,1,1
11,0.8862882609894852,0,1,1
11,0.8862882609894852,0,1,1
11,0.45651842739548154,1,1,0
11,0.8862882609894852,0,1,1
11,0.6705184273954816,1,1,0
11,0.8285184273954815,0,1,0
11,0.8862882609894852,0,1,1
11,0.8862882609894852,0,1,1
11,0.8862882609894852,0,1,1
11,0.39251842739548154,1,1,0
11,0.8862882609894852,0,1,1
11,0.6845184273954816,0,1,0
11,0.48851842739548157,1,1,0
11,0.48251842739548156,1,1,0
11,0.7025184273954815,0,1,0
11,0.46051842739548154,1,1,0
11,0.8862882609894852,0,1,1
11,0.5405184273954815,1,1,0
11,0.8862882609894852,0,1,1
11,0.8862882609894852,0,1,1
11,0.6985184273954816,0,1,0
11,0.8165184273954815,1,1,0
11,0.8862882609894852,0,1,1
11,0.8862882609894852,0,1,1
11,0.5365184273954815,1,1,0
11,0.6965184273954816,1,1,0
11,0.7705184273954815,0,1,0
11,0.8862882609894852,0,1,1
11,0.6385184273954816,0,1,0
11,0.41451842739548156,0,1,0
11,0.6525184273954816,1,1,0
11,0.5725184273954815,1,1,0
11,0.5285184273954815,0,1,0
11,0.8862882609894852,0,1,1
11,0.8525184273954816,0,1,0
11,0.8862882609894852,0,1,1
11,0.6345184273954816,1,1,0
11,0.6505184273954816,1,1,0
11,0.7985184273954815,0,1,0
11,0.5345184273954815,1,1,0
11,0.8862882609894852,0,1,1
11,0.8165184273954815,0,1,0
11,0.5685184273954815,0,1,0
11,0.8862882609894852,0,1,1
11,0.42851842739548157,0,1,0
11,0.7085184273954815,1,1,0
11,0.6965184273954816,0,1,0
11,0.6845184273954816,0,1,0
11,0.42051842739548156,1,1,0
11,0.8862882609894852,0,1,1
11,0.8862882609894852,0,1,1
11,0.8862882609894852,0,1,1
11,0.8862882609894852,0,1,1
11,0.8862882609894852,0,1,1
11,0.6305184273954816,0,1,0
11,0.6365184273954816,1,1,0
11,0.8862882609894852,0,1,1
11,0.8862882609894852,0,1,1
11,0.8862882609894852,0,1,1
11,0.8862882609894852,0,1,1
11,0.8405184273954815,0,1,0
11,0.6965184273954816,1,1,0
11,0.8165184273954815,0,1,0
11,0.8862882609894852,0,1,1
11,0.7905184273954815,0,1,0
11,0.8862882609894852,0,1,1
11,0.4345184273954816,1,1,0
11,0.8862882609894852,0,1,1
11,0.6905184273954816,1,1,0
11,0.5805184273954815,0,1,0
11,0.5785184273954815,1,1,0
11,0.8325184273954815,0,1,0
11,0.8862882609894852,0,1,1
11,0.7125184273954815,1,1,0
11,0.8862882609894852,0,1,1
11,0.8862882609894852,0,1,1
11,0.7905184273954815,1,1,0
11,0.6725184273954816,1,1,0
11,0.44651842739548153,1,1,0
11,0.8862882609894852,0,1,1
11,0.4305184273954816,1,1,0
11,0.8805184273954816,0,1,0
11,0.8405184273954815,0,1,0
11,0.5865184273954815,0,1,0
11,0.8862882609894852,0,1,1
11,0.6225184273954816,0,1,0
11,0.8705184273954816,0,1,0
11,0.45651842739548154,0,1,0
11,0.8862882609894852,0,1,1
11,0.8862882609894852,0,1,1
11,0.8862882609894852,0,1,1
11,0.5405184273954815,0,1,0
11,0.8862882609894852,0,1,1
11,0.8862882609894852,0,1,1
11,0.5065184273954816,1,1,0
11,0.49051842739548157,0,1,0
11,0.5965184273954816,1,1,0
11,0.8862882609894852,0,1,1
11,0.8862882609894852,0,1,1
11,0.5625184273954815,1,1,0
11,0.8862882609894852,0,1,1
11,0.6465184273954816,0,1,0
11,0.6765184273954816,0,1,0
11,0.8345184273954815,1,1,0
11,0.8862882609894852,0,1,1
11,0.4325184273954816,1,1,0
11,0.8625184273954816,0,1,0
11,0.44251842739548153,0,1,0
11,0.5165184273954816,1,1,0
11,0.45451842739548154,1,1,0
11,0.44251842739548153,1,1,0
11,0.8862882609894852,0,1,1
11,0.8862882609894852,0,1,1
11,0.5005184273954816,1,1,0
11,0.8862882609894852,0,1,1
11,0.8862882609894852,0,1,1
11,0.8445184273954816,0,1,0
11,0.6065184273954816,0,1,0
11,0.6765184273954816,0,1,0
11,0.5385184273954815,0,1,0
11,0.48651842739548157,0,1,0
11,0.6625184273954816,1,1,0
11,0.4985184273954816,0,1,0
11,0.8862882609894852,0,1,1
11,0.5905184273954815,1,1,0
11,0.8862882609894852,0,1,1
11,0.8045184273954815,1,1,0
11,0.8862882609894852,0,1,1
