groupID,subjectID,gender,age,handedness,stage,trialID,P,T,W,Shape,Label,CorrectKey,Response,RT,Correct
3,11,2,19,2,practice,1,120,0.03,0.6,square,self,f,,NaN,0
3,11,2,19,2,practice,2,120,0.03,0.6,square,stranger,j,,NaN,0
3,11,2,19,2,practice,3,120,0.03,0.6,circle,self,j,j,0.364357899990864,1
3,11,2,19,2,practice,4,120,0.03,0.6,circle,stranger,f,j,0.458240399952047,0
3,11,2,19,2,practice,5,120,0.03,0.6,square,self,f,f,0.540411100024357,1
3,11,2,19,2,practice,6,120,0.03,0.6,square,stranger,j,j,0.538528300006874,1
3,11,2,19,2,practice,7,120,0.03,0.6,circle,self,j,j,0.609703600057401,1
3,11,2,19,2,practice,8,120,0.03,0.6,circle,stranger,f,f,0.5133962999098,1
3,11,2,19,2,practice,9,120,0.03,0.6,square,stranger,j,f,0.494458599947393,0
3,11,2,19,2,practice,10,120,0.03,0.6,square,self,f,j,0.578007100033574,0
3,11,2,19,2,practice,11,120,0.03,0.6,circle,self,j,,NaN,0
3,11,2,19,2,practice,12,120,0.03,0.6,circle,stranger,f,j,0.555137100047432,0
3,11,2,19,2,practice,13,120,0.03,0.6,circle,stranger,f,f,0.575342700001784,1
3,11,2,19,2,practice,14,120,0.03,0.6,square,stranger,j,f,0.6263177000219,0
3,11,2,19,2,practice,15,120,0.03,0.6,square,self,f,,NaN,0
3,11,2,19,2,practice,16,120,0.03,0.6,circle,self,j,f,0.346931600011885,0
3,11,2,19,2,practice,17,120,0.03,0.6,circle,self,j,j,0.401081299991347,1
3,11,2,19,2,practice,18,120,0.03,0.6,square,self,f,j,0.578960999962874,0
3,11,2,19,2,practice,19,120,0.03,0.6,square,stranger,j,f,0.467575600021519,0
3,11,2,19,2,practice,20,120,0.03,0.6,circle,stranger,f,j,0.576323400018737,0
3,11,2,19,2,practice,21,120,0.03,0.6,circle,self,j,f,0.466301999986172,0
3,11,2,19,2,practice,22,120,0.03,0.6,square,stranger,j,,NaN,0
3,11,2,19,2,practice,23,120,0.03,0.6,square,self,f,j,0.392026000074111,0
3,11,2,19,2,practice,24,120,0.03,0.6,circle,stranger,f,f,0.419483499950729,1
3,11,2,19,2,practice,25,120,0.03,0.6,square,self,f,f,0.496680299984291,1
3,11,2,19,2,practice,26,120,0.03,0.6,circle,stranger,f,j,0.316610099980608,0
3,11,2,19,2,practice,27,120,0.03,0.6,square,stranger,j,f,0.24268430005759,0
3,11,2,19,2,practice,28,120,0.03,0.6,circle,self,j,j,0.234496999997646,1
3,11,2,19,2,practice,29,120,0.03,0.6,circle,stranger,f,j,0.234368499950506,0
3,11,2,19,2,practice,30,120,0.03,0.6,circle,self,j,f,0.234450399992056,0
3,11,2,19,2,practice,31,120,0.03,0.6,square,self,f,,NaN,0
3,11,2,19,2,practice,32,120,0.03,0.6,square,stranger,j,j,0.234624999924563,1
3,11,2,19,2,practice,33,120,0.03,0.6,circle,stranger,f,j,0.31331360002514,0
3,11,2,19,2,practice,34,120,0.03,0.6,square,self,f,j,0.266669600037858,0
3,11,2,19,2,practice,35,120,0.03,0.6,square,stranger,j,f,0.234811799949966,0
3,11,2,19,2,practice,36,120,0.03,0.6,circle,self,j,f,0.234247100073844,0
3,11,2,19,2,practice,37,120,0.03,0.6,circle,self,j,f,0.234414899954572,0
3,11,2,19,2,practice,38,120,0.03,0.6,circle,stranger,f,f,0.234550600056536,1
3,11,2,19,2,practice,39,120,0.03,0.6,square,stranger,j,f,0.342896000016481,0
3,11,2,19,2,practice,40,120,0.03,0.6,square,self,f,j,0.292531799990684,0
3,11,2,19,2,practice,41,120,0.03,0.6,square,stranger,j,j,0.234265599981882,1
3,11,2,19,2,practice,42,120,0.03,0.6,circle,stranger,f,j,0.23425199999474,0
3,11,2,19,2,practice,43,120,0.03,0.6,square,self,f,j,0.234375500003807,0
3,11,2,19,2,practice,44,120,0.03,0.6,circle,self,j,f,0.234360600006767,0
3,11,2,19,2,practice,45,120,0.03,0.6,circle,stranger,f,j,0.234387499978766,0
3,11,2,19,2,practice,46,120,0.03,0.6,square,self,f,,NaN,0
3,11,2,19,2,practice,47,120,0.03,0.6,square,stranger,j,j,0.301538300001994,1
3,11,2,19,2,practice,48,120,0.03,0.6,circle,self,j,j,0.258880199980922,1
3,11,2,19,2,practice,49,120,0.03,0.6,square,self,f,j,0.23416150000412,0
3,11,2,19,2,practice,50,120,0.03,0.6,circle,stranger,f,j,0.234308700077236,0
3,11,2,19,2,practice,51,120,0.03,0.6,circle,self,j,j,0.252808800083585,1
3,11,2,19,2,practice,52,120,0.03,0.6,square,stranger,j,j,0.245292700012214,1
3,11,2,19,2,practice,53,120,0.03,0.6,square,stranger,j,j,0.242063599987887,1
3,11,2,19,2,practice,54,120,0.03,0.6,square,self,f,j,0.234062399948016,0
3,11,2,19,2,practice,55,120,0.03,0.6,circle,self,j,f,0.234100300003774,0
3,11,2,19,2,practice,56,120,0.03,0.6,circle,stranger,f,,NaN,0
3,11,2,19,2,practice,57,120,0.03,0.6,square,self,f,j,0.237432499998249,0
3,11,2,19,2,practice,58,120,0.03,0.6,square,stranger,j,j,0.234090600046329,1
3,11,2,19,2,practice,59,120,0.03,0.6,circle,stranger,f,j,0.279244899982587,0
3,11,2,19,2,practice,60,120,0.03,0.6,circle,self,j,f,0.234307099948637,0
3,11,2,19,2,practice,61,120,0.03,0.6,square,self,f,j,0.258411800023168,0
3,11,2,19,2,practice,62,120,0.03,0.6,square,stranger,j,j,0.234422600013204,1
3,11,2,19,2,practice,63,120,0.03,0.6,circle,stranger,f,j,0.309555299929343,0
3,11,2,19,2,practice,64,120,0.03,0.6,circle,self,j,j,0.234271200024523,1
3,11,2,19,2,practice,65,120,0.03,0.6,square,stranger,j,f,0.234244300052524,0
3,11,2,19,2,practice,66,120,0.03,0.6,square,self,f,,NaN,0
3,11,2,19,2,practice,67,120,0.03,0.6,circle,self,j,j,0.234322899952531,1
3,11,2,19,2,practice,68,120,0.03,0.6,circle,stranger,f,j,0.316899399971589,0
3,11,2,19,2,practice,69,120,0.03,0.6,circle,stranger,f,j,0.234247599961236,0
3,11,2,19,2,practice,70,120,0.03,0.6,square,self,f,f,0.234276300063357,1
3,11,2,19,2,practice,71,120,0.03,0.6,circle,self,j,f,0.296954500023276,0
3,11,2,19,2,practice,72,120,0.03,0.6,square,stranger,j,f,0.234281399985775,0
3,11,2,19,2,practice,73,120,0.03,0.6,circle,self,j,j,0.234218199970201,1
3,11,2,19,2,practice,74,120,0.03,0.6,circle,stranger,f,j,0.234170899959281,0
3,11,2,19,2,practice,75,120,0.03,0.6,square,self,f,j,0.2353032999672,0
3,11,2,19,2,practice,76,120,0.03,0.6,square,stranger,j,,NaN,0
3,11,2,19,2,practice,77,120,0.03,0.6,circle,stranger,f,j,0.274649900035001,0
3,11,2,19,2,practice,78,120,0.03,0.6,square,self,f,f,0.235229499987327,1
3,11,2,19,2,practice,79,120,0.03,0.6,square,stranger,j,j,0.234110899968073,1
3,11,2,19,2,practice,80,120,0.03,0.6,circle,self,j,j,0.234234600095078,1
3,11,2,19,2,practice,81,120,0.03,0.6,square,self,f,j,0.23450729995966,0
3,11,2,19,2,practice,82,120,0.03,0.6,circle,self,j,j,0.234338400070556,1
3,11,2,19,2,practice,83,120,0.03,0.6,circle,stranger,f,j,0.335249299998395,0
3,11,2,19,2,practice,84,120,0.03,0.6,square,stranger,j,j,0.234631000086665,1
3,11,2,19,2,practice,85,120,0.03,0.6,circle,self,j,j,0.287130300072022,1
3,11,2,19,2,practice,86,120,0.03,0.6,square,self,f,j,0.467490099952556,0
3,11,2,19,2,practice,87,120,0.03,0.6,circle,stranger,f,j,0.259913699934259,0
3,11,2,19,2,practice,88,120,0.03,0.6,square,stranger,j,j,0.234316300018691,1
3,11,2,19,2,practice,89,120,0.03,0.6,circle,stranger,f,j,0.30901059997268,0
3,11,2,19,2,practice,90,120,0.03,0.6,square,self,f,j,0.234242900041863,0
3,11,2,19,2,practice,91,120,0.03,0.6,square,stranger,j,j,0.234575100010261,1
3,11,2,19,2,practice,92,120,0.03,0.6,circle,self,j,j,0.335185699979775,1
3,11,2,19,2,practice,93,120,0.03,0.6,circle,self,j,j,0.289861600031145,1
3,11,2,19,2,practice,94,120,0.03,0.6,square,self,f,j,0.306463900022209,0
3,11,2,19,2,practice,95,120,0.03,0.6,circle,stranger,f,f,0.240395599976182,1
3,11,2,19,2,practice,96,120,0.03,0.6,square,stranger,j,f,0.290112099959515,0
3,11,2,19,2,practice,97,120,0.03,0.6,circle,stranger,f,j,0.268360699992627,0
3,11,2,19,2,practice,98,120,0.03,0.6,circle,self,j,j,0.234140500077046,1
3,11,2,19,2,practice,99,120,0.03,0.6,square,self,f,j,0.234259199933149,0
3,11,2,19,2,practice,100,120,0.03,0.6,square,stranger,j,j,0.234296499984339,1
3,11,2,19,2,practice,101,120,0.03,0.6,circle,self,j,j,0.23457089997828,1
3,11,2,19,2,practice,102,120,0.03,0.6,circle,stranger,f,j,0.234223500010557,0
3,11,2,19,2,practice,103,120,0.03,0.6,square,stranger,j,j,0.237637699930929,1
3,11,2,19,2,practice,104,120,0.03,0.6,square,self,f,j,0.273542799986899,0
3,11,2,19,2,practice,105,120,0.03,0.6,square,self,f,f,0.24239959998522,1
3,11,2,19,2,practice,106,120,0.03,0.6,circle,stranger,f,j,0.238106200005859,0
3,11,2,19,2,practice,107,120,0.03,0.6,circle,self,j,j,0.245073999976739,1
3,11,2,19,2,practice,108,120,0.03,0.6,square,stranger,j,j,0.233749500010163,1
3,11,2,19,2,practice,109,120,0.03,0.6,circle,self,j,j,0.242317899945192,1
3,11,2,19,2,practice,110,120,0.03,0.6,square,stranger,j,j,0.23406889999751,1
3,11,2,19,2,practice,111,120,0.03,0.6,square,self,f,j,0.23431279999204,0
3,11,2,19,2,practice,112,120,0.03,0.6,circle,stranger,f,j,0.244498300016858,0
3,11,2,19,2,practice,113,120,0.03,0.6,circle,stranger,f,f,0.234227500041015,1
3,11,2,19,2,practice,114,120,0.03,0.6,square,self,f,j,0.23448969994206,0
3,11,2,19,2,practice,115,120,0.03,0.6,square,stranger,j,,NaN,0
3,11,2,19,2,practice,116,120,0.03,0.6,circle,self,j,j,0.265769699937664,1
3,11,2,19,2,practice,117,120,0.03,0.6,circle,stranger,f,j,0.272069600061513,0
3,11,2,19,2,practice,118,120,0.03,0.6,square,self,f,f,0.234172099968418,1
3,11,2,19,2,practice,119,120,0.03,0.6,square,stranger,j,j,0.234386299969628,1
3,11,2,19,2,practice,120,120,0.03,0.6,circle,self,j,j,0.234015800058842,1
3,11,2,19,2,formal,121,120,0.03,0.6,circle,stranger,f,j,0.377460499992594,0
3,11,2,19,2,formal,122,120,0.03,0.6,square,stranger,j,j,0.535166200017557,1
3,11,2,19,2,formal,123,120,0.03,0.6,circle,self,j,j,0.281166899949312,1
3,11,2,19,2,formal,124,120,0.03,0.6,square,self,f,j,0.31367429997772,0
3,11,2,19,2,formal,125,120,0.03,0.6,square,stranger,j,j,0.297288500005379,1
3,11,2,19,2,formal,126,120,0.03,0.6,circle,self,j,f,0.234615199966356,0
3,11,2,19,2,formal,127,120,0.03,0.6,circle,stranger,f,j,0.278803599998355,0
3,11,2,19,2,formal,128,120,0.03,0.6,square,self,f,j,0.234255900024436,0
3,11,2,19,2,formal,129,120,0.03,0.6,square,self,f,j,0.360756499925628,0
3,11,2,19,2,formal,130,120,0.03,0.6,circle,self,j,f,0.248496199958026,0
3,11,2,19,2,formal,131,120,0.03,0.6,square,stranger,j,j,0.265993100008927,1
3,11,2,19,2,formal,132,120,0.03,0.6,circle,stranger,f,j,0.233722000033595,0
3,11,2,19,2,formal,133,120,0.03,0.6,square,stranger,j,j,0.234148400020786,1
3,11,2,19,2,formal,134,120,0.03,0.6,circle,self,j,j,0.233962300000712,1
3,11,2,19,2,formal,135,120,0.03,0.6,square,self,f,j,0.233986500068568,0
3,11,2,19,2,formal,136,120,0.03,0.6,circle,stranger,f,f,0.23426199995447,1
3,11,2,19,2,formal,137,120,0.03,0.6,square,stranger,j,j,0.234583,1
3,11,2,19,2,formal,138,120,0.03,0.6,square,self,f,f,0.234200999955647,1
3,11,2,19,2,formal,139,120,0.03,0.6,circle,self,j,j,0.234188999980688,1
3,11,2,19,2,formal,140,120,0.03,0.6,circle,stranger,f,j,0.234227300039493,0
3,11,2,19,2,formal,141,120,0.03,0.6,square,stranger,j,f,0.234061599941924,0
3,11,2,19,2,formal,142,120,0.03,0.6,circle,stranger,f,j,0.234282299992628,0
3,11,2,19,2,formal,143,120,0.03,0.6,square,self,f,j,0.234307099948637,0
3,11,2,19,2,formal,144,120,0.03,0.6,circle,self,j,f,0.234195499913767,0
3,11,2,19,2,formal,145,120,0.03,0.6,square,self,f,j,0.234475299948826,0
3,11,2,19,2,formal,146,120,0.03,0.6,circle,stranger,f,j,0.3223245999543,0
3,11,2,19,2,formal,147,120,0.03,0.6,circle,self,j,f,0.23392829997465,0
3,11,2,19,2,formal,148,120,0.03,0.6,square,stranger,j,j,0.23445519991219,1
3,11,2,19,2,formal,149,120,0.03,0.6,circle,stranger,f,j,0.235006500035524,0
3,11,2,19,2,formal,150,120,0.03,0.6,square,self,f,j,0.234181799925864,0
3,11,2,19,2,formal,151,120,0.03,0.6,circle,self,j,j,0.23413520003669,1
3,11,2,19,2,formal,152,120,0.03,0.6,square,stranger,j,j,0.234168199938722,1
3,11,2,19,2,formal,153,120,0.03,0.6,circle,self,j,j,0.237484400044195,1
3,11,2,19,2,formal,154,120,0.03,0.6,square,stranger,j,j,0.23422019998543,1
3,11,2,19,2,formal,155,120,0.03,0.6,circle,stranger,f,j,0.233852899982594,0
3,11,2,19,2,formal,156,120,0.03,0.6,square,self,f,j,0.251442000037059,0
3,11,2,19,2,formal,157,120,0.03,0.6,circle,stranger,f,f,0.234254300012253,1
3,11,2,19,2,formal,158,120,0.03,0.6,circle,self,j,j,0.234462200081907,1
3,11,2,19,2,formal,159,120,0.03,0.6,square,self,f,j,0.234695399994962,0
3,11,2,19,2,formal,160,120,0.03,0.6,square,stranger,j,j,0.234196600038558,1
3,11,2,19,2,formal,161,120,0.03,0.6,square,stranger,j,j,0.234238000004552,1
3,11,2,19,2,formal,162,120,0.03,0.6,circle,self,j,j,0.234133700025268,1
3,11,2,19,2,formal,163,120,0.03,0.6,circle,stranger,f,j,0.233647000044584,0
3,11,2,19,2,formal,164,120,0.03,0.6,square,self,f,j,0.234238400007598,0
3,11,2,19,2,formal,165,120,0.03,0.6,square,self,f,f,0.257596999988891,1
3,11,2,19,2,formal,166,120,0.03,0.6,circle,stranger,f,j,0.23464589996729,0
3,11,2,19,2,formal,167,120,0.03,0.6,circle,self,j,j,0.234539199969731,1
3,11,2,19,2,formal,168,120,0.03,0.6,square,stranger,j,j,0.281450600014068,1
3,11,2,19,2,formal,169,120,0.03,0.6,circle,self,j,f,0.235412199981511,0
3,11,2,19,2,formal,170,120,0.03,0.6,circle,stranger,f,j,0.233485100092366,0
3,11,2,19,2,formal,171,120,0.03,0.6,square,stranger,j,j,0.234120200038888,1
3,11,2,19,2,formal,172,120,0.03,0.6,square,self,f,j,0.233898999984376,0
3,11,2,19,2,formal,173,120,0.03,0.6,square,stranger,j,j,0.30202309996821,1
3,11,2,19,2,formal,174,120,0.03,0.6,circle,self,j,j,0.234171799966134,1
3,11,2,19,2,formal,175,120,0.03,0.6,square,self,f,j,0.234145499998704,0
3,11,2,19,2,formal,176,120,0.03,0.6,circle,stranger,f,f,0.234266899991781,1
3,11,2,19,2,formal,177,120,0.03,0.6,circle,self,j,,NaN,0
3,11,2,19,2,formal,178,120,0.03,0.6,square,stranger,j,,NaN,0
3,11,2,19,2,formal,179,120,0.03,0.6,circle,stranger,f,,NaN,0
3,11,2,19,2,formal,180,120,0.03,0.6,square,self,f,j,0.234699300024658,0
3,11,2,19,2,formal,181,120,0.03,0.6,square,stranger,j,j,0.330168399959803,1
3,11,2,19,2,formal,182,120,0.03,0.6,circle,self,j,f,0.234505100059323,0
3,11,2,19,2,formal,183,120,0.03,0.6,circle,stranger,f,,NaN,0
3,11,2,19,2,formal,184,120,0.03,0.6,square,self,f,,NaN,0
3,11,2,19,2,formal,185,120,0.03,0.6,square,stranger,j,j,0.236972899991088,1
3,11,2,19,2,formal,186,120,0.03,0.6,circle,stranger,f,j,0.248874200042337,0
3,11,2,19,2,formal,187,120,0.03,0.6,square,self,f,j,0.234066399978474,0
3,11,2,19,2,formal,188,120,0.03,0.6,circle,self,j,j,0.234430399956182,1
3,11,2,19,2,formal,189,120,0.03,0.6,circle,self,j,j,0.235777199966833,1
3,11,2,19,2,formal,190,120,0.03,0.6,square,self,f,j,0.234098099987023,0
3,11,2,19,2,formal,191,120,0.03,0.6,circle,stranger,f,j,0.234510299982503,0
3,11,2,19,2,formal,192,120,0.03,0.6,square,stranger,j,j,0.234195900033228,1
3,11,2,19,2,formal,193,120,0.03,0.6,circle,stranger,f,f,0.234270500019193,1
3,11,2,19,2,formal,194,120,0.03,0.6,square,self,f,j,0.234222600003704,0
3,11,2,19,2,formal,195,120,0.03,0.6,square,stranger,j,j,0.234834400005639,1
3,11,2,19,2,formal,196,120,0.03,0.6,circle,self,j,j,0.234427800052799,1
3,11,2,19,2,formal,197,120,0.03,0.6,circle,stranger,f,j,0.233997699921019,0
3,11,2,19,2,formal,198,120,0.03,0.6,circle,self,j,j,0.233906300039962,1
3,11,2,19,2,formal,199,120,0.03,0.6,square,self,f,j,0.234441099921241,0
3,11,2,19,2,formal,200,120,0.03,0.6,square,stranger,j,j,0.234209700021893,1
3,11,2,19,2,formal,201,120,0.03,0.6,circle,self,j,f,0.234230500063859,0
3,11,2,19,2,formal,202,120,0.03,0.6,square,stranger,j,j,0.23417840001639,1
3,11,2,19,2,formal,203,120,0.03,0.6,circle,stranger,f,j,0.234161300002597,0
3,11,2,19,2,formal,204,120,0.03,0.6,square,self,f,j,0.234684800030664,0
3,11,2,19,2,formal,205,120,0.03,0.6,square,stranger,j,j,0.234242900041863,1
3,11,2,19,2,formal,206,120,0.03,0.6,circle,self,j,j,0.234150600037538,1
3,11,2,19,2,formal,207,120,0.03,0.6,square,self,f,j,0.234307100065053,0
3,11,2,19,2,formal,208,120,0.03,0.6,circle,stranger,f,j,0.234137699939311,0
3,11,2,19,2,formal,209,120,0.03,0.6,square,self,f,j,0.234302000026219,0
3,11,2,19,2,formal,210,120,0.03,0.6,circle,self,j,j,0.23385090008378,1
3,11,2,19,2,formal,211,120,0.03,0.6,square,stranger,j,j,0.234625699929893,1
3,11,2,19,2,formal,212,120,0.03,0.6,circle,stranger,f,f,0.234282999997959,1
3,11,2,19,2,formal,213,120,0.03,0.6,square,stranger,j,j,0.234288800042123,1
3,11,2,19,2,formal,214,120,0.03,0.6,circle,self,j,,NaN,0
3,11,2,19,2,formal,215,120,0.03,0.6,square,self,f,,NaN,0
3,11,2,19,2,formal,216,120,0.03,0.6,circle,stranger,f,j,0.234258300042711,0
3,11,2,19,2,formal,217,120,0.03,0.6,square,self,f,j,0.245321300113574,0
3,11,2,19,2,formal,218,120,0.03,0.6,square,stranger,j,j,0.235266299918294,1
3,11,2,19,2,formal,219,120,0.03,0.6,circle,stranger,f,f,0.234177300008014,1
3,11,2,19,2,formal,220,120,0.03,0.6,circle,self,j,j,0.234224400017411,1
3,11,2,19,2,formal,221,120,0.03,0.6,circle,self,j,j,0.234221699996851,1
3,11,2,19,2,formal,222,120,0.03,0.6,square,stranger,j,j,0.234206099994481,1
3,11,2,19,2,formal,223,120,0.03,0.6,square,self,f,j,0.234423300018534,0
3,11,2,19,2,formal,224,120,0.03,0.6,circle,stranger,f,j,0.234022499993443,0
3,11,2,19,2,formal,225,120,0.03,0.6,circle,stranger,f,j,0.317616499960423,0
3,11,2,19,2,formal,226,120,0.03,0.6,circle,self,j,j,0.233835899969563,1
3,11,2,19,2,formal,227,120,0.03,0.6,square,stranger,j,j,0.234092699945904,1
3,11,2,19,2,formal,228,120,0.03,0.6,square,self,f,j,0.234450399992056,0
3,11,2,19,2,formal,229,120,0.03,0.6,circle,stranger,f,j,0.23433320003096,0
3,11,2,19,2,formal,230,120,0.03,0.6,square,stranger,j,,NaN,0
3,11,2,19,2,formal,231,120,0.03,0.6,square,self,f,,NaN,0
3,11,2,19,2,formal,232,120,0.03,0.6,circle,self,j,j,0.233993100002408,1
3,11,2,19,2,formal,233,120,0.03,0.6,square,self,f,j,0.235722199897282,0
3,11,2,19,2,formal,234,120,0.03,0.6,square,stranger,j,,NaN,0
3,11,2,19,2,formal,235,120,0.03,0.6,circle,self,j,j,0.233988299965858,1
3,11,2,19,2,formal,236,120,0.03,0.6,circle,stranger,f,j,0.24994060001336,0
3,11,2,19,2,formal,237,120,0.03,0.6,square,self,f,,NaN,0
3,11,2,19,2,formal,238,120,0.03,0.6,square,stranger,j,,NaN,0
3,11,2,19,2,formal,239,120,0.03,0.6,circle,self,j,j,0.23412969999481,1
3,11,2,19,2,formal,240,120,0.03,0.6,circle,stranger,f,j,0.314729599980637,0
3,11,2,19,2,formal,241,120,0.03,0.6,square,self,f,j,0.234182400046848,0
3,11,2,19,2,formal,242,120,0.03,0.6,square,stranger,j,j,0.234231900074519,1
3,11,2,19,2,formal,243,120,0.03,0.6,circle,self,j,j,0.234402899979614,1
3,11,2,19,2,formal,244,120,0.03,0.6,circle,stranger,f,j,0.234665399999358,0
3,11,2,19,2,formal,245,120,0.03,0.6,circle,self,j,j,0.234189199982211,1
3,11,2,19,2,formal,246,120,0.03,0.6,square,self,f,j,0.234257599920966,0
3,11,2,19,2,formal,247,120,0.03,0.6,square,stranger,j,j,0.234146400005557,1
3,11,2,19,2,formal,248,120,0.03,0.6,circle,stranger,f,j,0.234144999994896,0
3,11,2,19,2,formal,249,120,0.03,0.6,square,self,f,j,0.234108500066213,0
3,11,2,19,2,formal,250,120,0.03,0.6,circle,stranger,f,j,0.234568900079466,0
3,11,2,19,2,formal,251,120,0.03,0.6,circle,self,j,j,0.234407300013117,1
3,11,2,19,2,formal,252,120,0.03,0.6,square,stranger,j,j,0.234080199967138,1
3,11,2,19,2,formal,253,120,0.03,0.6,circle,self,j,j,0.234514100011438,1
3,11,2,19,2,formal,254,120,0.03,0.6,square,stranger,j,j,0.234223200008273,1
3,11,2,19,2,formal,255,120,0.03,0.6,circle,stranger,f,j,0.234510199981742,0
3,11,2,19,2,formal,256,120,0.03,0.6,square,self,f,j,0.234581200056709,0
3,11,2,19,2,formal,257,120,0.03,0.6,square,self,f,j,0.249640799942426,0
3,11,2,19,2,formal,258,120,0.03,0.6,square,stranger,j,j,0.235408899956383,1
3,11,2,19,2,formal,259,120,0.03,0.6,circle,self,j,j,0.23406199994497,1
3,11,2,19,2,formal,260,120,0.03,0.6,circle,stranger,f,j,0.234273800044321,0
3,11,2,19,2,formal,261,120,0.03,0.6,square,self,f,j,0.234079799964093,0
3,11,2,19,2,formal,262,120,0.03,0.6,square,stranger,j,j,0.234054500004277,1
3,11,2,19,2,formal,263,120,0.03,0.6,circle,self,j,j,0.234053499996662,1
3,11,2,19,2,formal,264,120,0.03,0.6,circle,stranger,f,j,0.233979200012982,0
3,11,2,19,2,formal,265,120,0.03,0.6,circle,stranger,f,j,0.234277199953794,0
3,11,2,19,2,formal,266,120,0.03,0.6,circle,self,j,j,0.234385100076906,1
3,11,2,19,2,formal,267,120,0.03,0.6,square,stranger,j,j,0.235018200008199,1
3,11,2,19,2,formal,268,120,0.03,0.6,square,self,f,j,0.260176399955526,0
3,11,2,19,2,formal,269,120,0.03,0.6,square,stranger,j,j,0.234335400047712,1
3,11,2,19,2,formal,270,120,0.03,0.6,circle,stranger,f,j,0.235515400068834,0
3,11,2,19,2,formal,271,120,0.03,0.6,circle,self,j,j,0.234087899909355,1
3,11,2,19,2,formal,272,120,0.03,0.6,square,self,f,j,0.234171699965373,0
3,11,2,19,2,formal,273,120,0.03,0.6,square,stranger,j,j,0.234596199938096,1
3,11,2,19,2,formal,274,120,0.03,0.6,square,self,f,j,0.234091800055467,0
3,11,2,19,2,formal,275,120,0.03,0.6,circle,stranger,f,j,0.234015099937096,0
3,11,2,19,2,formal,276,120,0.03,0.6,circle,self,j,j,0.234453200013377,1
3,11,2,19,2,formal,277,120,0.03,0.6,circle,stranger,f,j,0.284143100026995,0
3,11,2,19,2,formal,278,120,0.03,0.6,square,self,f,j,0.234205299988389,0
3,11,2,19,2,formal,279,120,0.03,0.6,square,stranger,j,f,0.234190899995156,0
3,11,2,19,2,formal,280,120,0.03,0.6,circle,self,j,f,0.234014400048181,0
3,11,2,19,2,formal,281,120,0.03,0.6,circle,stranger,f,f,0.234518100041896,1
3,11,2,19,2,formal,282,120,0.03,0.6,circle,self,j,,NaN,0
3,11,2,19,2,formal,283,120,0.03,0.6,square,stranger,j,,NaN,0
3,11,2,19,2,formal,284,120,0.03,0.6,square,self,f,j,0.233876400045119,0
3,11,2,19,2,formal,285,120,0.03,0.6,circle,self,j,f,0.285936300060712,0
3,11,2,19,2,formal,286,120,0.03,0.6,square,stranger,j,j,0.234266399987973,1
3,11,2,19,2,formal,287,120,0.03,0.6,square,self,f,j,0.234502799925394,0
3,11,2,19,2,formal,288,120,0.03,0.6,circle,stranger,f,j,0.234433699981309,0
3,11,2,19,2,formal,289,120,0.03,0.6,circle,self,j,f,0.234246199950576,0
3,11,2,19,2,formal,290,120,0.03,0.6,square,stranger,j,j,0.234288499923423,1
3,11,2,19,2,formal,291,120,0.03,0.6,square,self,f,j,0.234293899964541,0
3,11,2,19,2,formal,292,120,0.03,0.6,circle,stranger,f,j,0.234504800057039,0
3,11,2,19,2,formal,293,120,0.03,0.6,square,stranger,j,j,0.234357199980877,1
3,11,2,19,2,formal,294,120,0.03,0.6,circle,self,j,j,0.234853100031614,1
3,11,2,19,2,formal,295,120,0.03,0.6,square,self,f,f,0.234178300015628,1
3,11,2,19,2,formal,296,120,0.03,0.6,circle,stranger,f,j,0.234182400046848,0
3,11,2,19,2,formal,297,120,0.03,0.6,square,stranger,j,j,0.234441600041464,1
3,11,2,19,2,formal,298,120,0.03,0.6,circle,self,j,j,0.234236199990846,1
3,11,2,19,2,formal,299,120,0.03,0.6,circle,stranger,f,f,0.234534599934705,1
3,11,2,19,2,formal,300,120,0.03,0.6,square,self,f,j,0.234488799935207,0
3,11,2,19,2,formal,301,120,0.03,0.6,circle,self,j,j,0.234340300085023,1
3,11,2,19,2,formal,302,120,0.03,0.6,circle,stranger,f,j,0.235013700090349,0
3,11,2,19,2,formal,303,120,0.03,0.6,square,stranger,j,f,0.23419639992062,0
3,11,2,19,2,formal,304,120,0.03,0.6,square,self,f,j,0.234161400003359,0
3,11,2,19,2,formal,305,120,0.03,0.6,square,stranger,j,j,0.234249000088312,1
3,11,2,19,2,formal,306,120,0.03,0.6,square,self,f,j,0.234439200023189,0
3,11,2,19,2,formal,307,120,0.03,0.6,circle,self,j,j,0.239683100022376,1
3,11,2,19,2,formal,308,120,0.03,0.6,circle,stranger,f,j,0.234137299936265,0
3,11,2,19,2,formal,309,120,0.03,0.6,square,stranger,j,j,0.234014299931005,1
3,11,2,19,2,formal,310,120,0.03,0.6,square,self,f,j,0.234022099990398,0
3,11,2,19,2,formal,311,120,0.03,0.6,circle,stranger,f,f,0.234308299957775,1
3,11,2,19,2,formal,312,120,0.03,0.6,circle,self,j,j,0.234221400110982,1
3,11,2,19,2,formal,313,120,0.03,0.6,square,stranger,j,j,0.234337499947287,1
3,11,2,19,2,formal,314,120,0.03,0.6,circle,self,j,j,0.234396200045012,1
3,11,2,19,2,formal,315,120,0.03,0.6,square,self,f,j,0.234270700020716,0
3,11,2,19,2,formal,316,120,0.03,0.6,circle,stranger,f,f,0.234141399967484,1
3,11,2,19,2,formal,317,120,0.03,0.6,square,self,f,j,0.234316500020213,0
3,11,2,19,2,formal,318,120,0.03,0.6,circle,stranger,f,j,0.234565799939446,0
3,11,2,19,2,formal,319,120,0.03,0.6,circle,self,j,j,0.234533999930136,1
3,11,2,19,2,formal,320,120,0.03,0.6,square,stranger,j,j,0.234765299945138,1
3,11,2,19,2,formal,321,120,0.03,0.6,square,self,f,j,0.23450249992311,0
3,11,2,19,2,formal,322,120,0.03,0.6,square,stranger,j,j,0.234480599989183,1
3,11,2,19,2,formal,323,120,0.03,0.6,circle,stranger,f,,NaN,0
3,11,2,19,2,formal,324,120,0.03,0.6,circle,self,j,,NaN,0
3,11,2,19,2,formal,325,120,0.03,0.6,square,stranger,j,j,0.234082199982367,1
3,11,2,19,2,formal,326,120,0.03,0.6,square,self,f,j,0.247186399996281,0
3,11,2,19,2,formal,327,120,0.03,0.6,circle,stranger,f,f,0.234281799988821,1
3,11,2,19,2,formal,328,120,0.03,0.6,circle,self,j,j,0.234240300022066,1
3,11,2,19,2,formal,329,120,0.03,0.6,circle,stranger,f,j,0.238099599955603,0
3,11,2,19,2,formal,330,120,0.03,0.6,circle,self,j,j,0.234121899935417,1
3,11,2,19,2,formal,331,120,0.03,0.6,square,self,f,j,0.23413629992865,0
3,11,2,19,2,formal,332,120,0.03,0.6,square,stranger,j,f,0.234537200070918,0
3,11,2,19,2,formal,333,120,0.03,0.6,circle,self,j,,NaN,0
3,11,2,19,2,formal,334,120,0.03,0.6,square,stranger,j,,NaN,0
3,11,2,19,2,formal,335,120,0.03,0.6,square,self,f,j,0.234386199968867,0
3,11,2,19,2,formal,336,120,0.03,0.6,circle,stranger,f,f,0.262433400028385,1
3,11,2,19,2,formal,337,120,0.03,0.6,square,stranger,j,j,0.234264999977313,1
3,11,2,19,2,formal,338,120,0.03,0.6,circle,self,j,j,0.234360000002198,1
3,11,2,19,2,formal,339,120,0.03,0.6,square,self,f,j,0.234342199983075,0
3,11,2,19,2,formal,340,120,0.03,0.6,circle,stranger,f,,NaN,0
3,11,2,19,2,formal,341,120,0.03,0.6,circle,self,j,,NaN,0
3,11,2,19,2,formal,342,120,0.03,0.6,square,stranger,j,j,0.234532400034368,1
3,11,2,19,2,formal,343,120,0.03,0.6,square,self,f,j,0.234069900005125,0
3,11,2,19,2,formal,344,120,0.03,0.6,circle,stranger,f,f,0.24805389996618,1
3,11,2,19,2,formal,345,120,0.03,0.6,circle,stranger,f,j,0.234051699982956,0
3,11,2,19,2,formal,346,120,0.03,0.6,square,self,f,j,0.234940900001675,0
3,11,2,19,2,formal,347,120,0.03,0.6,square,stranger,j,f,0.248259900021367,0
3,11,2,19,2,formal,348,120,0.03,0.6,circle,self,j,j,0.234251799993217,1
3,11,2,19,2,formal,349,120,0.03,0.6,square,self,f,j,0.233985400060192,0
3,11,2,19,2,formal,350,120,0.03,0.6,square,stranger,j,f,0.234289700048976,0
3,11,2,19,2,formal,351,120,0.03,0.6,circle,self,j,j,0.233860999927856,1
3,11,2,19,2,formal,352,120,0.03,0.6,circle,stranger,f,j,0.234233700088225,0
3,11,2,19,2,formal,353,120,0.03,0.6,square,stranger,j,j,0.234259400051087,1
3,11,2,19,2,formal,354,120,0.03,0.6,circle,self,j,f,0.234459900064394,0
3,11,2,19,2,formal,355,120,0.03,0.6,circle,stranger,f,j,0.234226299915463,0
3,11,2,19,2,formal,356,120,0.03,0.6,square,self,f,j,0.234242799924687,0
3,11,2,19,2,formal,357,120,0.03,0.6,square,self,f,j,0.234134000027552,0
3,11,2,19,2,formal,358,120,0.03,0.6,circle,stranger,f,j,0.234202399966307,0
3,11,2,19,2,formal,359,120,0.03,0.6,square,stranger,j,j,0.234188699978404,1
3,11,2,19,2,formal,360,120,0.03,0.6,circle,self,j,f,0.233951300033368,0
3,11,2,19,2,formal,361,120,0.03,0.6,square,self,f,j,0.234456500038505,0
3,11,2,19,2,formal,362,120,0.03,0.6,square,stranger,j,j,0.23438569996506,1
3,11,2,19,2,formal,363,120,0.03,0.6,circle,self,j,j,0.234334300039336,1
3,11,2,19,2,formal,364,120,0.03,0.6,circle,stranger,f,f,0.234261299949139,1
3,11,2,19,2,formal,365,120,0.03,0.6,circle,stranger,f,j,0.234244900057092,0
3,11,2,19,2,formal,366,120,0.03,0.6,circle,self,j,j,0.23452359996736,1
3,11,2,19,2,formal,367,120,0.03,0.6,square,stranger,j,j,0.234334399923682,1
3,11,2,19,2,formal,368,120,0.03,0.6,square,self,f,,NaN,0
3,11,2,19,2,formal,369,120,0.03,0.6,square,self,f,,NaN,0
3,11,2,19,2,formal,370,120,0.03,0.6,circle,stranger,f,,NaN,0
3,11,2,19,2,formal,371,120,0.03,0.6,circle,self,j,j,0.250695600057952,1
3,11,2,19,2,formal,372,120,0.03,0.6,square,stranger,j,j,0.31138650001958,1
3,11,2,19,2,formal,373,120,0.03,0.6,circle,self,j,f,0.23407720006071,0
3,11,2,19,2,formal,374,120,0.03,0.6,circle,stranger,f,j,0.234153599943966,0
3,11,2,19,2,formal,375,120,0.03,0.6,square,stranger,j,j,0.234634099993855,1
3,11,2,19,2,formal,376,120,0.03,0.6,square,self,f,j,0.234192700008862,0
3,11,2,19,2,formal,377,120,0.03,0.6,circle,stranger,f,f,0.233791399979964,1
3,11,2,19,2,formal,378,120,0.03,0.6,square,self,f,j,0.234347800025716,0
3,11,2,19,2,formal,379,120,0.03,0.6,circle,self,j,j,0.23433839995414,1
3,11,2,19,2,formal,380,120,0.03,0.6,square,stranger,j,j,0.234497600002214,1
3,11,2,19,2,formal,381,120,0.03,0.6,square,self,f,j,0.460771099897102,0
3,11,2,19,2,formal,382,120,0.03,0.6,circle,self,j,j,0.359866699902341,1
3,11,2,19,2,formal,383,120,0.03,0.6,square,stranger,j,j,0.264123100088909,1
3,11,2,19,2,formal,384,120,0.03,0.6,circle,stranger,f,j,0.344629400060512,0
3,11,2,19,2,formal,385,120,0.03,0.6,circle,stranger,f,j,0.423325899988413,0
3,11,2,19,2,formal,386,120,0.03,0.6,circle,self,j,j,0.328426599968225,1
3,11,2,19,2,formal,387,120,0.03,0.6,square,stranger,j,j,0.24866539996583,1
3,11,2,19,2,formal,388,120,0.03,0.6,square,self,f,f,0.234907599980943,1
3,11,2,19,2,formal,389,120,0.03,0.6,circle,stranger,f,f,0.23347500001546,1
3,11,2,19,2,formal,390,120,0.03,0.6,circle,self,j,j,0.233809400000609,1
3,11,2,19,2,formal,391,120,0.03,0.6,square,stranger,j,j,0.234253200003877,1
3,11,2,19,2,formal,392,120,0.03,0.6,square,self,f,f,0.234175799996592,1
3,11,2,19,2,formal,393,120,0.03,0.6,circle,self,j,j,0.247516700066626,1
3,11,2,19,2,formal,394,120,0.03,0.6,square,self,f,j,0.234249499975704,0
3,11,2,19,2,formal,395,120,0.03,0.6,circle,stranger,f,f,0.234331599902362,1
3,11,2,19,2,formal,396,120,0.03,0.6,square,stranger,j,j,0.234238900011405,1
3,11,2,19,2,formal,397,120,0.03,0.6,circle,stranger,f,j,0.234352399944328,0
3,11,2,19,2,formal,398,120,0.03,0.6,square,self,f,j,0.234538999968208,0
3,11,2,19,2,formal,399,120,0.03,0.6,circle,self,j,,NaN,0
3,11,2,19,2,formal,400,120,0.03,0.6,square,stranger,j,,NaN,0
3,11,2,19,2,formal,401,120,0.03,0.6,circle,stranger,f,j,0.234759599901736,0
3,11,2,19,2,formal,402,120,0.03,0.6,circle,self,j,j,0.277235899935476,1
3,11,2,19,2,formal,403,120,0.03,0.6,square,stranger,j,f,0.234495999990031,0
3,11,2,19,2,formal,404,120,0.03,0.6,square,self,f,j,0.234639900038019,0
3,11,2,19,2,formal,405,120,0.03,0.6,circle,stranger,f,j,0.234375,0
3,11,2,19,2,formal,406,120,0.03,0.6,circle,self,j,j,0.234209600021131,1
3,11,2,19,2,formal,407,120,0.03,0.6,square,self,f,j,0.324045900022611,0
3,11,2,19,2,formal,408,120,0.03,0.6,square,stranger,j,f,0.234192400006577,0
3,11,2,19,2,formal,409,120,0.03,0.6,square,stranger,j,j,0.234178500017151,1
3,11,2,19,2,formal,410,120,0.03,0.6,circle,self,j,j,0.234103200025856,1
3,11,2,19,2,formal,411,120,0.03,0.6,circle,stranger,f,j,0.234127099975012,0
3,11,2,19,2,formal,412,120,0.03,0.6,square,self,f,j,0.234134500031359,0
3,11,2,19,2,formal,413,120,0.03,0.6,circle,self,j,j,0.234241500031203,1
3,11,2,19,2,formal,414,120,0.03,0.6,square,self,f,f,0.234251099987887,1
3,11,2,19,2,formal,415,120,0.03,0.6,circle,stranger,f,j,0.233979500015266,0
3,11,2,19,2,formal,416,120,0.03,0.6,square,stranger,j,j,0.234083799994551,1
3,11,2,19,2,formal,417,120,0.03,0.6,circle,self,j,f,0.234316600020975,0
3,11,2,19,2,formal,418,120,0.03,0.6,circle,stranger,f,j,0.23425410001073,0
3,11,2,19,2,formal,419,120,0.03,0.6,square,self,f,j,0.233678600052372,0
3,11,2,19,2,formal,420,120,0.03,0.6,square,stranger,j,j,0.235249900026247,1
3,11,2,19,2,formal,421,120,0.03,0.6,square,stranger,j,j,0.234339300077409,1
3,11,2,19,2,formal,422,120,0.03,0.6,square,self,f,j,0.234194300021045,0
3,11,2,19,2,formal,423,120,0.03,0.6,circle,stranger,f,j,0.242568899993785,0
3,11,2,19,2,formal,424,120,0.03,0.6,circle,self,j,f,0.234171999967657,0
3,11,2,19,2,formal,425,120,0.03,0.6,square,self,f,j,0.234567499952391,0
3,11,2,19,2,formal,426,120,0.03,0.6,square,stranger,j,j,0.23439950007014,1
3,11,2,19,2,formal,427,120,0.03,0.6,circle,self,j,j,0.234416299965233,1
3,11,2,19,2,formal,428,120,0.03,0.6,circle,stranger,f,j,0.234262799960561,0
3,11,2,19,2,formal,429,120,0.03,0.6,circle,stranger,f,j,0.234270200016908,0
3,11,2,19,2,formal,430,120,0.03,0.6,square,self,f,j,0.234260299941525,0
3,11,2,19,2,formal,431,120,0.03,0.6,circle,self,j,j,0.234100500005297,1
3,11,2,19,2,formal,432,120,0.03,0.6,square,stranger,j,j,0.258015899918973,1
3,11,2,19,2,formal,433,120,0.03,0.6,square,stranger,j,j,0.493178600096144,1
3,11,2,19,2,formal,434,120,0.03,0.6,circle,self,j,j,0.234899800037965,1
3,11,2,19,2,formal,435,120,0.03,0.6,circle,stranger,f,j,0.234335900051519,0
3,11,2,19,2,formal,436,120,0.03,0.6,square,self,f,f,0.357542600017041,1
3,11,2,19,2,formal,437,120,0.03,0.6,square,stranger,j,j,0.234180300030857,1
3,11,2,19,2,formal,438,120,0.03,0.6,circle,stranger,f,j,0.234157199971378,0
3,11,2,19,2,formal,439,120,0.03,0.6,circle,self,j,f,0.234208200010471,0
3,11,2,19,2,formal,440,120,0.03,0.6,square,self,f,j,0.234514000010677,0
3,11,2,19,2,formal,441,120,0.03,0.6,square,stranger,j,j,0.234199899947271,1
3,11,2,19,2,formal,442,120,0.03,0.6,circle,self,j,j,0.234307100065053,1
3,11,2,19,2,formal,443,120,0.03,0.6,square,self,f,f,0.234360400005244,1
3,11,2,19,2,formal,444,120,0.03,0.6,circle,stranger,f,f,0.234240899910219,1
3,11,2,19,2,formal,445,120,0.03,0.6,circle,stranger,f,j,0.234509100089781,0
3,11,2,19,2,formal,446,120,0.03,0.6,square,self,f,j,0.234206399996765,0
3,11,2,19,2,formal,447,120,0.03,0.6,circle,self,j,j,0.234518800047226,1
3,11,2,19,2,formal,448,120,0.03,0.6,square,stranger,j,j,0.234334300039336,1
3,11,2,19,2,formal,449,120,0.03,0.6,square,self,f,f,0.234193600015715,1
3,11,2,19,2,formal,450,120,0.03,0.6,circle,self,j,f,0.23436840006616,0
3,11,2,19,2,formal,451,120,0.03,0.6,square,stranger,j,j,0.234269000007771,1
3,11,2,19,2,formal,452,120,0.03,0.6,circle,stranger,f,j,0.234170100069605,0
3,11,2,19,2,formal,453,120,0.03,0.6,square,stranger,j,j,0.233965000021271,1
3,11,2,19,2,formal,454,120,0.03,0.6,square,self,f,f,0.234243599930778,1
3,11,2,19,2,formal,455,120,0.03,0.6,circle,self,j,j,0.234100800007582,1
3,11,2,19,2,formal,456,120,0.03,0.6,circle,stranger,f,j,0.234282699995674,0
3,11,2,19,2,formal,457,120,0.03,0.6,square,stranger,j,j,0.234592200024053,1
3,11,2,19,2,formal,458,120,0.03,0.6,circle,stranger,f,f,0.234006099984981,1
3,11,2,19,2,formal,459,120,0.03,0.6,circle,self,j,f,0.234259000048041,0
3,11,2,19,2,formal,460,120,0.03,0.6,square,self,f,j,0.24337420007214,0
3,11,2,19,2,formal,461,120,0.03,0.6,square,self,f,j,0.248473800020292,0
3,11,2,19,2,formal,462,120,0.03,0.6,circle,self,j,j,0.234445600071922,1
3,11,2,19,2,formal,463,120,0.03,0.6,circle,stranger,f,f,0.23422850004863,1
3,11,2,19,2,formal,464,120,0.03,0.6,square,stranger,j,j,0.234013900044374,1
3,11,2,19,2,formal,465,120,0.03,0.6,circle,stranger,f,j,0.234126899973489,0
3,11,2,19,2,formal,466,120,0.03,0.6,square,self,f,j,0.244028400047682,0
3,11,2,19,2,formal,467,120,0.03,0.6,square,stranger,j,j,0.234227599925362,1
3,11,2,19,2,formal,468,120,0.03,0.6,circle,self,j,j,0.234151300042868,1
3,11,2,19,2,formal,469,120,0.03,0.6,square,self,f,j,0.234332300024107,0
3,11,2,19,2,formal,470,120,0.03,0.6,circle,self,j,f,0.23441539995838,0
3,11,2,19,2,formal,471,120,0.03,0.6,circle,stranger,f,f,0.234295499976724,1
3,11,2,19,2,formal,472,120,0.03,0.6,square,stranger,j,j,0.234249199973419,1
3,11,2,19,2,formal,473,120,0.03,0.6,circle,stranger,f,j,0.234139600070193,0
3,11,2,19,2,formal,474,120,0.03,0.6,square,self,f,j,0.246209200005978,0
3,11,2,19,2,formal,475,120,0.03,0.6,circle,self,j,j,0.234026600024663,1
3,11,2,19,2,formal,476,120,0.03,0.6,square,stranger,j,j,0.247007299913093,1
3,11,2,19,2,formal,477,120,0.03,0.6,circle,stranger,f,j,0.234591500018723,0
3,11,2,19,2,formal,478,120,0.03,0.6,circle,self,j,j,0.234219199977815,1
3,11,2,19,2,formal,479,120,0.03,0.6,square,self,f,j,0.234713900019415,0
3,11,2,19,2,formal,480,120,0.03,0.6,square,stranger,j,f,0.234040800016373,0
3,11,2,19,2,formal,481,120,0.03,0.6,square,self,f,f,0.234379100031219,1
3,11,2,19,2,formal,482,120,0.03,0.6,circle,stranger,f,j,0.234198400052264,0
3,11,2,19,2,formal,483,120,0.03,0.6,circle,self,j,j,0.234215599950403,1
3,11,2,19,2,formal,484,120,0.03,0.6,square,stranger,j,j,0.234092999948189,1
3,11,2,19,2,formal,485,120,0.03,0.6,square,self,f,j,0.284517499967478,0
3,11,2,19,2,formal,486,120,0.03,0.6,square,stranger,j,j,0.234575800015591,1
3,11,2,19,2,formal,487,120,0.03,0.6,circle,self,j,j,0.234943700022995,1
3,11,2,19,2,formal,488,120,0.03,0.6,circle,stranger,f,,NaN,0
3,11,2,19,2,formal,489,120,0.03,0.6,circle,stranger,f,,NaN,0
3,11,2,19,2,formal,490,120,0.03,0.6,square,self,f,f,0.234081299975514,1
3,11,2,19,2,formal,491,120,0.03,0.6,circle,self,j,j,0.24404170003254,1
3,11,2,19,2,formal,492,120,0.03,0.6,square,stranger,j,j,0.234241700032726,1
3,11,2,19,2,formal,493,120,0.03,0.6,circle,stranger,f,j,0.260988900088705,0
3,11,2,19,2,formal,494,120,0.03,0.6,square,self,f,f,0.234037200105377,1
3,11,2,19,2,formal,495,120,0.03,0.6,square,stranger,j,f,0.234246599953622,0
3,11,2,19,2,formal,496,120,0.03,0.6,circle,self,j,j,0.234418399981223,1
3,11,2,19,2,formal,497,120,0.03,0.6,square,self,f,j,0.234280699980445,0
3,11,2,19,2,formal,498,120,0.03,0.6,circle,stranger,f,f,0.234085000003688,1
3,11,2,19,2,formal,499,120,0.03,0.6,square,stranger,j,j,0.234206299996004,1
3,11,2,19,2,formal,500,120,0.03,0.6,circle,self,j,j,0.234111499972641,1
3,11,2,19,2,formal,501,120,0.03,0.6,circle,stranger,f,j,0.234262500074692,0
3,11,2,19,2,formal,502,120,0.03,0.6,circle,self,j,j,0.233744000084698,1
3,11,2,19,2,formal,503,120,0.03,0.6,square,stranger,j,f,0.234461200074293,0
3,11,2,19,2,formal,504,120,0.03,0.6,square,self,f,j,0.234298399998806,0
3,11,2,19,2,formal,505,120,0.03,0.6,square,stranger,j,j,0.23433219990693,1
3,11,2,19,2,formal,506,120,0.03,0.6,square,self,f,j,0.234163900022395,0
3,11,2,19,2,formal,507,120,0.03,0.6,circle,self,j,f,0.235248300014064,0
3,11,2,19,2,formal,508,120,0.03,0.6,circle,stranger,f,f,0.23426619998645,1
3,11,2,19,2,formal,509,120,0.03,0.6,square,stranger,j,j,0.234285299899057,1
3,11,2,19,2,formal,510,120,0.03,0.6,square,self,f,j,0.234246799955145,0
3,11,2,19,2,formal,511,120,0.03,0.6,circle,stranger,f,j,0.234314800007269,0
3,11,2,19,2,formal,512,120,0.03,0.6,circle,self,j,j,0.234264299971983,1
3,11,2,19,2,formal,513,120,0.03,0.6,circle,self,j,f,0.234230699948967,0
3,11,2,19,2,formal,514,120,0.03,0.6,square,stranger,j,f,0.234994200058281,0
3,11,2,19,2,formal,515,120,0.03,0.6,circle,stranger,f,j,0.234368699952029,0
3,11,2,19,2,formal,516,120,0.03,0.6,square,self,f,j,0.234494799980894,0
3,11,2,19,2,formal,517,120,0.03,0.6,square,self,f,j,0.234110299963504,0
3,11,2,19,2,formal,518,120,0.03,0.6,circle,self,j,j,0.23459509992972,1
3,11,2,19,2,formal,519,120,0.03,0.6,circle,stranger,f,j,0.24850200000219,0
3,11,2,19,2,formal,520,120,0.03,0.6,square,stranger,j,j,0.234859899966978,1
3,11,2,19,2,formal,521,120,0.03,0.6,circle,stranger,f,j,0.234071299899369,0
3,11,2,19,2,formal,522,120,0.03,0.6,circle,self,j,j,0.244576999917626,1
3,11,2,19,2,formal,523,120,0.03,0.6,square,stranger,j,j,0.280050199944526,1
3,11,2,19,2,formal,524,120,0.03,0.6,square,self,f,f,0.234472699929029,1
3,11,2,19,2,formal,525,120,0.03,0.6,circle,stranger,f,f,0.234242399921641,1
3,11,2,19,2,formal,526,120,0.03,0.6,square,stranger,j,j,0.234250399982557,1
3,11,2,19,2,formal,527,120,0.03,0.6,circle,self,j,j,0.234358499990776,1
3,11,2,19,2,formal,528,120,0.03,0.6,square,self,f,j,0.234263299964368,0
3,11,2,19,2,formal,529,120,0.03,0.6,square,stranger,j,f,0.234279700089246,0
3,11,2,19,2,formal,530,120,0.03,0.6,circle,stranger,f,f,0.234353399951942,1
3,11,2,19,2,formal,531,120,0.03,0.6,circle,self,j,j,0.234275599941611,1
3,11,2,19,2,formal,532,120,0.03,0.6,square,self,f,j,0.234696600004099,0
3,11,2,19,2,formal,533,120,0.03,0.6,square,stranger,j,j,0.234268700005487,1
3,11,2,19,2,formal,534,120,0.03,0.6,circle,stranger,f,j,0.234417699975893,0
3,11,2,19,2,formal,535,120,0.03,0.6,circle,self,j,f,0.234097300097346,0
3,11,2,19,2,formal,536,120,0.03,0.6,square,self,f,f,0.234463199973106,1
3,11,2,19,2,formal,537,120,0.03,0.6,square,self,f,j,0.382280400022864,0
3,11,2,19,2,formal,538,120,0.03,0.6,circle,stranger,f,j,0.234661800088361,0
3,11,2,19,2,formal,539,120,0.03,0.6,circle,self,j,f,0.234223200008273,0
3,11,2,19,2,formal,540,120,0.03,0.6,square,stranger,j,j,0.234407900017686,1
3,11,2,19,2,formal,541,120,0.03,0.6,square,stranger,j,f,0.23424270004034,0
3,11,2,19,2,formal,542,120,0.03,0.6,circle,stranger,f,f,0.234335600049235,1
3,11,2,19,2,formal,543,120,0.03,0.6,circle,self,j,j,0.234351399936713,1
3,11,2,19,2,formal,544,120,0.03,0.6,square,self,f,,NaN,0
3,11,2,19,2,formal,545,120,0.03,0.6,square,self,f,,NaN,0
3,11,2,19,2,formal,546,120,0.03,0.6,square,stranger,j,,NaN,0
3,11,2,19,2,formal,547,120,0.03,0.6,circle,stranger,f,j,0.234293999965303,0
3,11,2,19,2,formal,548,120,0.03,0.6,circle,self,j,j,0.23440680000931,1
3,11,2,19,2,formal,549,120,0.03,0.6,circle,self,j,j,0.234239000012167,1
3,11,2,19,2,formal,550,120,0.03,0.6,square,stranger,j,j,0.234219099977054,1
3,11,2,19,2,formal,551,120,0.03,0.6,square,self,f,j,0.234253600006923,0
3,11,2,19,2,formal,552,120,0.03,0.6,circle,stranger,f,f,0.234568900079466,1
3,11,2,19,2,formal,553,120,0.03,0.6,square,self,f,f,0.234145099995658,1
3,11,2,19,2,formal,554,120,0.03,0.6,circle,stranger,f,j,0.234398200060241,0
3,11,2,19,2,formal,555,120,0.03,0.6,circle,self,j,j,0.236023499979638,1
3,11,2,19,2,formal,556,120,0.03,0.6,square,stranger,j,j,0.234028999926522,1
3,11,2,19,2,formal,557,120,0.03,0.6,circle,stranger,f,f,0.234195599914528,1
3,11,2,19,2,formal,558,120,0.03,0.6,circle,self,j,f,0.234624700038694,0
3,11,2,19,2,formal,559,120,0.03,0.6,square,self,f,j,0.234234300092794,0
3,11,2,19,2,formal,560,120,0.03,0.6,square,stranger,j,j,0.234411599929444,1
3,11,2,19,2,formal,561,120,0.03,0.6,square,self,f,j,0.234204199980013,0
3,11,2,19,2,formal,562,120,0.03,0.6,square,stranger,j,f,0.25401349994354,0
3,11,2,19,2,formal,563,120,0.03,0.6,circle,self,j,f,0.234378700028174,0
3,11,2,19,2,formal,564,120,0.03,0.6,circle,stranger,f,j,0.234105200041085,0
3,11,2,19,2,formal,565,120,0.03,0.6,circle,stranger,f,j,0.23471879994031,0
3,11,2,19,2,formal,566,120,0.03,0.6,square,self,f,j,0.257141500012949,0
3,11,2,19,2,formal,567,120,0.03,0.6,square,stranger,j,j,0.234044600045308,1
3,11,2,19,2,formal,568,120,0.03,0.6,circle,self,j,j,0.234567199950106,1
3,11,2,19,2,formal,569,120,0.03,0.6,circle,stranger,f,j,0.234261799952947,0
3,11,2,19,2,formal,570,120,0.03,0.6,circle,self,j,f,0.234673199942335,0
3,11,2,19,2,formal,571,120,0.03,0.6,square,self,f,f,0.234231800073758,1
3,11,2,19,2,formal,572,120,0.03,0.6,square,stranger,j,j,0.234229599940591,1
3,11,2,19,2,formal,573,120,0.03,0.6,square,self,f,j,0.234703499940224,0
3,11,2,19,2,formal,574,120,0.03,0.6,circle,stranger,f,j,0.234306199941784,0
3,11,2,19,2,formal,575,120,0.03,0.6,square,stranger,j,f,0.234189899987541,0
3,11,2,19,2,formal,576,120,0.03,0.6,circle,self,j,f,0.234217899967916,0
3,11,2,19,2,formal,577,120,0.03,0.6,square,self,f,j,0.257941899937578,0
3,11,2,19,2,formal,578,120,0.03,0.6,square,stranger,j,j,0.311908899922855,1
3,11,2,19,2,formal,579,120,0.03,0.6,circle,stranger,f,j,0.234072400024161,0
3,11,2,19,2,formal,580,120,0.03,0.6,circle,self,j,j,0.234839200042188,1
3,11,2,19,2,formal,581,120,0.03,0.6,circle,self,j,j,0.234475099947304,1
3,11,2,19,2,formal,582,120,0.03,0.6,square,self,f,f,0.234406900010072,1
3,11,2,19,2,formal,583,120,0.03,0.6,square,stranger,j,f,0.234243600047193,0
3,11,2,19,2,formal,584,120,0.03,0.6,circle,stranger,f,j,0.234205899992958,0
3,11,2,19,2,formal,585,120,0.03,0.6,circle,self,j,j,0.234246999956667,1
3,11,2,19,2,formal,586,120,0.03,0.6,square,self,f,j,0.234498800011352,0
3,11,2,19,2,formal,587,120,0.03,0.6,circle,stranger,f,f,0.233989899978042,1
3,11,2,19,2,formal,588,120,0.03,0.6,square,stranger,j,f,0.234439699910581,0
3,11,2,19,2,formal,589,120,0.03,0.6,circle,self,j,j,0.396989099914208,1
3,11,2,19,2,formal,590,120,0.03,0.6,square,self,f,j,0.234049800084904,0
3,11,2,19,2,formal,591,120,0.03,0.6,circle,stranger,f,j,0.234119199914858,0
3,11,2,19,2,formal,592,120,0.03,0.6,square,stranger,j,j,0.23451560002286,1
3,11,2,19,2,formal,593,120,0.03,0.6,square,self,f,,NaN,0
3,11,2,19,2,formal,594,120,0.03,0.6,circle,stranger,f,,NaN,0
3,11,2,19,2,formal,595,120,0.03,0.6,square,stranger,j,j,0.234662899980322,1
3,11,2,19,2,formal,596,120,0.03,0.6,circle,self,j,j,0.236259199911729,1
3,11,2,19,2,formal,597,120,0.03,0.6,square,self,f,j,0.234088399913162,0
3,11,2,19,2,formal,598,120,0.03,0.6,square,stranger,j,f,0.233868599985726,0
3,11,2,19,2,formal,599,120,0.03,0.6,circle,self,j,f,0.234284300007857,0
3,11,2,19,2,formal,600,120,0.03,0.6,circle,stranger,f,j,0.234218899975531,0
3,11,2,19,2,formal,601,120,0.03,0.6,circle,stranger,f,j,0.234094899962656,0
3,11,2,19,2,formal,602,120,0.03,0.6,circle,self,j,j,0.234731300035492,1
3,11,2,19,2,formal,603,120,0.03,0.6,square,stranger,j,j,0.23447419994045,1
3,11,2,19,2,formal,604,120,0.03,0.6,square,self,f,f,0.234314300003462,1
3,11,2,19,2,formal,605,120,0.03,0.6,square,stranger,j,f,0.234366799937561,0
3,11,2,19,2,formal,606,120,0.03,0.6,square,self,f,j,0.234261299949139,0
3,11,2,19,2,formal,607,120,0.03,0.6,circle,self,j,j,0.233889999915846,1
3,11,2,19,2,formal,608,120,0.03,0.6,circle,stranger,f,f,0.234441899927333,1
3,11,2,19,2,formal,609,120,0.03,0.6,square,stranger,j,f,0.234605200006627,0
3,11,2,19,2,formal,610,120,0.03,0.6,circle,stranger,f,j,0.234392500016838,0
3,11,2,19,2,formal,611,120,0.03,0.6,square,self,f,j,0.234287499915808,0
3,11,2,19,2,formal,612,120,0.03,0.6,circle,self,j,j,0.234262899961323,1
3,11,2,19,2,formal,613,120,0.03,0.6,circle,stranger,f,j,0.283566900063306,0
3,11,2,19,2,formal,614,120,0.03,0.6,circle,self,j,f,0.234402499976568,0
3,11,2,19,2,formal,615,120,0.03,0.6,square,stranger,j,f,0.234275300055742,0
3,11,2,19,2,formal,616,120,0.03,0.6,square,self,f,j,0.234423200017773,0
3,11,2,19,2,formal,617,120,0.03,0.6,square,stranger,j,j,0.234789300011471,1
3,11,2,19,2,formal,618,120,0.03,0.6,circle,self,j,j,0.23401220003143,1
3,11,2,19,2,formal,619,120,0.03,0.6,square,self,f,f,0.234140300075524,1
3,11,2,19,2,formal,620,120,0.03,0.6,circle,stranger,f,f,0.23412829998415,1
3,11,2,19,2,formal,621,120,0.03,0.6,circle,self,j,j,0.235077099991031,1
3,11,2,19,2,formal,622,120,0.03,0.6,square,self,f,,NaN,0
3,11,2,19,2,formal,623,120,0.03,0.6,square,stranger,j,,NaN,0
3,11,2,19,2,formal,624,120,0.03,0.6,circle,stranger,f,,NaN,0
3,11,2,19,2,formal,625,120,0.03,0.6,square,self,f,j,0.234247599961236,0
3,11,2,19,2,formal,626,120,0.03,0.6,circle,stranger,f,j,0.234241700032726,0
3,11,2,19,2,formal,627,120,0.03,0.6,circle,self,j,j,0.237742700031959,1
3,11,2,19,2,formal,628,120,0.03,0.6,square,stranger,j,f,0.234218799974769,0
3,11,2,19,2,formal,629,120,0.03,0.6,square,self,f,f,0.234257900039665,1
3,11,2,19,2,formal,630,120,0.03,0.6,square,stranger,j,j,0.234107099939138,1
3,11,2,19,2,formal,631,120,0.03,0.6,circle,self,j,j,0.234436700004153,1
3,11,2,19,2,formal,632,120,0.03,0.6,circle,stranger,f,j,0.255224399967119,0
3,11,2,19,2,formal,633,120,0.03,0.6,circle,self,j,j,0.245764299994335,1
3,11,2,19,2,formal,634,120,0.03,0.6,square,stranger,j,j,0.247648900025524,1
3,11,2,19,2,formal,635,120,0.03,0.6,circle,stranger,f,j,0.234347100020386,0
3,11,2,19,2,formal,636,120,0.03,0.6,square,self,f,f,0.340807699947618,1
3,11,2,19,2,formal,637,120,0.03,0.6,circle,stranger,f,f,0.245957100065425,1
3,11,2,19,2,formal,638,120,0.03,0.6,square,stranger,j,j,0.323483300046064,1
3,11,2,19,2,formal,639,120,0.03,0.6,circle,self,j,j,0.234264899976552,1
3,11,2,19,2,formal,640,120,0.03,0.6,square,self,f,j,0.245373000041582,0
