source,bin,diff
sim_HDDM,1,0.37
sim_HDDM,2,0.22111111111111115
sim_HDDM,3,0.05666666666666664
sim_HDDM,4,-0.026666666666666727
sim_HDDM,5,-0.04777777777777781
sim_Wiener,1,0.3822222222222223
sim_Wiener,2,0.22333333333333338
sim_Wiener,3,0.02555555555555561
sim_Wiener,4,-0.03333333333333327
sim_Wiener,5,-0.06888888888888894
observed(Self-Stranger),1,0.005142281071830901
observed(Self-Stranger),2,0.14289950102083182
observed(Self-Stranger),3,0.08188863162245774
observed(Self-Stranger),4,0.044543844935234334
observed(Self-Stranger),5,0.0173583754797062
