bin,n,rt_mean_ms,p_matching,ci_lo,ci_hi,identity
1,3150,280.58149171579043,0.5104761904761905,0.4531874317698326,0.5717680178945622,all
2,3150,480.1246279679349,0.7053968253968254,0.5856735408715741,0.7803936758125585,all
3,3149,593.6062696724728,0.7862813591616387,0.7430010122196322,0.824037610619469,all
4,3150,699.6165772364617,0.8526984126984127,0.8196725604278637,0.8819785160900739,all
5,3150,944.7916462241714,0.8774603174603175,0.8521772723570092,0.9039421997755331,all
1,1617,283.094928510221,0.5132962275819418,0.45520333233134364,0.5900104224892864,Self
2,1617,477.12784755748527,0.7730364873222016,0.6257223407295176,0.8634052757793765,Self
3,1616,584.396521039244,0.8248762376237624,0.7655410188670516,0.8804495897104924,Self
4,1617,686.8546341341136,0.8775510204081632,0.8446466831479192,0.9052829642874904,Self
5,1617,909.7388384090834,0.8855905998763142,0.8585546117743088,0.922607891726083,Self
1,1533,277.98297006109584,0.5081539465101109,0.44261269075625514,0.5660208583700033,Stranger
2,1533,484.3092218519654,0.6301369863013698,0.5396777139374566,0.711869880841512,Stranger
3,1533,603.9594525774045,0.7429876060013046,0.6796724221980958,0.8137889698664883,Stranger
4,1533,713.7696611202371,0.8330071754729289,0.7898264029925706,0.8683340744460502,Stranger
5,1533,979.352257403059,0.868232224396608,0.8364893468572963,0.9014369272604302,Stranger
