param,rhat,rhat_manual,ess,ess_method,rhat_absdiff
a,1.000206978609324,1.000199694195605,14573.90496610859,arviz(rank-split R̂),7.2844137188887714e-06
a_std,1.0002223244763764,1.0000360387552099,10653.771677864024,arviz(rank-split R̂),0.00018628572116652364
a_subj.0,1.0000786134371482,0.9999893814546326,9277.404508726107,arviz(rank-split R̂),8.923198251564735e-05
a_subj.1,1.000159438313157,1.0000100716201152,13649.394608932957,arviz(rank-split R̂),0.00014936669304166372
a_subj.2,1.000190427999443,1.000306247066753,11796.24938695926,arviz(rank-split R̂),0.00011581906731006342
a_subj.3,1.0002059472026434,1.000276094360531,8716.25201835987,arviz(rank-split R̂),7.014715788766779e-05
a_subj.4,1.0004772756852731,1.0000070918896475,8023.668091086015,arviz(rank-split R̂),0.0004701837956255783
a_subj.5,1.000143952281604,1.0001026726684354,6940.209683812825,arviz(rank-split R̂),4.1279613168576645e-05
a_subj.6,1.0003045519696427,1.0000814193023588,4933.599124239019,arviz(rank-split R̂),0.00022313266728390957
a_subj.7,1.0006458777527707,1.000098937566443,6893.375536899891,arviz(rank-split R̂),0.0005469401863276158
a_subj.8,1.0001188682753919,1.0000789218115955,10233.552806746075,arviz(rank-split R̂),3.9946463796347587e-05
a_subj.9,1.0001858782353612,0.9999741639021481,13876.627910337445,arviz(rank-split R̂),0.00021171433321309774
a_subj.10,1.0000576869605176,0.9999638859156336,13482.19763534836,arviz(rank-split R̂),9.380104488398988e-05
a_subj.11,1.0001246531772034,0.9999847840009759,12173.404289098957,arviz(rank-split R̂),0.00013986917622754724
v(0),0.9999724821942614,0.9999532513959489,22848.959668836113,arviz(rank-split R̂),1.923079831245289e-05
v(1),0.9999986984847652,0.9999830484957062,21683.456773546175,arviz(rank-split R̂),1.564998905900783e-05
v_std,0.9999867671040585,0.9999977744315011,15213.067584919798,arviz(rank-split R̂),1.1007327442524861e-05
v_subj(0).0,1.0003676774367876,1.0001679934663494,7825.678413582406,arviz(rank-split R̂),0.0001996839704381248
v_subj(0).1,1.000525793561906,1.000000897198388,10519.256396583773,arviz(rank-split R̂),0.0005248963635180459
v_subj(0).2,1.0005400415949561,1.0002073777954006,10470.073942615683,arviz(rank-split R̂),0.0003326637995555437
v_subj(0).3,1.0001958121759766,1.0000941845557991,7428.944675170052,arviz(rank-split R̂),0.00010162762017751348
v_subj(0).4,1.000041516857768,0.9999589254523545,6929.551419303614,arviz(rank-split R̂),8.25914054135568e-05
v_subj(0).5,1.0001942475961052,1.0001728242683474,7020.739629816606,arviz(rank-split R̂),2.142332775778577e-05
v_subj(0).6,1.0003033697684671,1.000192482756775,5880.607498636103,arviz(rank-split R̂),0.0001108870116921512
v_subj(0).7,1.0003565000660095,0.9999990330783034,13915.145068721175,arviz(rank-split R̂),0.00035746698770611207
v_subj(0).8,1.0000759502456076,0.9999302362193663,13116.696619183975,arviz(rank-split R̂),0.00014571402624130592
v_subj(0).9,1.0001894293803966,1.000199407900657,10295.937770787777,arviz(rank-split R̂),9.978520260522927e-06
v_subj(0).10,1.0001332973920884,0.9999845987971292,12219.523066243433,arviz(rank-split R̂),0.0001486985949592512
v_subj(0).11,1.00020652777205,0.9999925179843752,9408.233754597519,arviz(rank-split R̂),0.00021400978767482925
v_subj(1).0,1.0002268324176307,1.0000306759604092,7902.144523803835,arviz(rank-split R̂),0.00019615645722148578
v_subj(1).1,1.0002158798637317,0.9999264493801415,9202.235707538002,arviz(rank-split R̂),0.00028943048359020285
v_subj(1).2,1.0001317769167584,0.9999626745832424,9411.297219662572,arviz(rank-split R̂),0.00016910233351596915
v_subj(1).3,1.0005450179611817,1.000144089911339,8126.49684941702,arviz(rank-split R̂),0.00040092804984270813
v_subj(1).4,1.0008273338246398,1.000254475298422,7053.182549256554,arviz(rank-split R̂),0.000572858526217912
v_subj(1).5,1.0004941343708191,1.0003912582046477,6538.3539807218385,arviz(rank-split R̂),0.00010287616617143946
v_subj(1).6,1.0002325413816104,1.0000479294790403,5280.552266594282,arviz(rank-split R̂),0.00018461190257013094
v_subj(1).7,1.00010864602124,1.0000804530984202,14830.441923744862,arviz(rank-split R̂),2.8192922819858524e-05
v_subj(1).8,1.0001769870598358,0.9999880607989593,13170.43725772792,arviz(rank-split R̂),0.00018892626087652076
v_subj(1).9,1.0005449425937731,1.0006708098824741,9805.0316734761,arviz(rank-split R̂),0.00012586728870100927
v_subj(1).10,1.000228987898828,1.000149612398232,10898.478449650815,arviz(rank-split R̂),7.937550059589071e-05
v_subj(1).11,0.9999779196165454,0.9999716448090716,10334.339148954557,arviz(rank-split R̂),6.2748074737273285e-06
t,1.0002683279783826,1.0000580095466867,17266.527573236533,arviz(rank-split R̂),0.00021031843169594389
t_std,1.0002835022959926,1.0003050415417518,12460.039238903704,arviz(rank-split R̂),2.1539245759205627e-05
t_subj.0,1.0002845977924806,1.0000730455206097,14461.185892451851,arviz(rank-split R̂),0.0002115522718708629
t_subj.1,1.0003282123331518,1.0002321633187357,12317.52498089592,arviz(rank-split R̂),9.604901441617741e-05
t_subj.2,1.000073173311776,0.9999320499776818,15462.845211076577,arviz(rank-split R̂),0.0001411233340942175
t_subj.3,1.0004275500469622,1.0002783089869922,8850.724700553945,arviz(rank-split R̂),0.00014924105996994008
t_subj.4,1.0001354797913855,0.9999972120712401,13731.888797535687,arviz(rank-split R̂),0.0001382677201453575
t_subj.5,1.0001422072409885,0.9999941467432489,10936.876721439456,arviz(rank-split R̂),0.00014806049773952168
t_subj.6,1.0003796017207915,1.0001573135220325,6855.8160693965265,arviz(rank-split R̂),0.00022228819875902417
t_subj.7,1.0005802135059896,1.000042648030398,6691.461083290574,arviz(rank-split R̂),0.0005375654755914727
t_subj.8,1.0003131612989566,1.0002768336298486,10265.381209258965,arviz(rank-split R̂),3.63276691079939e-05
t_subj.9,1.0001370541337615,1.0000700161736509,13451.534440493791,arviz(rank-split R̂),6.703796011064966e-05
t_subj.10,1.0003410013353993,1.0000794737932361,13120.038334724259,arviz(rank-split R̂),0.00026152754216313134
t_subj.11,1.0000694921477484,1.0000359068008464,11837.923953622963,arviz(rank-split R̂),3.358534690200976e-05
z_trans(0),1.000100006005057,0.999963451559573,14063.038019521508,arviz(rank-split R̂),0.000136554445484105
z_trans(1),1.0000244913300933,1.0000760102792279,13651.536106826581,arviz(rank-split R̂),5.1518949134576886e-05
z_trans(2),1.00019519630418,1.0001939203859815,13787.187222864233,arviz(rank-split R̂),1.2759181984289825e-06
z_trans(3),1.0002579385270174,1.0002300098508174,14009.641354939888,arviz(rank-split R̂),2.7928676199939773e-05
z_std,1.0003127146149677,1.0000204215119175,9664.954940948532,arviz(rank-split R̂),0.00029229310305023404
z_subj_trans(0).0,1.000740004253586,1.000348731958169,11674.467902160935,arviz(rank-split R̂),0.0003912722954169112
z_subj_trans(0).1,1.0001833814360184,1.0000221786705306,13277.721504390718,arviz(rank-split R̂),0.0001612027654878112
z_subj_trans(0).2,1.000343243505247,1.0002388026504498,13344.75750536282,arviz(rank-split R̂),0.00010444085479721643
z_subj_trans(0).3,1.0001764143157197,1.0000320575670532,10738.852529759943,arviz(rank-split R̂),0.0001443567486665298
z_subj_trans(0).4,1.0000048143091054,0.9999422737062872,10741.140822012667,arviz(rank-split R̂),6.254060281818408e-05
z_subj_trans(0).5,1.00035786060774,1.0001206630320065,10302.620560446105,arviz(rank-split R̂),0.0002371975757333722
z_subj_trans(0).6,1.0002646752123996,1.0000170155279509,9865.752581013072,arviz(rank-split R̂),0.0002476596844487311
z_subj_trans(0).7,1.0002876279674013,0.9999618385638637,15391.92604397344,arviz(rank-split R̂),0.0003257894035376685
z_subj_trans(0).8,1.0000760045079324,0.9999406666603656,14354.338644298445,arviz(rank-split R̂),0.00013533784756680767
z_subj_trans(0).9,1.000142048514638,1.0001308174519221,12679.527387918975,arviz(rank-split R̂),1.1231062715832962e-05
z_subj_trans(0).10,0.9999327459083901,0.9999386498976276,14327.354178598682,arviz(rank-split R̂),5.903989237499019e-06
z_subj_trans(0).11,1.0000030607817834,0.9999391136077543,12741.637706517406,arviz(rank-split R̂),6.394717402902206e-05
z_subj_trans(1).0,1.0000642712838776,1.0000229943142473,12254.881530346443,arviz(rank-split R̂),4.1276969630299476e-05
z_subj_trans(1).1,1.0003845958151143,0.9999393377363448,13371.192225002322,arviz(rank-split R̂),0.00044525807876949486
z_subj_trans(1).2,1.0004263947672218,1.0001686010915674,13685.833188098804,arviz(rank-split R̂),0.00025779367565448297
z_subj_trans(1).3,1.0001962143168865,0.9999805319405436,11040.782914809914,arviz(rank-split R̂),0.00021568237634295162
z_subj_trans(1).4,0.999987570473386,1.000028326875601,11029.082876956849,arviz(rank-split R̂),4.0756402214903176e-05
z_subj_trans(1).5,1.0002015708744554,1.0001465322173992,10241.722329507664,arviz(rank-split R̂),5.503865705613897e-05
z_subj_trans(1).6,1.0002450695198934,1.000112730466583,9551.19378330331,arviz(rank-split R̂),0.00013233905331033746
z_subj_trans(1).7,1.0002165247798154,0.9999354234186684,17241.98352325754,arviz(rank-split R̂),0.000281101361147007
z_subj_trans(1).8,1.0001444791929144,0.9999605058625266,16003.83646279151,arviz(rank-split R̂),0.00018397333038777663
z_subj_trans(1).9,1.0002388967942395,1.0000520119907252,12495.263823166424,arviz(rank-split R̂),0.0001868848035142534
z_subj_trans(1).10,1.0000970293256681,0.9999893622685361,14219.43348514068,arviz(rank-split R̂),0.00010766705713205482
z_subj_trans(1).11,1.0000013336895799,0.999980551129649,11184.662031160913,arviz(rank-split R̂),2.078255993087641e-05
z_subj_trans(2).0,1.0003101587055019,1.0001504612132193,12189.909130983862,arviz(rank-split R̂),0.00015969749228261776
z_subj_trans(2).1,1.0002730467422214,1.0000231976574916,12892.33401249769,arviz(rank-split R̂),0.00024984908472980294
z_subj_trans(2).2,1.0001466471541658,1.0001963912830145,12930.049774926847,arviz(rank-split R̂),4.97441288487277e-05
z_subj_trans(2).3,1.0005359861912648,1.000003540342367,10947.434117032064,arviz(rank-split R̂),0.0005324458488977779
z_subj_trans(2).4,1.0004197006311946,1.0001479772751332,11325.893913193819,arviz(rank-split R̂),0.0002717233560614041
z_subj_trans(2).5,1.000128316086582,1.0001244411371493,11229.774241027097,arviz(rank-split R̂),3.8749494326584255e-06
z_subj_trans(2).6,1.000125501580726,0.9999707137516499,9264.869536426306,arviz(rank-split R̂),0.00015478782907607513
z_subj_trans(2).7,1.0003417067834848,1.0001996447058943,16102.659399444068,arviz(rank-split R̂),0.00014206207759048795
z_subj_trans(2).8,1.0001112622681558,1.0001535089999118,15565.056686040898,arviz(rank-split R̂),4.224673175601268e-05
z_subj_trans(2).9,1.0002241082662826,1.0002789303874482,12757.075329756599,arviz(rank-split R̂),5.482212116558749e-05
z_subj_trans(2).10,1.000017457724539,1.000023012500882,14802.223040384988,arviz(rank-split R̂),5.554776342897583e-06
z_subj_trans(2).11,1.0000174533930817,0.9999610886305389,13300.194260938864,arviz(rank-split R̂),5.636476254278211e-05
z_subj_trans(3).0,1.0001256225296349,1.0000908114503986,10618.17360795918,arviz(rank-split R̂),3.481107923630766e-05
z_subj_trans(3).1,1.0003312331534278,1.000029809813535,10584.808672369098,arviz(rank-split R̂),0.00030142333989280345
z_subj_trans(3).2,1.0001654203189574,1.0000807330623325,12480.26412091138,arviz(rank-split R̂),8.468725662491572e-05
z_subj_trans(3).3,1.0005352434618857,1.0000654615446878,8863.608635620296,arviz(rank-split R̂),0.00046978191719793116
z_subj_trans(3).4,1.0003901473966532,1.0002714806528146,10381.223071127797,arviz(rank-split R̂),0.00011866674383864684
z_subj_trans(3).5,1.0004311485205633,1.0004099107272297,10792.834047399283,arviz(rank-split R̂),2.1237793333517274e-05
z_subj_trans(3).6,1.0003024689250155,1.0001351871262945,7675.443890871856,arviz(rank-split R̂),0.00016728179872105287
z_subj_trans(3).7,1.0001085301738255,0.9999957097665869,17565.931526753266,arviz(rank-split R̂),0.00011282040723858966
z_subj_trans(3).8,1.0000900853342232,0.9999861534261879,16026.866622074898,arviz(rank-split R̂),0.00010393190803525965
z_subj_trans(3).9,1.000310470793799,1.0003769270470249,11168.534413762147,arviz(rank-split R̂),6.64562532257662e-05
z_subj_trans(3).10,1.0001106300244471,1.0000203707017548,11945.88728187949,arviz(rank-split R̂),9.025932269235426e-05
z_subj_trans(3).11,1.0001019058790548,0.9999907177943348,13296.919367719302,arviz(rank-split R̂),0.00011118808471999309
