dataset,file,n_subjects,n_trials_raw,n_trials_used,self_trials,stranger_trials,P_trials,T_ms,W_ms,SPE_RT_mean,SPE_RT_se,SPE_RT_lo,SPE_RT_hi,SPE_RT_median,SPE_ACC_mean,SPE_RT_pct_negative,identity_source
Orellana-Corrales_2021_APP_Exp1,Orellana-Corrales_2021_APP_Exp1_SP.csv,34,4352,2165,1083,1082,4.0,1500.0,1500.0,-271.968299364778,22.083983789458827,-316.89850221305517,-227.0380965165008,-247.91985887096774,0.1316755331164724,1.0,Label_Standardized_Identity
Orellana-Corrales_2021_EP_Exp2,Orellana-Corrales_2021_EP_Exp2_SP.csv,29,4224,2080,918,910,4.0,1500.0,1500.0,-234.44442196838742,28.1149024882244,-292.0351890161432,-176.85365492063164,-171.1833333333334,0.12029713730454016,0.9655172413793104,Label_Standardized_Identity
Navon_2021_Exp1,Navon_2021_Exp1_SP.csv,13,4680,1513,772,741,12.0,,,-211.6523083970704,43.35355040845068,-306.11158023862765,-117.19303655551316,-241.52579365079362,0.03744687594807834,0.9230769230769231,Label_Standardized_Identity
Orellana-Corrales_2021_EP_Exp1,Orellana-Corrales_2021_EP_Exp1_SP.csv,38,4864,2393,1204,1189,4.0,1500.0,1500.0,-210.9282325279353,28.685694353543724,-269.0509702238423,-152.80549483202833,-219.3541140572391,0.13423976375867366,0.8947368421052632,Label_Standardized_Identity
Sui_2014_APP_Exp4,Sui_2014_APP_Exp4_SP.csv,20,7074,2005,1537,468,18.0,100.0,1000.0,-199.30500664894262,17.412536530253497,-235.74986445502657,-162.86014884285868,-203.69618758434547,0.17439642927629198,1.0,Shape_Standardized_Identity
Orellana-Corrales_2021_EP_Exp3,Orellana-Corrales_2021_EP_Exp3_SP.csv,15,2048,1018,477,477,24.0,1500.0,1500.0,-182.38514465529389,45.82425420261589,-280.66839505282593,-84.10189425776184,-158.58064516129036,0.05436379928315412,0.8666666666666667,Label_Standardized_Identity
Amodeo_2024_CABN_Exp1,Amodeo_2024_CABN_Exp1_SP.csv,67,24120,7807,3948,3859,24.0,200.0,1600.0,-145.5986127254224,13.630046118058091,-172.81187783341628,-118.38534761742855,-118.4204054503158,0.07521954493733246,0.9402985074626866,Label_Standardized_Identity
Sui_2014_APP_Exp3,Sui_2014_APP_Exp3_SP.csv,22,7843,3402,1704,1698,18.0,100.0,1000.0,-120.65894485079762,10.886700172020767,-143.2990772519312,-98.01881244966403,-120.4446854546004,0.0906117366404448,0.9545454545454546,Shape_Standardized_Identity
Martinez-Perez_2024_CC_Exp2,Martinez-Perez_2024_CC_Exp2_SP.csv,32,7680,2532,1271,1261,48.0,100.0,,-118.65117477675504,12.222142723787847,-143.57839920569637,-93.7239503478137,-122.99156357955701,0.13811187571829986,0.90625,Label_Standardized_Identity
Vicovaro_2022_EPHPP_Exp2,Vicovaro_2022_EPHPP_Exp2_SP.csv,48,12480,5970,3019,2951,24.0,100.0,1500.0,-117.80410557779298,12.867985444005432,-143.6911532255836,-91.91705793000234,-114.57642813588848,0.2341943847400451,0.8958333333333334,Shape_Standardized_Identity
Haciahmet_2023_Psy_Exp1,Haciahmet_2023_Psy_Exp1_SP.csv,40,10560,5237,2628,2609,24.0,100.0,1500.0,-117.58275597526635,10.512772753182727,-138.8468459675389,-96.31866598299379,-141.46765054461312,0.11807230096292598,0.925,Label_Standardized_Identity
Constable_2019_EPHPP_Exp1,Constable_2019_EPHPP_Exp1_SP.csv,28,8064,3983,1996,1987,20.0,233.0,1500.0,-102.06290750146567,15.686699490095224,-134.24935621809877,-69.87645878483258,-88.60302208714398,0.058596034234520415,0.9642857142857143,Label_Standardized_Identity
Orellana-Corrales_2021_APP_Exp2,Orellana-Corrales_2021_APP_Exp2_SP.csv,33,4224,2107,1053,1054,4.0,1500.0,1500.0,-101.24006650298557,18.079022118829048,-138.06582947398115,-64.41430353198999,-86.8125,0.06066715542521994,0.8181818181818182,Label_Standardized_Identity
Navon_2021_Exp3,Navon_2021_Exp3_SP.csv,28,10080,3307,1651,1656,12.0,,,-97.42957903707232,24.519365109541564,-147.73916061355166,-47.11999746059298,-105.29075708773985,0.03660885549170333,0.75,Label_Standardized_Identity
Sui_2014_APP_Exp1,Sui_2014_APP_Exp1_SP.csv,24,8417,2807,1419,1388,18.0,100.0,1000.0,-97.02892125486899,13.430881284999275,-124.81281603971752,-69.24502647002046,-112.64318796484113,0.07949515512882033,0.9166666666666666,Shape_Standardized_Identity
Constable_2020_CE_Exp2,Constable_2020_CE_Exp2_SP.csv,56,21504,10535,5305,5230,8.0,233.0,1500.0,-95.73508487760394,12.424731513007544,-120.63480325001495,-70.83536650519292,-96.09432835153405,0.1061861090344947,0.875,Label_Standardized_Identity
Zhang_2023_NI_Exp1,Zhang_2023_NI_Exp1_SP.csv,340,38417,25387,12876,12433,12.0,100.0,1100.0,-95.69694677121431,3.926183101048405,-103.41969577375707,-87.97419776867156,-101.97696538643908,0.10271920600164831,0.9117647058823529,Label_Standardized_Identity
Navon_2021_Exp4,Navon_2021_Exp4_SP.csv,27,9720,3151,1585,1566,12.0,,,-92.41314086603994,26.73803455459576,-147.3739580244619,-37.452323707617964,-82.83151274412444,0.036303408591129634,0.7037037037037037,Label_Standardized_Identity
Kolvoort_2020_HBM_Exp1,Kolvoort_2020_HBM_Exp1_SP.csv,31,11051,2453,1284,1169,,100.0,1500.0,-91.25493285963302,18.410060472691026,-128.85329228185003,-53.656573437415986,-81.54629097182294,0.1017573142886013,0.8387096774193549,Label_Standardized_Identity
Wang_2016_EPHPP_Exp1,Wang_2016_EPHPP_Exp1_SP.csv,30,11947,3753,1865,1813,9.0,100.0,1000.0,-90.51451634969992,14.735247666237312,-120.65148166085521,-60.377551038544624,-101.43359495377507,0.2124505208687725,0.8333333333333334,Label_Standardized_Identity
Wozniak_2018_PLOS_Exp1,Wozniak_2018_PLOS_Exp1_SP.csv,18,11676,3890,1944,1946,,200.0,3000.0,-89.70070052291699,24.079067383871426,-140.50309198910702,-38.89830905672695,-68.47925503395686,0.00977762317048031,0.8888888888888888,Label_Standardized_Identity
Dalmaso_2024_CC_Exp2,Dalmaso_2024_CC_Exp2_SP.csv,40,14400,6861,3479,3382,40.0,200.0,1000.0,-88.78423392325905,10.901256269251144,-110.83410599606715,-66.73436185045095,-87.15514495961224,0.24076279250786445,0.875,Shape_Standardized_Identity
Constable_2019_EPHPP_Exp2,Constable_2019_EPHPP_Exp2_SP.csv,28,8064,4010,2011,1999,20.0,233.0,1500.0,-88.54067921501589,12.43447648250072,-114.05411751826729,-63.02724091176448,-78.5152501681003,0.05896235765177678,0.9642857142857143,Label_Standardized_Identity
Liu_2023_CP_Exp1,Liu_2023_CP_Exp1_SP.csv,286,19136,8724,4280,4223,,800.0,,-88.33259877911672,12.432328569116873,-112.80343210998974,-63.8617654482437,-82.02974213599214,0.014133147349930571,0.6643356643356644,Label_Standardized_Identity
Hobbs_2023_PM_Exp1,Hobbs_2023_PM_Exp1_SP.csv,143,17280,5513,2790,2702,,100.0,1100.0,-88.02755135309951,6.523530670831996,-100.92333850050134,-75.13176420569768,-90.2642005263159,0.12195122129332656,0.8741258741258742,Shape_Standardized_Identity
Dalmaso_2024_CC_Exp1,Dalmaso_2024_CC_Exp1_SP.csv,40,14400,6833,3455,3378,40.0,200.0,1000.0,-83.48708598363805,8.795345335814073,-101.27735113297686,-65.69682083429925,-86.02004272522856,0.1423933626576535,0.9,Label_Standardized_Identity
Sui_2023_CC_Exp1,Sui_2023_CC_Exp1_SP.csv,20,17974,6062,3061,3001,12.0,100.0,1100.0,-80.83401112445362,7.752488267912211,-97.0601555507121,-64.60786669819515,-77.5428326076439,0.09726217561637744,1.0,Shape_Standardized_Identity
Xu_2021_CP_Exp1,Xu_2021_CP_Exp1_SP.csv,105,42444,11971,6077,5894,12.0,100.0,800.0,-80.67213593912828,7.066187644298326,-94.68465120694749,-66.65962067130907,-68.84090909090912,0.09989294139343004,0.8857142857142857,Label_Standardized_Identity
Constable_2019_EPHPP_Exp3,Constable_2019_EPHPP_Exp3_SP.csv,28,8064,4003,2005,1998,20.0,233.0,1500.0,-80.58064851821301,18.89292896961686,-119.3457367237673,-41.81556031265872,-59.660747335623114,0.06497812638017035,0.8214285714285714,Label_Standardized_Identity
Vicovaro_2022_EPHPP_Exp1,Vicovaro_2022_EPHPP_Exp1_SP.csv,30,14400,6906,3471,3435,24.0,100.0,1500.0,-74.79411200021823,13.52199761041582,-102.44970233388825,-47.138521666548215,-81.90101846630898,0.056403214176875396,0.8333333333333334,Shape_Standardized_Identity
Perrykkad_2022_BMC_Exp1,Perrykkad_2022_BMC_Exp1_SP.csv,323,120240,36790,18072,18084,,100.0,800.0,-69.84123311948849,3.85799560345778,-77.4312938920883,-62.25117234688867,-74.00726392251812,0.1984112996277414,0.8606811145510835,Label_Standardized_Identity
Qian_2019_QJEP_Exp1,Qian_2019_QJEP_Exp1_SP.csv,24,13584,4542,2278,2264,20.0,100.0,1000.0,-69.51737674426086,6.7523622393758,-83.48570227905182,-55.5490512094699,-61.39384211294322,0.11271218642103913,1.0,Shape_Standardized_Identity
Kirk_2025_BJP_Exp1,Kirk_2025_BJP_Exp1_SP.csv,35,7531,2512,1255,1257,12.0,500.0,1500.0,-68.56407522030767,20.997489210131754,-111.23610737705596,-25.892043063559377,-58.097327188949066,0.047687074829931966,0.6285714285714286,Label_Standardized_Identity
Constable_2020_CE_Exp1,Constable_2020_CE_Exp1_SP.csv,56,43008,21008,10534,10474,4.0,233.0,1500.0,-64.6958520296893,9.031659557819744,-82.79570225098152,-46.5960018083971,-57.98915381528724,0.07235984584882975,0.8392857142857143,Label_Standardized_Identity
Sui_2014_APP_Exp2,Sui_2014_APP_Exp2_SP.csv,18,6427,1818,429,1389,18.0,100.0,1000.0,-59.28075012699711,10.48038907063065,-81.39243824996768,-37.16906200402654,-47.124047619047644,0.020351653742195316,0.9444444444444444,Shape_Standardized_Identity
Liang_2022_HBM_Exp1,Liang_2022_HBM_Exp1_SP.csv,35,25382,8504,4257,4247,,100.0,1100.0,-58.21853611614684,8.790595048025637,-76.08317463613247,-40.35389759616122,-49.62082777036039,0.06942995967997795,0.8285714285714286,Shape_Standardized_Identity
Kirk_2025_BJP_Exp2,Kirk_2025_BJP_Exp2_SP.csv,90,19352,6447,3219,3228,12.0,500.0,1500.0,-54.15263684781425,12.903908924733729,-79.79242902162918,-28.512844673999332,-48.684732142935616,0.025412257089065745,0.7,Label_Standardized_Identity
Wozniak_2018_PLOS_Exp2,Wozniak_2018_PLOS_Exp2_SP.csv,18,11844,3947,1973,1974,,200.0,200.0,-51.14086623744535,16.38314686300579,-85.706284702946,-16.575447771944717,-52.80109722102645,0.01170634920634922,0.7777777777777778,Label_Standardized_Identity
Feldborg_2021_ERPH_Exp1,Feldborg_2021_ERPH_Exp1_SP.csv,49,32640,11588,3765,3760,22.0,1500.0,1500.0,-42.28965451185261,12.887264675058248,-68.20123679822768,-16.378072225477545,-37.743451143451125,0.08452091818717528,0.673469387755102,Label_Standardized_Identity
Constable_2019_EPHPP_Exp4,Constable_2019_EPHPP_Exp4_SP.csv,20,12800,6200,3746,2454,21.0,233.0,1500.0,-42.22950517085591,14.876480755332198,-73.36633723670849,-11.092673105003332,-46.88223147069533,0.03699331471925427,0.65,Label_Standardized_Identity
Golubickis_2021_AP_Exp2,Golubickis_2021_AP_Exp2_SP.csv,25,8808,2955,1482,1473,12.0,100.0,,-38.292411187040976,8.533854353387804,-55.905420912141125,-20.67940146194083,-38.45423728813557,0.044719355638977894,0.76,Label_Standardized_Identity
Golubickis_2021_AP_Exp1,Golubickis_2021_AP_Exp1_SP.csv,30,10278,3427,1711,1716,12.0,100.0,,-34.93754666415998,13.762869806470572,-63.08577595316679,-6.789317375153178,-41.81879273882507,0.07331068457689251,0.7333333333333333,Label_Standardized_Identity
Hu_2020_CP_Exp1,Hu_2020_CP_Exp1_SP.csv,44,25920,12666,6345,6321,48.0,100.0,,-14.678337983077347,8.920501961699983,-32.6682447024342,3.3115687362795097,-21.06004207388645,0.024017551033776063,0.6818181818181818,Label_Standardized_Identity
Hu_2023_Exp1,Hu_2023_Exp1_SP.csv,20,35070,15458,7713,7745,60.0,,,-6.642923509933832,7.717906949147172,-22.796688404183904,9.510841384316242,-1.2350330093229047,0.015054259594091169,0.5,Label_Standardized_Identity
