rank,P,T_ms,W_ms,M_ms,total_uncertainty,v_self_std,v_stranger_std,a_std,t_std,z_std
1,0,500,300,800,3.257873255603272,1.362019650497813,1.213207394525862,0.4396017417423193,0.13062873102803477,0.112415737809243
2,5,500,300,800,3.2578187575838835,1.362019650497813,1.213207394525862,0.4396017417423193,0.13058254576447376,0.11240742505341589
3,10,500,300,800,3.257760468233967,1.362019650497813,1.213207394525862,0.4396017417423193,0.1305337454021837,0.1123979360657888
4,15,500,300,800,3.2576943956405704,1.362019650497813,1.213207394525862,0.4396017417423193,0.1304795057388313,0.1123861031357447
5,0,500,350,850,3.257667764377114,1.362019650497813,1.213207394525862,0.4396017417423193,0.13045727679195057,0.11238170081916923
6,20,500,300,800,3.2576155075191564,1.362019650497813,1.213207394525862,0.4396017417423193,0.13041637484833385,0.11237034590482814
7,5,500,350,850,3.257605567454657,1.362019650497813,1.213207394525862,0.4396017417423193,0.13040457143034948,0.11237220925831319
8,0,480,300,780,3.257592674522479,1.362019650497813,1.213207394525862,0.4396017417423193,0.13039688855101284,0.11236699920547195
9,10,500,350,850,3.2575405522602856,1.362019650497813,1.213207394525862,0.4396017417423193,0.13034985490614281,0.11236191058814844
10,5,480,300,780,3.2575246990697084,1.362019650497813,1.213207394525862,0.4396017417423193,0.1303404367347838,0.11235547556893032
11,25,500,300,800,3.2575178577435224,1.362019650497813,1.213207394525862,0.4396017417423193,0.13034040716733175,0.11234866381019648
12,15,500,350,850,3.2574682320766626,1.362019650497813,1.213207394525862,0.4396017417423193,0.13028991366786635,0.1123495316428023
13,10,480,300,780,3.2574529991372896,1.362019650497813,1.213207394525862,0.4396017417423193,0.1302816991387548,0.11234251323254041
14,0,500,400,900,3.2574298284483736,1.362019650497813,1.213207394525862,0.4396017417423193,0.1302614059362592,0.11233963574612021
15,30,500,300,800,3.2573948165701756,1.362019650497813,1.213207394525862,0.4396017417423193,0.13024736417700858,0.11231866562717281
16,20,500,350,850,3.2573828905895605,1.362019650497813,1.213207394525862,0.4396017417423193,0.13022078197869777,0.11233332184486834
17,15,480,300,780,3.257372540643023,1.362019650497813,1.213207394525862,0.4396017417423193,0.1302172369351786,0.11232651694185018
18,5,500,400,900,3.257358755109155,1.362019650497813,1.213207394525862,0.4396017417423193,0.13020120883033642,0.1123287595128243
19,0,480,350,830,3.2573232006532944,1.362019650497813,1.213207394525862,0.4396017417423193,0.13017665521359906,0.11231775867370099
20,10,500,400,900,3.2572860396322443,1.362019650497813,1.213207394525862,0.4396017417423193,0.13013968326135625,0.1123175696048938
