n_subjects_used,n_trials_used,SPE_RT_mean,SPE_RT_se,SPE_RT_lo,SPE_RT_hi,SPE_ACC_mean,pct_subj_self_faster,identity_source,study,exp,subj_group,file,index_sample_size,index_valid_subj,practice_trial,num_trials,self_cat,others_cat,stim_type,design
67,7807,-145.5986127254224,13.630046118058091,-172.81187783341628,-118.38534761742855,0.07521954493733246,0.9402985074626866,Label_Standardized_Identity,Amodeo_2024_CABN,1,Autism,Amodeo_2024_CABN_Exp1_Clean.csv,37.0,37.0,24.0,360.0,Self,Stranger,geometric shape,"2(Group: Autism, Neurotypical) by 2 (Trials: Matching, Mismatching) by 3(Person: Self, Close Other, Stranger)"
67,7807,-145.5986127254224,13.630046118058091,-172.81187783341628,-118.38534761742855,0.07521954493733246,0.9402985074626866,Label_Standardized_Identity,Amodeo_2024_CABN,1,Neurotypical,Amodeo_2024_CABN_Exp1_Clean.csv,30.0,30.0,24.0,360.0,Self,Stranger,geometric shape,"2(Group: Autism, Neurotypical) by 2 (Trials: Matching, Mismatching) by 3(Person: Self, Close Other, Stranger)"
138,20361,-140.18166784085935,9.037971746272248,-158.0536352678975,-122.30970041382119,0.07385233121367804,0.9565217391304348,Label_Standardized_Identity,Atzeni_2026_PsychRes,1,All,Atzeni_2026_PsychRes_Exp1_Clean.csv,140.0,140.0,20.0,200.0,Self,Stranger,geometric shape,"Longitudinal sessions T1-T3; matching task at T2/T3: 2(identity: TU=self, SCONOSCIUTO=stranger) x 2(trial type: matching, nonmatching)"
49,11588,-42.28965451185261,12.887264675058248,-68.20123679822768,-16.378072225477545,0.08452091818717528,0.673469387755102,Label_Standardized_Identity,Feldborg_2021_IJERPH,1,self-friend,Feldborg_2021_IJERPH_Exp1_Clean.csv,53.0,53.0,22.0,320.0,Self,Stranger,geometric shape and face,"2(anxiety group: non-anxious, anxious) × 2(person: self, other) × 4(emotion: happy, line, neutral, sad) × 2(matching condition: matching, mismatch)"
49,11588,-42.28965451185261,12.887264675058248,-68.20123679822768,-16.378072225477545,0.08452091818717528,0.673469387755102,Label_Standardized_Identity,Feldborg_2021_IJERPH,1,self-stranger,Feldborg_2021_IJERPH_Exp1_Clean.csv,49.0,49.0,22.0,320.0,Self,Stranger,geometric shape and face,"2(anxiety group: non-anxious, anxious) × 2(person: self, other) × 4(emotion: happy, line, neutral, sad) × 2(matching condition: matching, mismatch)"
40,5237,-117.58275597526635,10.512772753182727,-138.8468459675389,-96.31866598299379,0.11807230096292598,0.925,Label_Standardized_Identity,Haciahmet_2023_Psychophysiol,1,All,Haciahmet_2023_Psychophysiol_Exp1_Clean.csv,40.0,40.0,24.0,240.0,Self,Stranger,geometric shape,"2(stimulipairings:self-associated,stranger-associated)*2(condition:match,non-match)"
143,5513,-87.64352919654264,6.563244837534352,-100.61782374528467,-74.66923464780062,0.12153460574513206,0.8741258741258742,Label_Standardized_Identity,Hobbs_2023_PsychMed,1,All,Hobbs_2023_PsychMed_Exp1_Clean.csv,144.0,144.0,,360.0,Self,Stranger,geometric shape and face and currency,"3(task condition: self, emotion, reward) × 2(matching condition: matching, nonmatching)"
44,12666,-14.678337983077357,8.92050196169998,-32.66824470243421,3.311568736279492,0.024017551033776063,0.6818181818181818,Label_Standardized_Identity,Hu_2020_CollabraPsy,1,All,Hu_2020_CollabraPsy_Exp1_Clean.csv,44.0,44.0,48.0,600.0,Self,Other,geometric shape,"2(matching: matching, nonmatching) × 2(identity: self, other) × 2(moral character: good, bad)"
31,2453,-91.25493285963302,18.410060472691026,-128.85329228185003,-53.656573437415986,0.1017573142886013,0.8387096774193549,Label_Standardized_Identity,Kolvoort_2020_HumBrainMap,1,All,Kolvoort_2020_HumBrainMap_Exp1_Clean.csv,31.0,31.0,,100.0,Self,Stranger,geometric shape,"2(Self,Non-Self)*2(Matching,Nonmatching)*4(Nodelay,40,120,or700ms)"
109,26114,-61.47077630309146,4.84232854264506,-71.06911153778665,-51.87244106839627,0.06916509853832407,0.8807339449541285,Shape_Standardized_Identity,Liang_2022_HumBrainMap,1,DLPFC,Liang_2022_HumBrainMap_Exp1_Clean.csv,35.0,35.0,,720.0,Self,Stranger,geometric shape,"3(TMS group: LpSTS, DLPFC, sham) × 2(Matching condition: matching, nonmatching) × 3(Shape category: self, friend, stranger)"
109,26114,-61.47077630309146,4.84232854264506,-71.06911153778665,-51.87244106839627,0.06916509853832407,0.8807339449541285,Shape_Standardized_Identity,Liang_2022_HumBrainMap,1,LpSTS,Liang_2022_HumBrainMap_Exp1_Clean.csv,38.0,38.0,,720.0,Self,Stranger,geometric shape,"3(TMS group: LpSTS, DLPFC, sham) × 2(Matching condition: matching, nonmatching) × 3(Shape category: self, friend, stranger)"
109,26114,-61.47077630309146,4.84232854264506,-71.06911153778665,-51.87244106839627,0.06916509853832407,0.8807339449541285,Shape_Standardized_Identity,Liang_2022_HumBrainMap,1,sham,Liang_2022_HumBrainMap_Exp1_Clean.csv,36.0,36.0,,720.0,Self,Stranger,geometric shape,"3(TMS group: LpSTS, DLPFC, sham) × 2(Matching condition: matching, nonmatching) × 3(Shape category: self, friend, stranger)"
286,8724,-88.33259877911672,12.432328569116873,-112.80343210998974,-63.8617654482437,0.014133147349930571,0.6643356643356644,Label_Standardized_Identity,Liu_2023_CogRes,1,All,Liu_2023_CogRes_Exp1_Clean.csv,299.0,299.0,1.0,64.0,Self,Stranger,face,"2(matching condition: matching, nonmatching) × 2(association: self, stranger)"
32,2532,-118.65117477675504,12.222142723787847,-143.57839920569637,-93.7239503478137,0.13811187571829986,0.90625,Label_Standardized_Identity,Martinez-Perez_2024_ConsciousCog,2,All,Martinez-Perez_2024_ConsciousCog_Exp2_Clean.csv,32.0,32.0,48.0,240.0,Self,Stranger,geometric shape,"2(match:matching,non-matching)*3(labelcondition:you,friend,stranger)"
40,18821,-89.99758824840225,11.149632243785204,-112.54984814965567,-67.44532834714883,0.19632765672905556,0.9,Label_Standardized_Identity,Mcivor_2021_EJN,1,control,Mcivor_2021_EJN_Exp1_Clean.csv,20.0,20.0,12.0,960.0,Self,Other,geometric shape and face,"2(group: control, depressed) × 2(shape category: self, other) × 3(emotion valence: happy, sad, neutral)"
40,18821,-89.99758824840225,11.149632243785204,-112.54984814965567,-67.44532834714883,0.19632765672905556,0.9,Label_Standardized_Identity,Mcivor_2021_EJN,1,depressed,Mcivor_2021_EJN_Exp1_Clean.csv,20.0,20.0,12.0,960.0,Self,Other,geometric shape and face,"2(group: control, depressed) × 2(shape category: self, other) × 3(emotion valence: happy, sad, neutral)"
40,9409,-92.92945469185767,11.794320191016539,-116.78571905023306,-69.07319033348229,0.04899909773861211,0.875,Label_Standardized_Identity,Pan_2025_unpub,1,All,Pan_2025_unpub_Exp1_Clean.csv,40.0,40.0,,,Self,Stranger,geometric shape,"self-matching, self-mismatching, friend-matching, friend-mismatching, stranger-matching, stranger-mismatching"
323,36790,-69.84123311948849,3.85799560345778,-77.4312938920883,-62.25117234688867,0.1984112996277414,0.8606811145510835,Label_Standardized_Identity,Perrykkad_2022_BMCPsych,1,All,Perrykkad_2022_BMCPsych_Exp1_Clean.csv,334.0,334.0,,360.0,Self,Stranger,geometric shape,"2(matching condition: matching, nonmatching) × 3(shape association: self, friend, stranger)"
20,6260,-14.472915305928401,9.539206449780371,-34.4387038652856,5.492873253428799,0.017646896538507716,0.65,Label_Standardized_Identity,Sui_2015_unpub,1,All,Sui_2015_unpub_Exp1_Clean.csv,20.0,20.0,,960.0,Self,Stranger,geometric shape,"self-matching, self-mismatching, friend-matching, friend-mismatching, stranger-matching, stranger-mismatching"
20,6062,-80.83401112445362,7.752488267912211,-97.0601555507121,-64.60786669819515,0.09726217561637744,1.0,Shape_Standardized_Identity,Sui_2023_ConsciousCog,1,All,Sui_2023_ConsciousCog_Exp1_Clean.csv,20.0,20.0,12.0,960.0,Self,Stranger,geometric shape,"3(ShapeAssociation:self,friend,stranger)*2(MatchingCondition:matching,mismatching)"
105,11971,-80.67213593912828,7.066187644298326,-94.68465120694749,-66.65962067130907,0.09989294139343004,0.8857142857142857,Label_Standardized_Identity,Xu_2022_CurrPsych,1,Acceptance,Xu_2022_CurrPsych_Exp1_Clean.csv,55.0,55.0,12.0,360.0,Self,Stranger,geometric shape,"2(matching condition: matching, nonmatching) × 3(shape association: self, friend, stranger)"
105,11971,-80.67213593912828,7.066187644298326,-94.68465120694749,-66.65962067130907,0.09989294139343004,0.8857142857142857,Label_Standardized_Identity,Xu_2022_CurrPsych,1,Rejection,Xu_2022_CurrPsych_Exp1_Clean.csv,50.0,50.0,12.0,360.0,Self,Stranger,geometric shape,"2(matching condition: matching, nonmatching) × 3(shape association: self, friend, stranger)"
340,25387,-95.69694677121431,3.926183101048405,-103.41969577375707,-87.97419776867156,0.10271920600164831,0.9117647058823529,Label_Standardized_Identity,Zhang_2023_NeuroImage,1,All,Zhang_2023_NeuroImage_Exp1_Clean.csv,346.0,346.0,12.0,96.0,Self,Stranger,geometric shape,"2(matching condition: matching, nonmatching) × 2(shape association: self, stranger)"
91,8470,-215.5397538956125,20.390761353396595,-256.0495603419718,-175.02994744925317,0.029573079748203106,0.9010989010989011,Label_Standardized_Identity,Zhang_2026_JNeurosci,1,OA,Zhang_2026_JNeurosci_Exp1_Clean.csv,59.0,59.0,,450.0,Self,Stranger,geometric shape,"3(identity: self, friend, stranger) x 2(trial type: matching, nonmatching); groups: OA (older adults) / YA (young adults)"
91,8470,-215.5397538956125,20.390761353396595,-256.0495603419718,-175.02994744925317,0.029573079748203106,0.9010989010989011,Label_Standardized_Identity,Zhang_2026_JNeurosci,1,YA,Zhang_2026_JNeurosci_Exp1_Clean.csv,32.0,32.0,,450.0,Self,Stranger,geometric shape,"3(identity: self, friend, stranger) x 2(trial type: matching, nonmatching); groups: OA (older adults) / YA (young adults)"
