kind,scheme,param,n,bias_mean,bias_sd,rmse,coverage_95,r_pearson,r_spearman
condition,censor,v_self,18,-1.335975440827689,0.9721662540291348,1.6362859306970323,0.16666666666666666,0.8687450799995565,0.8182461476057492
condition,censor,v_stranger,18,-1.3505466663785883,0.9644977206107584,1.6439438160727773,0.16666666666666666,0.8298358601904648,0.7806256350721515
condition,censor,a,18,-0.24527559457360526,0.43698446764188303,0.49041503599877634,0.16666666666666666,0.21948676480691418,0.3981504243139086
condition,censor,t,18,0.02654173243082507,0.03180185411258382,0.040738617232777975,0.2777777777777778,0.9621219029948301,0.6489538412045598
condition,censor,z,18,0.08504160630753363,0.06354748368645763,0.10509999261802223,0.16666666666666666,0.7499649897370232,0.8934871726729446
condition,censor,SPE_v,18,0.01457122555089953,0.08059104783294717,0.07966435139481001,1.0,0.9674346395597869,0.8558666601393469
condition,drop,v_self,18,0.7299741497212804,1.5402388343852496,1.6653532659073145,0.0,0.9450207245872977,0.8057059767612168
condition,drop,v_stranger,18,0.6872873452361419,1.5894570623214683,1.6906754716676022,0.0,0.9588901730388918,0.9749982831624063
condition,drop,a,18,0.19673612886114406,1.0291375979747541,1.0193081314683785,0.1111111111111111,0.9598228701524397,0.6050632432486958
condition,drop,t,18,-0.015269592596763668,0.07853310143282033,0.07783297808500673,0.1111111111111111,0.8497038556348474,0.9311076852065423
condition,drop,z,18,-0.044769365148900925,0.08716508571723133,0.09581206020776359,0.05555555555555555,0.7800031209181185,0.7618153788053529
condition,drop,SPE_v,18,0.04268680448513841,0.1921723382002919,0.19157424839529352,1.0,0.9088262886956902,0.9122974289397434
curve,censor,v_self,16,-1.2735258542388979,1.3204918395390615,1.804601238795178,0.0,,
curve,censor,v_stranger,16,-1.2683623823318497,1.3025690454867205,1.7886828586374526,0.0,,
curve,censor,a,16,-0.1591388409005348,0.10109125244804115,0.18683119900617431,0.125,,
curve,censor,t,16,0.026890282511621334,0.011210389274833286,0.02899837184252375,0.0,,
curve,censor,z,16,0.0960945077539448,0.07256534042913808,0.11904106439626146,0.0,,
curve,censor,SPE_v,16,-0.005163471907048182,0.05358700009116879,0.05214168303509791,1.0,,
curve,drop,v_self,15,0.7064344000009886,0.6098932047578303,0.9199028760149347,0.0,,
curve,drop,v_stranger,15,0.6604951394484183,0.5586872307326549,0.8529809432610205,0.0,,
curve,drop,a,15,-0.3168844271153964,0.19520253545845484,0.3687539848476692,0.0,-7.064600914276516e-16,
curve,drop,t,15,0.023271681160355488,0.008787117241831639,0.024771697791824705,0.0,,
curve,drop,z,15,-0.04794531761064028,0.02815968358885498,0.05512582645144326,0.06666666666666667,,
curve,drop,SPE_v,15,0.045939260552570284,0.10058457882714274,0.10748576335851051,1.0,7.616740870380616e-16,
