scheme,bin,om,v_self,a,SPE_v
censor,"(0, 5]",4.519230769230765,-0.0674685041428689,0.02375178271979635,-0.03054801996713075
censor,"(5, 10]",9.198717948717949,-0.189440444294081,0.0158946148536305,-0.0278273316226642
censor,"(10, 15]",12.195512820512814,-0.3198844356612712,-0.00098057391954455,-0.0552668912305333
censor,"(15, 20]",15.25641025641025,-0.4087604474939299,-0.0186065007704305,-0.1084061660608335
censor,"(20, 25]",22.524038461538456,-0.565889254259597,-0.03021856039486283,-0.0376695063638098
censor,"(25, 35]",34.83974358974359,-0.874353340603256,-0.0927562609241676,0.0459886210323363
censor,"(35, 50]",42.868589743589745,-1.4603861148719823,-0.0919379525637814,-0.07270041446235405
censor,"(50, 80]",63.311965811965806,-3.3122770177380705,-0.10693861872053816,-0.13914424993465965
drop,"(0, 5]",4.519230769230765,-0.027820036424248448,-0.054953888205553955,-0.011244090961307851
drop,"(5, 10]",9.198717948717949,-0.0427914372413814,-0.095525960939353,0.0243233244681419
drop,"(10, 15]",12.195512820512814,-0.13364375534905004,-0.1417266868922373,0.003854108916670748
drop,"(15, 20]",15.25641025641025,-0.1270892233049391,-0.1893390554924745,-0.0215814078284378
drop,"(20, 25]",22.524038461538456,-0.12015599334561058,-0.2495015568806666,0.07486043568337974
drop,"(25, 35]",34.83974358974359,0.0521987329642228,-0.3916407762281277,0.2565833120892141
drop,"(35, 50]",42.868589743589745,-0.11885712459074159,-0.43423216940129045,0.13239281717506957
drop,"(50, 80]",63.311965811965806,-0.011765573965675097,-0.6140423453477285,0.1765975435999991
