kind,scheme,tag,group_id,rep,level,deadline,realized_omission,n_subjects,n_trials,v_self_true,v_self_est,v_self_lo,v_self_hi,v_self_bias,v_self_covered,v_stranger_true,v_stranger_est,v_stranger_lo,v_stranger_hi,v_stranger_bias,v_stranger_covered,a_true,a_est,a_lo,a_hi,a_bias,a_covered,t_true,t_est,t_lo,t_hi,t_bias,t_covered,z_true,z_est,z_lo,z_hi,z_bias,z_covered,SPE_v_true,SPE_v_est,SPE_v_lo,SPE_v_hi,SPE_v_bias,SPE_v_covered
condition,censor,cond1_rep1_censor,1,1,,0.33,0.9954545454545455,11,2860,-3.3853675107140777,-5.849016082887208,-11.795729240034651,0.0906691029254984,-2.4636485721731303,1,-3.3624685768355094,-5.8951563495553305,-12.03046897883308,0.0346236547865146,-2.532687772719821,1,2.0149417461389394,1.9441954542571085,1.069885167218559,3.130787728886899,-0.0707462918818309,1,0.2634118122343621,0.2966764254192686,0.2535902059997532,0.3483817127860112,0.03326461318490648,1,0.748861426687101,0.98346444350864,0.9383414835639862,0.9989280889142068,0.23460301682153906,0,-0.02289893387856834,0.04614026666812254,-11.830352894821166,12.121138081758577,0.06903920054669088,1
condition,drop,cond1_rep1_drop,1,1,,0.33,0.9954545454545455,11,13,-3.3853675107140777,5.519491773086411,1.3617421518189543,9.240065704216546,8.904859283800489,0,-3.3624685768355094,6.482035861728155,1.958871761148976,11.290159773832682,9.844504438563664,0,2.0149417461389394,1.0765004011428525,0.3388020902712969,3.980896466124987,-0.9384413449960869,1,0.2634118122343621,0.2815117571911814,0.1648312412522188,0.4323672209209675,0.01809994495681927,1,0.748861426687101,0.565446761039236,0.4473404615449379,0.6969359403409905,-0.18341466564786502,0,-0.02289893387856834,-0.962544088641744,-9.928417622013729,7.28119394306757,-0.9396451547631757,1
condition,censor,cond1_rep2_censor,1,2,,0.33,0.9975524475524475,11,2860,-3.3853675107140777,-4.708201832246609,-10.649439125688009,1.2035735508637808,-1.3228343215325316,1,-3.3624685768355094,-4.766595697603487,-10.697008529693196,1.4126283913526398,-1.4041271207679773,1,2.0149417461389394,1.428807586521165,0.7913194601139972,2.3710961785189943,-0.5861341596177745,1,0.2634118122343621,0.3113308047878393,0.2764549821470236,0.3345828263524941,0.0479189925534772,0,0.748861426687101,0.7446945708341387,0.3743736476158239,0.9800264889604378,-0.004166855852962281,1,-0.02289893387856834,0.058393865356877406,-12.06206751704065,11.900582080556976,0.08129279923544575,1
condition,drop,cond1_rep2_drop,1,2,,0.33,0.9975524475524475,11,7,-3.3853675107140777,5.412921240418125,1.214772015746497,9.553157664203049,8.798288751132203,0,-3.3624685768355094,4.293288359711996,-0.7668711914660243,8.633629880185602,7.655756936547505,0,2.0149417461389394,0.9677554900533046,0.4295345199423799,1.8422502445893365,-1.0471862560856349,0,0.2634118122343621,0.2781711209683017,0.227298630015253,0.3228262004774176,0.014759308733939602,1,0.748861426687101,0.6037530740101849,0.4895324310698595,0.7127319361243718,-0.14510835267691613,0,-0.02289893387856834,1.1196328807061295,-7.418857864439104,10.320028855669072,1.1425318145846979,1
condition,censor,cond1_rep3_censor,1,3,,0.33,0.9947552447552448,11,2860,-3.3853675107140777,-6.168934805865702,-11.905056218295451,-0.4979971234608609,-2.7835672951516246,1,-3.3624685768355094,-6.142358146620992,-11.8941012176653,-0.4525588064896721,-2.779889569785483,1,2.0149417461389394,4.207396523021177,2.606908472583796,6.106062283914795,2.1924547768822373,0,0.2634118122343621,0.2843600926670038,0.2468000868416635,0.3172876104209899,0.020948280432641686,1,0.748861426687101,0.9928550898332336,0.966412785976213,0.999760237461471,0.24399366314613258,0,-0.02289893387856834,-0.026576659244709866,-11.45249741180578,11.39610409420444,-0.0036777253661415266,1
condition,drop,cond1_rep3_drop,1,3,,0.33,0.9947552447552448,11,15,-3.3853675107140777,5.004455829724023,0.9341797135857736,9.435448496193942,8.3898233404381,0,-3.3624685768355094,6.605664233126372,2.91089709850872,10.77800186271275,9.968132809961881,0,2.0149417461389394,0.6567361749333979,0.3456748754935675,1.1006128805948343,-1.3582055712055414,0,0.2634118122343621,0.2750915744515149,0.2515111428289044,0.2860562994947549,0.011679762217152778,1,0.748861426687101,0.6004282946017901,0.5137612009254525,0.7180390517977898,-0.14843313208531084,0,-0.02289893387856834,-1.6012084034023495,-9.843822149126977,6.524551397685222,-1.5783094695237812,1
condition,censor,cond2_rep1_censor,2,1,,0.63,0.5089743589743589,12,3120,-2.5309410341081247,-6.167383789588183,-6.351198750555176,-5.993302019424111,-3.6364427554800587,0,-2.6198594305648983,-6.122096549725748,-6.308014716456516,-5.981790388687927,-3.5022371191608492,0,1.1804457894582934,1.407553347508732,1.364535510048298,1.4608245137193414,0.2271075580504387,0,0.4360766407306164,0.4254887009799145,0.4207280514488942,0.4299172821799843,-0.010587939750701936,0,0.5532016234247578,0.7727357400324274,0.7577889235364462,0.7867000190297841,0.21953411660766964,0,0.08891839645677369,-0.04528723986243577,-0.369408361867249,0.31471269703240523,-0.13420563631920945,1
condition,drop,cond2_rep1_drop,2,1,,0.63,0.5089743589743589,12,1532,-2.5309410341081247,-5.237861511027652,-5.558518551359336,-4.840285778746567,-2.706920476919527,0,-2.6198594305648983,-5.167637690977745,-5.424183592025407,-4.803920007122929,-2.547778260412847,0,1.1804457894582934,0.8983826309633507,0.8540756264546365,0.9389420748900376,-0.2820631584949427,0,0.4360766407306164,0.4526417664678567,0.4480479884416533,0.4567855767437525,0.016565125737240283,0,0.5532016234247578,0.6749609987308748,0.6439268772506582,0.6944924473334547,0.12175937530611702,0,0.08891839645677369,-0.07022382004990657,-0.7545985442364076,0.5838978132788393,-0.15914221650668026,1
condition,censor,cond2_rep2_censor,2,2,,0.63,0.5048076923076923,12,3120,-2.5309410341081247,-6.341858669312822,-6.581433295023105,-6.114968271606733,-3.8109176352046976,0,-2.6198594305648983,-6.248967150958574,-6.517139625013388,-6.060595484638228,-3.6291077203936757,0,1.1804457894582934,1.4342382865660446,1.3763399231501772,1.5002773274153978,0.2537924971077512,0,0.4360766407306164,0.4247455962608029,0.4195530941003221,0.429662575314557,-0.011331044469813534,0,0.5532016234247578,0.7769687484800327,0.7613930917262209,0.7934306512079844,0.22376712505527496,0,0.08891839645677369,-0.09289151835424825,-0.5208378103848768,0.4021713534066551,-0.18180991481102193,1
condition,drop,cond2_rep2_drop,2,2,,0.63,0.5048076923076923,12,1545,-2.5309410341081247,-5.625754279791111,-7.811441236539261,-5.103239385000126,-3.094813245682986,0,-2.6198594305648983,-5.525451312883053,-7.830724588351693,-4.989159598728235,-2.905591882318155,0,1.1804457894582934,1.0465553144513542,0.8945255955163504,2.220517830789382,-0.13389047500693918,1,0.4360766407306164,0.4464435682826287,0.3978513750491695,0.4547281687456119,0.010366927552012295,1,0.5532016234247578,0.6822979125787986,0.6558975042888473,0.716969794040126,0.1290962891540408,0,0.08891839645677369,-0.10030296690805773,-2.8222816378110265,2.7274852033515664,-0.18922136336483142,1
condition,censor,cond2_rep3_censor,2,3,,0.63,0.5006410256410256,12,3120,-2.5309410341081247,-6.061434387747426,-6.332064458261725,-5.857246802752523,-3.5304933536393017,0,-2.6198594305648983,-6.07434215542725,-6.347170578621546,-5.8455716824978445,-3.454482724862352,0,1.1804457894582934,1.369120499754708,1.3285850449704633,1.4294577658687968,0.18867471029641458,0,0.4360766407306164,0.4288886498237119,0.4246881902038977,0.43308776370516,-0.007187990906904529,0,0.5532016234247578,0.7682733986410243,0.7532718167739153,0.7817869321547869,0.21507177521626653,0,0.08891839645677369,0.012907767679823934,-0.48649277576388084,0.48992377586902336,-0.07601062877694975,1
condition,drop,cond2_rep3_drop,2,3,,0.63,0.5006410256410256,12,1558,-2.5309410341081247,-5.207391720460401,-5.535368459292945,-4.915094794370831,-2.6764506863522763,0,-2.6198594305648983,-5.147374334682044,-5.453146570365043,-4.840606539306047,-2.5275149041171456,0,1.1804457894582934,0.8846728761011438,0.8562984488147312,0.9158085306996672,-0.2957729133571496,0,0.4360766407306164,0.4543545973241819,0.4510791450237012,0.4577145845686086,0.01827795659356546,0,0.5532016234247578,0.6798820908868037,0.6614351105944181,0.7010008028310245,0.12668046746204598,0,0.08891839645677369,-0.060017385778357024,-0.694761919986898,0.5380517759942114,-0.1489357822351307,1
condition,censor,cond3_rep1_censor,3,1,,0.63,0.30115384615384616,10,2600,-1.1300136917319088,-1.957263090452704,-2.09727730552417,-1.8254108820065456,-0.8272493987207952,0,-1.1316532851294694,-2.08624803455345,-2.2298953577718703,-1.9443712951217744,-0.9545947494239808,0,1.2396478692646984,1.2275328961556402,1.1991952840699605,1.2596598010580076,-0.01211497310905818,1,0.1918330332153063,0.2040163897260085,0.1993328646653173,0.209070039964313,0.012183356510702209,0,0.6055827354773483,0.670139716137032,0.6571544469458243,0.6844864093983533,0.06455698065968374,0,0.0016395933975605903,0.12898494410074623,-0.1529060104023956,0.40448447576532476,0.12734535070318564,1
condition,drop,cond3_rep1_drop,3,1,,0.63,0.30115384615384616,10,1817,-1.1300136917319088,-1.5260424922924127,-1.7303936899073369,-1.3184485352089983,-0.39602880056050394,0,-1.1316532851294694,-1.7208841255916083,-1.9357658801600224,-1.5170673425962171,-0.5892308404621389,0,1.2396478692646984,0.9805014275776284,0.952440710120854,1.0057803599726445,-0.25914644168707,0,0.1918330332153063,0.2163768946667298,0.2116782389771238,0.2209821447432132,0.02454386145142351,0,0.6055827354773483,0.636231165765152,0.6195901288631515,0.650151111637685,0.03064843028780373,0,0.0016395933975605903,0.19484163329919557,-0.21332634731111977,0.6173173449510241,0.19320203990163498,1
condition,censor,cond3_rep2_censor,3,2,,0.63,0.3046153846153846,10,2600,-1.1300136917319088,-1.9694051095604208,-2.0972114009861,-1.848819292216832,-0.839391417828512,0,-1.1316532851294694,-2.0536052319919142,-2.1905726142598456,-1.9199981300021265,-0.9219519468624449,0,1.2396478692646984,1.2270544285767309,1.199862433221289,1.2555851251257686,-0.012593440687967528,1,0.1918330332153063,0.2048010071449492,0.1995014887119691,0.2106323027329414,0.012967973929642912,0,0.6055827354773483,0.6793656034107386,0.6664112593284962,0.6910253144911139,0.07378286793339028,0,0.0016395933975605903,0.08420012243149344,-0.17721327098397355,0.34175332204301356,0.08256052903393285,1
condition,drop,cond3_rep2_drop,3,2,,0.63,0.3046153846153846,10,1808,-1.1300136917319088,-1.520964881584003,-1.7054194906997653,-1.334889095469324,-0.3909511898520941,0,-1.1316532851294694,-1.647642813028254,-1.825456261478557,-1.470422651672742,-0.5159895278987847,0,1.2396478692646984,0.9734839637980376,0.9520869631534672,0.997309829305733,-0.2661639054666608,0,0.1918330332153063,0.2179636173256314,0.2128133610838863,0.223038150617816,0.026130584110325122,0,0.6055827354773483,0.6457309973284968,0.6276371177834837,0.6613506569302386,0.0401482618511485,0,0.0016395933975605903,0.1266779314442512,-0.23499683902702317,0.490567166009233,0.12503833804669062,1
condition,censor,cond3_rep3_censor,3,3,,0.63,0.3007692307692308,10,2600,-1.1300136917319088,-2.04495884628371,-2.1635615769214525,-1.9068861001004025,-0.9149451545518013,0,-1.1316532851294694,-2.07993166614966,-2.21741969933484,-1.9427258097131368,-0.9482783810201907,0,1.2396478692646984,1.2436216772598154,1.218362570750634,1.2737655138655086,0.00397380799511704,1,0.1918330332153063,0.2025020963919803,0.1980209802618282,0.2069649637357675,0.010669063176674015,0,0.6055827354773483,0.6768286150271746,0.6650016665505531,0.6890109465348875,0.07124587954982631,0,0.0016395933975605903,0.03497281986595002,-0.22083576720831566,0.31053359923443735,0.03333322646838943,1
condition,drop,cond3_rep3_drop,3,3,,0.63,0.3007692307692308,10,1818,-1.1300136917319088,-1.624268191835472,-1.8219524028688097,-1.4075722844744425,-0.4942545001035632,0,-1.1316532851294694,-1.688605488456864,-1.902039468818452,-1.479561587609223,-0.5569522033273946,0,1.2396478692646984,1.0128266071436751,0.9845736661492536,1.04108464467356,-0.22682126212102327,0,0.1918330332153063,0.2107288243289034,0.2055751658890682,0.2163008062648328,0.018895791113597127,0,0.6055827354773483,0.6434288125713535,0.62726461502683,0.659894368064931,0.037846077094005226,0,0.0016395933975605903,0.06433729662139198,-0.3423908152595867,0.4944671843440096,0.06269770322383139,1
condition,censor,cond4_rep1_censor,4,1,,0.68,0.37622377622377623,11,2860,0.0186129902971752,-1.244808796552075,-1.3646127218269222,-1.1086222446356977,-1.2634217868492503,0,-0.5942981598247105,-1.786807171338615,-1.915033972711316,-1.6784275115897245,-1.1925090115139048,0,1.2400463804961754,1.155125972118273,1.131338174955378,1.1815647123598505,-0.08492040837790249,0,0.2733288928083321,0.2896431801765871,0.2860492295934793,0.2934556703256889,0.016314287368254965,0,0.5642322443012836,0.6589210647271362,0.6466488795221929,0.6718774376723768,0.09468882042585258,0,0.6129111501218857,0.54199837478654,0.3138147897628023,0.8064117280756182,-0.07091277533534568,1
condition,drop,cond4_rep1_drop,4,1,,0.68,0.37622377622377623,11,1784,0.0186129902971752,0.1352357938727568,-0.0426908505552782,0.3031445589531524,0.11662280357558161,1,-0.5942981598247105,-0.8788582280962419,-1.007268189016299,-0.6788748235581881,-0.28456006827153146,0,1.2400463804961754,0.8869901207558957,0.866595862846064,0.9064542749393798,-0.35305625974027977,0,0.2733288928083321,0.2989184650964219,0.2960953471621468,0.3024612619681477,0.02558957228808978,0,0.5642322443012836,0.5707796186478983,0.5576378612335817,0.585010752016153,0.006547374346614676,1,0.6129111501218857,1.0140940219689987,0.6361839730029099,1.3104127479694516,0.401182871847113,0
condition,censor,cond4_rep2_censor,4,2,,0.68,0.3814685314685315,11,2860,0.0186129902971752,-1.1824882907447478,-1.3072504521799664,-1.0506978698806595,-1.201101281041923,0,-0.5942981598247105,-1.758464577530112,-1.8919214358200849,-1.6316653031854569,-1.1641664177054016,0,1.2400463804961754,1.1533283836836694,1.123524349771561,1.176997047398325,-0.08671799681250603,0,0.2733288928083321,0.2930101607346601,0.2883510425743399,0.2978574368610039,0.01968126792632796,0,0.5642322443012836,0.6510357089728439,0.6396775681145028,0.6646453552905212,0.0868034646715603,0,0.6129111501218857,0.5759762867853642,0.3244148510054905,0.8412235659394254,-0.03693486333652152,1
condition,drop,cond4_rep2_drop,4,2,,0.68,0.3814685314685315,11,1769,0.0186129902971752,0.2533522593450755,0.0071541050746977,0.4116729534755414,0.2347392690479003,1,-0.5942981598247105,-0.8358962452344108,-0.9604005181847596,-0.6225376654509138,-0.2415980854097003,0,1.2400463804961754,0.9016228115580398,0.8798016729321066,0.9225353841311988,-0.33842356893813563,0,0.2733288928083321,0.2994782921220323,0.2948965995815178,0.3038377091064427,0.026149399313700195,0,0.5642322443012836,0.5583737460111566,0.5413350152838633,0.5745998169030858,-0.005858498290126968,1,0.6129111501218857,1.0892485045794862,0.6296917705256115,1.372073471660301,0.4763373544576005,0
condition,censor,cond4_rep3_censor,4,3,,0.68,0.3685314685314685,11,2860,0.0186129902971752,-1.1839743956019315,-1.3030738711739005,-1.0524398261414116,-1.2025873858991067,0,-0.5942981598247105,-1.7571971056657572,-1.877176894830569,-1.6299635822823844,-1.1628989458410466,0,1.2400463804961754,1.1596103435876863,1.1392099153406283,1.179712723004738,-0.0804360369084891,0,0.2733288928083321,0.2910364604155382,0.2882166968443737,0.2945065447010921,0.0177075676072061,0,0.5642322443012836,0.6679777368961811,0.6545131581568905,0.6825647325843192,0.10374549259489751,0,0.6129111501218857,0.5732227100638256,0.32688971110848386,0.8247370686891573,-0.03968844005806005,1
condition,drop,cond4_rep3_drop,4,3,,0.68,0.3685314685314685,11,1806,0.0186129902971752,0.2119754845225809,-0.0032449270538179,0.4122775812405194,0.1933624942254057,1,-0.5942981598247105,-0.74951861560982,-0.9542544293494696,-0.5603119428234806,-0.15522045578510957,1,1.2400463804961754,0.8966533950630122,0.8748831766224895,0.92169615902385,-0.3433929854331632,0,0.2733288928083321,0.3004517343248162,0.2952041267185971,0.305317548644808,0.027122841516484086,0,0.5642322443012836,0.5767606878831292,0.5594965727951926,0.5973161241359253,0.012528443581845572,1,0.6129111501218857,0.9614941001324009,0.5570670157696628,1.366532010589989,0.3485829500105152,1
condition,censor,cond5_rep1_censor,5,1,,1.2,0.15489510489510488,11,2860,1.2419203930517284,0.7259423996548374,0.6280626560524731,0.8267932164622179,-0.515977993396891,0,0.6221938142818892,0.075471094974308,-0.0340184505779806,0.1592971324790135,-0.5467227193075812,0,1.4799502649453744,1.3763576242083582,1.347802362369869,1.4030667350645696,-0.10359264073701624,0,0.3086238592377424,0.3242463999262309,0.3183043812479219,0.3305471404587793,0.015622540688488507,0,0.4388140341894389,0.4901253514263435,0.4750579916150819,0.5043889335178043,0.05131131723690463,0,0.6197265787698392,0.6504713046805294,0.46876552357345963,0.8608116670401985,0.030744725910690218,1
condition,drop,cond5_rep1_drop,5,1,,1.2,0.15489510489510488,11,2417,1.2419203930517284,1.4421073573182124,1.3388571837600132,1.5535235407097767,0.20018696426648397,0,0.6221938142818892,0.7904822859801302,0.6564010217648547,0.9069827395782796,0.1682884716982409,0,1.4799502649453744,1.298146361289608,1.2710120415444204,1.326989753225391,-0.18180390365576637,0,0.3086238592377424,0.3292605588269892,0.3243045119038563,0.3346636866519387,0.0206366995892468,0,0.4388140341894389,0.4155057835285639,0.4005213577211068,0.4313766950863028,-0.023308250660874996,0,0.6197265787698392,0.6516250713380822,0.4318744441817336,0.897122518944922,0.031898492568243064,1
condition,censor,cond5_rep2_censor,5,2,,1.2,0.1451048951048951,11,2860,1.2419203930517284,0.687473707709677,0.5882791779560337,0.782657218970626,-0.5544466853420514,0,0.6221938142818892,0.1498106395524916,0.0585461639361776,0.237000046843154,-0.4723831747293976,0,1.4799502649453744,1.3556745714335066,1.325981887891374,1.383416220847727,-0.12427569351186785,0,0.3086238592377424,0.3299705756818535,0.3216100718381687,0.3386881750409802,0.021346716444111125,0,0.4388140341894389,0.4889324604770741,0.4751603645097497,0.5036096047870077,0.05011842628763524,0,0.6197265787698392,0.5376630681571853,0.3512791311128797,0.7241110550344484,-0.08206351061265382,1
condition,drop,cond5_rep2_drop,5,2,,1.2,0.1451048951048951,11,2445,1.2419203930517284,1.4483445097506171,1.3088908787905895,1.5813803695330362,0.20642411669888872,0,0.6221938142818892,0.8093528254299457,0.7016417574243612,0.9388475555627082,0.18715901114805644,0,1.4799502649453744,1.2704371002484878,1.2361976135240371,1.304953457030493,-0.20951316469688663,0,0.3086238592377424,0.3380595410598894,0.3295808973739116,0.3471645707859241,0.02943568182214701,0,0.4388140341894389,0.4156754964107109,0.3952919775164248,0.4337638539238426,-0.023138537778727986,0,0.6197265787698392,0.6389916843206714,0.37004332322788136,0.879738612108675,0.019265105550832273,1
condition,censor,cond5_rep3_censor,5,3,,1.2,0.13426573426573427,11,2860,1.2419203930517284,0.7577135895720368,0.6656114450566908,0.8430416440891703,-0.4842068034796916,0,0.6221938142818892,0.1763255039130841,0.0874833476382181,0.2875790122255595,-0.44586831036880514,0,1.4799502649453744,1.375113294054234,1.3492270192249622,1.4021849582079515,-0.1048369708911403,0,0.3086238592377424,0.3248648173308496,0.3193901357013786,0.3306865054069891,0.016240958093107216,0,0.4388140341894389,0.4848819259652389,0.4711160833559423,0.4979530749607578,0.04606789177580001,0,0.6197265787698392,0.5813880856589527,0.3780324328311313,0.7555582964509522,-0.03833849311088644,1
condition,drop,cond5_rep3_drop,5,3,,1.2,0.13426573426573427,11,2476,1.2419203930517284,1.4309412697411137,1.3187582749518405,1.5369956627024628,0.18902087668938528,0,0.6221938142818892,0.7707478044353082,0.6580798382004932,0.8824449928147654,0.14855399015341897,0,1.4799502649453744,1.309232072161182,1.279526438428967,1.3418726143153972,-0.1707181927841923,0,0.3086238592377424,0.3303621196820393,0.3244467746097871,0.3361700219512081,0.021738260444296942,0,0.4388140341894389,0.4218871505465998,0.4072449633480914,0.4352143902109617,-0.016926883642839063,0,0.6197265787698392,0.6601934653058055,0.4363132821370751,0.8789158245019696,0.04046688653596631,1
condition,censor,cond6_rep1_censor,6,1,,2.0,0.02,10,2600,1.1378445569950153,1.067862372111254,0.9643589294155565,1.1900994682317203,-0.0699821848837614,1,0.9457430732793376,0.83982317671909,0.7354103061212627,0.9641946356150748,-0.10591989656024758,1,1.3883543935008211,1.4416628090563446,1.3986941559738606,1.4817340812686033,0.05330841555552346,0,0.6562297580965641,0.6591931299488681,0.6560857528563094,0.6622597658186196,0.0029633718523039976,1,0.6680163711393668,0.6786681210478817,0.6619744948205497,0.6910566760626945,0.010651749908514807,1,0.1921014837156777,0.22803919539216388,0.00016429380048166298,0.4546891621104576,0.035937711676486184,1
condition,drop,cond6_rep1_drop,6,1,,2.0,0.02,10,2548,1.1378445569950153,1.3494988489033366,1.2234906557931262,1.500955893068905,0.2116542919083213,0,0.9457430732793376,1.1238795784643407,0.9968054844787426,1.2553627562541678,0.17813650518500312,0,1.3883543935008211,1.404824839185044,1.3679877031081067,1.4393762568649735,0.016470445684222845,1,0.6562297580965641,0.6569515360668255,0.6527074156666317,0.6605383439670843,0.0007217779702614058,1,0.6680163711393668,0.6526757630110779,0.633550997102819,0.6689545727701921,-0.015340608128288968,1,0.1921014837156777,0.22561927043899588,-0.03187210046104161,0.5041504085901625,0.03351778672331818,1
condition,censor,cond6_rep2_censor,6,2,,2.0,0.021923076923076924,10,2600,1.1378445569950153,1.0120010497909322,0.8802324033474841,1.1449537892896502,-0.1258435072040831,1,0.9457430732793376,0.9027189303361218,0.777832222698879,1.0251761569184896,-0.04302414294321577,1,1.3883543935008211,1.4236511026409495,1.3883985873275295,1.4554157526106433,0.03529670914012839,0,0.6562297580965641,0.6579123641610668,0.6547816218124998,0.6611356464738822,0.0016826060645026564,1,0.6680163711393668,0.6601142470884593,0.6467476886185735,0.671364945545369,-0.00790212405090751,1,0.1921014837156777,0.10928211945481037,-0.14494375357100553,0.3671215665907712,-0.08281936426086733,1
condition,drop,cond6_rep2_drop,6,2,,2.0,0.021923076923076924,10,2543,1.1378445569950153,1.3191145068536487,1.1830286827158325,1.425698499929117,0.18126994985863343,0,0.9457430732793376,1.1671633289498582,1.0172674097920604,1.295010090696513,0.2214202556705206,0,1.3883543935008211,1.383290947795086,1.3506204748390889,1.4201303018923843,-0.005063445705735026,1,0.6562297580965641,0.6562005744693892,0.6516258429218995,0.6605951018082624,-2.918362717496681e-05,1,0.6680163711393668,0.6329346051955472,0.6151572224338784,0.6497214284106887,-0.03508176594381962,0,0.1921014837156777,0.15195117790379054,-0.11198140798068046,0.4084310901370565,-0.040150305811887166,1
condition,censor,cond6_rep3_censor,6,3,,2.0,0.015384615384615385,10,2600,1.1378445569950153,1.1051322624595148,0.990073327332607,1.2058352386228088,-0.03271229453550051,1,0.9457430732793376,0.9004293960873762,0.8015915706471061,0.9991255116346974,-0.04531367719196144,1,1.3883543935008211,1.421419959133971,1.385650557055172,1.4606291313040458,0.033065565633149774,1,0.6562297580965641,0.657004074439651,0.6532571024519875,0.660781715884712,0.0007743163430868893,1,0.6680163711393668,0.6602548237446794,0.6465618151024572,0.6747668258464405,-0.007761547394687485,1,0.1921014837156777,0.20470286637213864,-0.009052184302090427,0.40424366797570277,0.012601382656460935,1
condition,drop,cond6_rep3_drop,6,3,,2.0,0.015384615384615385,10,2560,1.1378445569950153,1.3120571040318092,1.1881836377865942,1.4192969828184057,0.1742125470367939,0,0.9457430732793376,1.1378743477458513,1.0160336585628569,1.2652217441248903,0.19213127446651368,0,1.3883543935008211,1.3951563382149907,1.3607617388080857,1.429154840326603,0.0068019447141696165,1,0.6562297580965641,0.6550977299446132,0.6514036120436566,0.6589194643224897,-0.0011320281519509034,1,0.6680163711393668,0.6404451644220907,0.6239581711543823,0.6544552956532191,-0.027571206717276198,0,0.1921014837156777,0.17418275628595792,-0.07703810633829611,0.4032633242555488,-0.017918727429719783,1
condition,censor,cond7_rep1_censor,7,1,,0.83,0.25416666666666665,12,3120,1.3066971520518604,0.298010252839724,0.1932347892475363,0.4051805394284513,-1.0086868992121365,0,0.9414874930610794,0.0390050326850072,-0.0848782999678815,0.1403661451752088,-0.9024824603760722,0,1.2671376715497535,1.1227847782507885,1.1030039108727354,1.140560327161777,-0.14435289329896506,0,0.3244961166647506,0.341979767556116,0.3365966484911103,0.347304259625055,0.017483650891365388,0,0.4382949325842233,0.519560419644287,0.5064572136061238,0.5324089141085084,0.0812654870600637,0,0.36520965899078106,0.2590052201547168,0.0528686440723275,0.49005883939633277,-0.10620443883606429,1
condition,drop,cond7_rep1_drop,7,1,,0.83,0.25416666666666665,12,2327,1.3066971520518604,1.7818529980033588,1.609738394839844,1.951069322417742,0.4751558459514984,0,0.9414874930610794,1.4668992138320358,1.2938223920548786,1.6484736889202236,0.5254117207709564,0,1.2671376715497535,1.0503806832955125,1.029212721132842,1.0718218156135553,-0.21675698825424106,0,0.3244961166647506,0.3452018065862466,0.3398993000917584,0.3508942912797502,0.020705689921496018,0,0.4382949325842233,0.4017491214693761,0.3858813982173493,0.415780958980273,-0.036545811114847226,0,0.36520965899078106,0.314953784171323,-0.03873529408037957,0.6572469303628634,-0.050255874819458035,1
condition,censor,cond7_rep2_censor,7,2,,0.83,0.2564102564102564,12,3120,1.3066971520518604,0.3758119062617094,0.2526264375821799,0.5044438475721587,-0.9308852457901511,0,0.9414874930610794,0.045269148727124,-0.0748019642867236,0.1768942139492121,-0.8962183443339554,0,1.2671376715497535,1.121132560620116,1.1027071743736845,1.139459384090483,-0.14600511092963764,0,0.3244961166647506,0.3421050813676327,0.3380980287189507,0.3463570964070007,0.01760896470288209,0,0.4382949325842233,0.5081078122525275,0.494733776560512,0.5226854946051629,0.06981287966830424,0,0.36520965899078106,0.3305427575345854,0.0757322236329678,0.5792458118588822,-0.034666901456195665,1
condition,drop,cond7_rep2_drop,7,2,,0.83,0.2564102564102564,12,2320,1.3066971520518604,1.8692416700482828,1.6950502517736927,2.0408424179235185,0.5625445179964224,0,0.9414874930610794,1.510330551548126,1.3373398501185016,1.6688452183490798,0.5688430584870466,0,1.2671376715497535,1.03678401742078,1.0116311604257096,1.059958613728445,-0.23035365412897346,0,0.3244961166647506,0.3499445104392898,0.3443016502038431,0.3570684110992234,0.025448393774539224,0,0.4382949325842233,0.3937970467705332,0.3779461123391635,0.4084087766683788,-0.04449788581369013,0,0.36520965899078106,0.3589111185001568,0.02620503342461289,0.7035025678050169,-0.0062985404906242826,1
condition,censor,cond7_rep3_censor,7,3,,0.83,0.2423076923076923,12,3120,1.3066971520518604,0.3501332254578709,0.2224736692331767,0.4602755774982871,-0.9565639265939896,0,0.9414874930610794,-0.0194453009935592,-0.1307338905505846,0.083764392303001,-0.9609327940546386,0,1.2671376715497535,1.1110775407207731,1.095851463091995,1.1321431584546424,-0.1560601308289804,0,0.3244961166647506,0.3433213774762229,0.340421174417579,0.3466981088264594,0.01882526081147229,0,0.4382949325842233,0.5234612321387014,0.5098032667650567,0.5348091079917097,0.08516629955447813,0,0.36520965899078106,0.3695785264514301,0.1387092769301757,0.5910094680488718,0.004368867460649017,1
condition,drop,cond7_rep3_drop,7,3,,0.83,0.2423076923076923,12,2364,1.3066971520518604,1.801275593991356,1.6485991790685048,1.9720732416911055,0.4945784419394956,0,0.9414874930610794,1.2662419149439588,1.109632512379605,1.4198621137420608,0.3247544218828794,0,1.2671376715497535,1.0356822958482903,1.0145652570249166,1.056146364445727,-0.23145537570146324,0,0.3244961166647506,0.3465678090944933,0.344303924028529,0.3493303150889709,0.022071692429742718,0,0.4382949325842233,0.4110998836132427,0.3960899970619089,0.4237999625649981,-0.02719504897098063,0,0.36520965899078106,0.5350336790473973,0.228737065326444,0.8624407293115006,0.16982402005661623,1
condition,censor,cond8_rep1_censor,8,1,,0.88,0.2153846153846154,11,2860,1.313405474055205,0.5749256966330395,0.4617185313014755,0.6904507665510666,-0.7384797774221655,0,1.0086870033800326,0.2156143817469188,0.0976689975894724,0.3317632189492149,-0.7930726216331138,0,1.3006601487961418,1.1430601705598922,1.1245169621293936,1.1617872910542133,-0.1575999782362496,0,0.3341473061761785,0.3540301080426683,0.3507748544596655,0.3578892087073352,0.01988280186648983,0,0.4399213214668627,0.4992874487272595,0.484832270995729,0.5134419797368063,0.059366127260396806,0,0.30471847067517244,0.35931131488612067,0.1299553123522606,0.5927817689615942,0.05459284421094823,1
condition,drop,cond8_rep1_drop,8,1,,0.88,0.2153846153846154,11,2244,1.313405474055205,1.8672989746937336,1.697274926360913,2.033986803629614,0.5538935006385286,0,1.0086870033800326,1.497434208406611,1.3323555203408135,1.6363975592012343,0.4887472050265784,0,1.3006601487961418,1.1025433636544777,1.073594467255023,1.1293714068461624,-0.1981167851416641,0,0.3341473061761785,0.3558739528936674,0.3522603324362647,0.359484527038946,0.021726646717488918,0,0.4399213214668627,0.3940800865494638,0.3785863553126842,0.4101123636904873,-0.04584123491739889,0,0.30471847067517244,0.3698647662871226,0.06087736715967873,0.7016312832888005,0.06514629561195018,1
condition,censor,cond8_rep2_censor,8,2,,0.88,0.23496503496503496,11,2860,1.313405474055205,0.3559926886920518,0.2528690619973794,0.457388892089222,-0.9574127853631532,0,1.0086870033800326,0.1758268775428447,0.0682500419142393,0.2670370735047079,-0.8328601258371879,0,1.3006601487961418,1.1634420855175474,1.138708215515694,1.186878118752043,-0.13721806327859443,0,0.3341473061761785,0.351553059408932,0.3472016905849726,0.3562576471915099,0.017405753232753507,0,0.4399213214668627,0.5236035440282121,0.5111171260105257,0.5343738420555181,0.08368222256134938,0,0.30471847067517244,0.1801658111492071,-0.014168011507328493,0.38913885017498273,-0.12455265952596534,1
condition,drop,cond8_rep2_drop,8,2,,0.88,0.23496503496503496,11,2188,1.313405474055205,1.701722534116158,1.5137091146473909,1.8563402874211503,0.3883170600609529,0,1.0086870033800326,1.514786613046616,1.3564023765796172,1.6650193227699477,0.5060996096665835,0,1.3006601487961418,1.095121107771299,1.0671293469708407,1.121276774646576,-0.20553904102484277,0,0.3341473061761785,0.3549672875645978,0.3506661860333915,0.3600187131040982,0.020819981388419284,0,0.4399213214668627,0.4139197880523217,0.3936952629919396,0.4327096139985648,-0.026001533414540978,0,0.30471847067517244,0.18693592106954182,-0.1513102081225568,0.49993791084153316,-0.11778254960563062,1
condition,censor,cond8_rep3_censor,8,3,,0.88,0.22202797202797203,11,2860,1.313405474055205,0.4047953289215373,0.277510687845939,0.5342232314778844,-0.9086101451336677,0,1.0086870033800326,0.1913944114031488,0.061768908733383,0.3143309405651276,-0.8172925919768838,0,1.3006601487961418,1.140224751843227,1.1232467579970733,1.160350953127291,-0.16043539695291487,0,0.3341473061761785,0.3513248304588841,0.3474454128103321,0.3559787722124793,0.01717752428270558,0,0.4399213214668627,0.5138803634955915,0.499800811146852,0.5280273360316886,0.07395904202872883,0,0.30471847067517244,0.2134009175183885,-0.036820252719188595,0.47245432274450144,-0.09131755315678394,1
condition,drop,cond8_rep3_drop,8,3,,0.88,0.22202797202797203,11,2225,1.313405474055205,1.6876235212451036,1.5235019791642763,1.860271371952804,0.3742180471898986,0,1.0086870033800326,1.4691457193090949,1.3175468467972002,1.6516426820996526,0.4604587159290623,0,1.3006601487961418,1.073286508913403,1.0501702469779215,1.0948784723385676,-0.22737363988273884,0,0.3341473061761785,0.3552583195199785,0.3500766914314024,0.360680848882825,0.0211110133438,0,0.4399213214668627,0.410020912547475,0.3959327411020058,0.4229962385637417,-0.029900408919387667,0,0.30471847067517244,0.21847780193600874,-0.12814070293537627,0.5427245251556037,-0.0862406687391637,1
curve,censor,curve05_rep1_censor,-1,1,0.05,1.730324017122176,0.04326923076923077,12,3120,-0.2534802087628909,-0.3559343510012097,-0.4384097386282071,-0.2713865237792375,-0.10245414223831878,0,-0.5237710085440312,-0.604150860518749,-0.6974153216409925,-0.5058010961176856,-0.08037985197471775,1,1.3888980330187746,1.412351540879944,1.3852596513383857,1.4366083076213942,0.02345350786116951,1,0.34851842739548156,0.353302976040761,0.3483265417325177,0.3574906735789078,0.004784548645279441,1,0.5571155861587977,0.5589012097469693,0.5465382818358294,0.5713797285777205,0.001785623588171581,1,0.27029079978114035,0.24821650951753932,0.06739135748947855,0.426028797861755,-0.022074290263601026,1
curve,drop,curve05_rep1_drop,-1,1,0.05,1.730324017122176,0.04326923076923077,12,2985,-0.2534802087628909,-0.3127812138385873,-0.4004340826896395,-0.2182146920936367,-0.05930100507569641,1,-0.5237710085440312,-0.5856491708522441,-0.68269044495866,-0.4885714310555022,-0.06187816230821286,1,1.3888980330187746,1.3373841601795735,1.3129608004474036,1.3642868371174792,-0.05151387283920106,0,0.34851842739548156,0.3596664803921455,0.3547660425234985,0.3648596116047278,0.011148052996663937,0,0.5571155861587977,0.5558021220850593,0.5450141253675489,0.5682220160981007,-0.0013134640737384462,1,0.27029079978114035,0.2728679570136568,0.08813734836586273,0.46447575286502335,0.002577157232516447,1
curve,censor,curve05_rep2_censor,-1,2,0.05,1.730324017122176,0.047115384615384615,12,3120,-0.2534802087628909,-0.28596307481031,-0.3973373387711878,-0.1773719462238547,-0.03248286604741912,1,-0.5237710085440312,-0.5172321249207898,-0.6085700286121426,-0.4324079463926917,0.006538883623241398,1,1.3888980330187746,1.4129480905971978,1.3868842995447273,1.4380806648282598,0.024050057578423267,1,0.34851842739548156,0.3542141873993659,0.34943478881689,0.3596042116578233,0.0056957600038843315,0,0.5571155861587977,0.5510679641383754,0.5369188255145381,0.563815856911565,-0.006047622020422305,1,0.27029079978114035,0.23126905011047982,0.03507060762150388,0.43119808238828794,-0.03902174967066052,1
curve,drop,curve05_rep2_drop,-1,2,0.05,1.730324017122176,0.047115384615384615,12,2973,-0.2534802087628909,-0.2498192765356913,-0.3554279989299262,-0.1385765921030652,0.003660932227199598,1,-0.5237710085440312,-0.4950447371616995,-0.6128759592991541,-0.3888993729969693,0.028726271382331747,1,1.3888980330187746,1.3305041294468676,1.307370116076528,1.3614096300174428,-0.05839390357190699,0,0.34851842739548156,0.361822133723236,0.3568550227909601,0.3666409296504198,0.013303706327754461,0,0.5571155861587977,0.5493067987620787,0.5362793675030575,0.5614904236087287,-0.007808787396719086,1,0.27029079978114035,0.2452254606260082,0.03347137406704309,0.4742993671960889,-0.02506533915513215,1
curve,censor,curve10_rep1_censor,-1,1,0.1,1.3898726196905025,0.10192307692307692,12,3120,-0.2534802087628909,-0.5545406268775428,-0.6413351463049202,-0.4442617069124063,-0.3010604181146519,0,-0.5237710085440312,-0.7288786178583341,-0.8158239903152499,-0.6484895187848705,-0.20510760931430283,0,1.3888980330187746,1.4013193016703012,1.3668885046646322,1.4339386339443358,0.012421268651526596,1,0.34851842739548156,0.3527892866691889,0.3484437162200811,0.3574731894896866,0.00427085927370735,1,0.5571155861587977,0.5796999626544024,0.5654640176117796,0.5939203601484527,0.02258437649560463,0,0.27029079978114035,0.17433799098079128,0.007154372479950322,0.3715622834028436,-0.09595280880034907,1
curve,drop,curve10_rep1_drop,-1,1,0.1,1.3898726196905025,0.10192307692307692,12,2802,-0.2534802087628909,-0.4184031643772772,-0.5110694197960726,-0.3366556940684937,-0.1649229556143863,0,-0.5237710085440312,-0.6376614237386644,-0.7283300086072829,-0.5327561897286682,-0.11389041519463317,0,1.3888980330187746,1.2727734198782414,1.2473463641702782,1.2994920911778716,-0.11612461314053313,0,0.34851842739548156,0.3630750097355621,0.3584235223495897,0.3678364810093308,0.01455658234008056,0,0.5571155861587977,0.56796313349673,0.5540834208745161,0.5819609416367338,0.01084754733793225,1,0.27029079978114035,0.2192582593613872,0.021686769932595662,0.3916743145387892,-0.051032540419753136,1
curve,censor,curve10_rep2_censor,-1,2,0.1,1.4182435694764752,0.0919871794871795,12,3120,-0.2534802087628909,-0.442920653056972,-0.5265003261957336,-0.3545883843072146,-0.18944044429408108,0,-0.5237710085440312,-0.6853841212154481,-0.7699074424821123,-0.5996147528914192,-0.16161311267141687,0,1.3888980330187746,1.404792647872405,1.381197229912416,1.428845920301936,0.01589461485363053,1,0.34851842739548156,0.3537945679617657,0.3488318329832351,0.3574203672609378,0.005276140566284171,0,0.5571155861587977,0.5744095786847604,0.5604381436932908,0.5868825771066191,0.017293992525962643,0,0.27029079978114035,0.24246346815847614,0.07311442669568557,0.41531905817489767,-0.02782733162266421,1
curve,drop,curve10_rep2_drop,-1,2,0.1,1.4182435694764752,0.0919871794871795,12,2833,-0.2534802087628909,-0.2962716460042723,-0.4067648864649647,-0.1938149930856849,-0.0427914372413814,1,-0.5237710085440312,-0.5908857702535546,-0.6934611040344761,-0.5040105628334581,-0.06711476170952335,1,1.3888980330187746,1.2933720720794215,1.2699156815248474,1.3165100908704372,-0.09552596093935306,0,0.34851842739548156,0.3614919455591216,0.3577613385268542,0.3656583893104823,0.012973518163640063,0,0.5571155861587977,0.5626105022039432,0.5483343262567625,0.5772852642719264,0.005494916045145404,1,0.27029079978114035,0.2946141242492823,0.0972456763684934,0.49964611094879124,0.02432332446814195,1
curve,censor,curve15_rep1_censor,-1,1,0.15,1.2196469209746654,0.15256410256410258,12,3120,-0.2534802087628909,-0.6622406562568208,-0.7570209130447586,-0.5701736215200099,-0.4087604474939299,0,-0.5237710085440312,-0.8241252899771276,-0.9174845702430782,-0.7280926124419765,-0.3003542814330964,0,1.3888980330187746,1.370291532248344,1.3449082170023448,1.3941594116693024,-0.01860650077043058,1,0.34851842739548156,0.3605278355175882,0.3560078791854882,0.364967518314286,0.012009408122106657,0,0.5571155861587977,0.5934354699498449,0.5777501744705017,0.6091524835607448,0.036319883791047114,0,0.27029079978114035,0.16188463372030681,-0.028928300602782064,0.3473109487230682,-0.10840616606083353,1
curve,drop,curve15_rep1_drop,-1,1,0.15,1.2196469209746654,0.15256410256410258,12,2644,-0.2534802087628909,-0.38056943206783,-0.5155183172349712,-0.2694537960734082,-0.1270892233049391,0,-0.5237710085440312,-0.6292788240205325,-0.7360694406402984,-0.5221553499015921,-0.10550781547650123,1,1.3888980330187746,1.1995589775263,1.1824260411838683,1.2210426370002798,-0.18933905549247454,0,0.34851842739548156,0.3729622876955645,0.367508325032276,0.3778988763051019,0.024443860300082942,0,0.5571155861587977,0.5699968084209567,0.5547763492870101,0.5847207988368504,0.012881222262158931,1,0.27029079978114035,0.24870939195270247,0.006637032666620857,0.46661564456689025,-0.02158140782843787,1
curve,censor,curve15_rep2_censor,-1,2,0.15,1.2338323958676518,0.14198717948717948,12,3120,-0.2534802087628909,-0.5921886619707815,-0.6726673942603209,-0.5068193739649437,-0.33870845320789056,0,-0.5237710085440312,-0.8478984880912042,-0.9142017308658398,-0.7606755052488827,-0.3241274795471729,0,1.3888980330187746,1.374515616528159,1.3506499866302215,1.4037202498369896,-0.014382416490615668,1,0.34851842739548156,0.3572178571670815,0.3525117177333229,0.3623633930118918,0.008699429771599931,0,0.5571155861587977,0.5917998141484735,0.5776950061741665,0.6015141015849811,0.03468422798967574,0,0.27029079978114035,0.2557098261204227,0.08800811098856187,0.4073823569008961,-0.014580973660717644,1
curve,drop,curve15_rep2_drop,-1,2,0.15,1.2338323958676518,0.14198717948717948,12,2677,-0.2534802087628909,-0.3558447638466048,-0.4443644328105603,-0.2677295596505746,-0.10236455508371389,0,-0.5237710085440312,-0.6848763218808398,-0.7839452960692633,-0.5655838953097989,-0.16110531333680855,0,1.3888980330187746,1.221569272374833,1.1976956585341725,1.2466809683016102,-0.16732876064394153,0,0.34851842739548156,0.3681916263867669,0.3626980524511569,0.3733961598561342,0.019673198991285334,0,0.5571155861587977,0.571375839828723,0.5603067858052239,0.5843890710379517,0.014260253669925227,0,0.27029079978114035,0.329031558034235,0.1212194624992386,0.5162157364186888,0.05874075825309466,1
curve,censor,curve20_rep1_censor,-1,1,0.2,1.1061631218307744,0.2141025641025641,12,3120,-0.2534802087628909,-0.8267531233620048,-0.9267951234171584,-0.7312973031711787,-0.5732729145991139,0,-0.5237710085440312,-1.0240815564064554,-1.1219531230151203,-0.9323202615741576,-0.5003105478624241,0,1.3888980330187746,1.3667831072166308,1.3404555268846794,1.3906472783278188,-0.022114925802143803,1,0.34851842739548156,0.3611464803678768,0.3560760860988465,0.3662282139622925,0.01262805297239522,0,0.5571155861587977,0.6122514782682882,0.5999505994921229,0.6250096413286634,0.055135892109490436,0,0.27029079978114035,0.19732843304445058,0.005525138156999176,0.3906558198439416,-0.07296236673668977,1
curve,drop,curve20_rep1_drop,-1,1,0.2,1.1061631218307744,0.2141025641025641,12,2452,-0.2534802087628909,-0.4099084204258643,-0.5176610556081498,-0.2866250988322071,-0.15642821166297338,0,-0.5237710085440312,-0.722248640357297,-0.8393008990144125,-0.6009479542285506,-0.19847763181326572,0,1.3888980330187746,1.1422373463076445,1.1218045402692458,1.1646446338872023,-0.24666068671113006,0,0.34851842739548156,0.3770436522826044,0.3722385084108929,0.3830685193114828,0.028525224887122835,0,0.5571155861587977,0.5768986781742012,0.5645899179516201,0.5916827558150427,0.019783092015403403,0,0.27029079978114035,0.3123402199314327,0.08328689862040084,0.5526758001822054,0.04204942015029234,1
curve,censor,curve20_rep2_censor,-1,2,0.2,1.1061631218307744,0.20673076923076922,12,3120,-0.2534802087628909,-0.7792786879419056,-0.8776271812472538,-0.6774396278621778,-0.5257984791790147,0,-0.5237710085440312,-1.0090182499969875,-1.1120811310513197,-0.9021021209143693,-0.4852472414529563,0,1.3888980330187746,1.3741124726586178,1.347551728421691,1.4059107507024766,-0.014785560360156769,1,0.34851842739548156,0.3586780452238243,0.3537778764386096,0.3628341244005503,0.010159617828342737,0,0.5571155861587977,0.613140110919954,0.599132072379403,0.6255268309609358,0.05602452476115627,0,0.27029079978114035,0.22973956205508195,0.024474939667115447,0.43464150318914185,-0.0405512377260584,1
curve,drop,curve20_rep2_drop,-1,2,0.2,1.1061631218307744,0.20673076923076922,12,2475,-0.2534802087628909,-0.3866836361750751,-0.5169009916778645,-0.247336402672926,-0.13320342741218422,1,-0.5237710085440312,-0.7279150107465905,-0.8662190433892206,-0.5915374069912497,-0.20414400220255924,0,1.3888980330187746,1.169864708113259,1.1482826079985926,1.1908483971824937,-0.21903332490551564,0,0.34851842739548156,0.3714240002784435,0.3679175631939415,0.3743175674749957,0.022905572882961966,0,0.5571155861587977,0.5814713010518885,0.568094209578595,0.5957648338326249,0.02435571489309074,0,0.27029079978114035,0.34123137457151537,0.07463641531338516,0.6188826407162946,0.07094057479037502,1
curve,censor,curve25_rep1_censor,-1,1,0.25,1.0494212222588288,0.23557692307692307,12,3120,-0.2534802087628909,-0.820464397417965,-0.9222813284752804,-0.7185728696758258,-0.566984188655074,0,-0.5237710085440312,-1.085729902788763,-1.1811367506065262,-0.9996647627641786,-0.5619588942447318,0,1.3888980330187746,1.3590634222045523,1.3328703683621892,1.3869591563271295,-0.02983461081422223,0,0.34851842739548156,0.363181489890981,0.3596397178852342,0.3668445006758613,0.014663062495499424,0,0.5571155861587977,0.6112754441751895,0.5979524341218011,0.6241834757515677,0.05415985801639178,0,0.27029079978114035,0.26526550537079807,0.07738343428889816,0.46256388093070044,-0.005025294410342274,1
curve,drop,curve25_rep1_drop,-1,1,0.25,1.0494212222588288,0.23557692307692307,12,2385,-0.2534802087628909,-0.3524306435411493,-0.4889759641446862,-0.2230080177177751,-0.09895043477825838,1,-0.5237710085440312,-0.7297986701772015,-0.863163371227087,-0.6015644586351471,-0.2060276616331702,0,1.3888980330187746,1.1334364970121555,1.1111490044097028,1.157314847610084,-0.255461536006619,0,0.34851842739548156,0.3786429190641475,0.3746476266474276,0.3827892002015911,0.03012449166866593,0,0.5571155861587977,0.5703468414773611,0.5520808613482494,0.5861734664814193,0.013231255318563395,1,0.27029079978114035,0.3773680266360522,0.11258849449046088,0.6401553535093119,0.10707722685491183,1
curve,censor,curve25_rep2_censor,-1,2,0.25,1.021050272472856,0.24455128205128204,12,3120,-0.2534802087628909,-0.8509816433680764,-0.93955332341998,-0.7611656210436978,-0.5975014346051855,0,-0.5237710085440312,-1.0891333165670678,-1.189174623143092,-0.9823191659117352,-0.5653623080230366,0,1.3888980330187746,1.334758888415846,1.3116609614101868,1.3551968982035327,-0.05413914460292868,0,0.34851842739548156,0.3645115438444776,0.3593350112439136,0.3695271690829398,0.015993116448996036,0,0.5571155861587977,0.6099463714638339,0.5974910183701733,0.6217996903481277,0.052830785305036154,0,0.27029079978114035,0.23815167319899144,0.04276584249175519,0.4280090020993942,-0.0321391265821489,1
curve,drop,curve25_rep2_drop,-1,2,0.25,1.021050272472856,0.24455128205128204,12,2357,-0.2534802087628909,-0.3455221082919175,-0.4776643711304569,-0.2263693615003916,-0.09204189952902658,1,-0.5237710085440312,-0.6951874290109977,-0.8067989005494565,-0.5846545033161328,-0.17141642046696648,0,1.3888980330187746,1.1120473531193726,1.0891181493094972,1.132938532929502,-0.27685067989940193,0,0.34851842739548156,0.3781113823921689,0.3739845560860313,0.382634017344921,0.02959295499668735,0,0.5571155861587977,0.5671302601409833,0.5528946244257043,0.581757907924809,0.010014673982185585,1,0.27029079978114035,0.34966532071908024,0.10699013218567588,0.5804295390490648,0.0793745209379399,1
curve,censor,curve35_rep1_censor,-1,1,0.35,0.8862882609894852,0.3483974358974359,12,3120,-0.2534802087628909,-1.1278335493661469,-1.232608557987649,-1.0410612434119542,-0.874353340603256,0,-0.5237710085440312,-1.4441129701796236,-1.5414310936746491,-1.3444328713492162,-0.9203419616355923,0,1.3888980330187746,1.296141772094607,1.2658178944632907,1.3280299321240536,-0.09275626092416767,0,0.34851842739548156,0.3702435263079198,0.3625919694447828,0.3783102882551762,0.021725098912438234,0,0.5571155861587977,0.6394968940912198,0.6272000523108555,0.6512742502906587,0.08238130793242204,0,0.27029079978114035,0.3162794208134767,0.11182431336156728,0.500369850262695,0.04598862103233636,1
curve,drop,curve35_rep1_drop,-1,1,0.35,0.8862882609894852,0.3483974358974359,12,2033,-0.2534802087628909,-0.2012814757986681,-0.351710947834599,-0.0331383098334571,0.05219873296422281,1,-0.5237710085440312,-0.7281555876690226,-0.8911889339418751,-0.5836915799400778,-0.2043845791249913,0,1.3888980330187746,0.9972572567906468,0.974462906001914,1.0245594679178918,-0.39164077622812776,0,0.34851842739548156,0.3889273367297178,0.3815736503131914,0.3964896819271858,0.04040890933423624,0,0.5571155861587977,0.5619421428058307,0.5466330399016687,0.5780881209296671,0.004826556647032909,1,0.27029079978114035,0.5268741118703545,0.2319806321054788,0.858050624108418,0.25658331208921414,1
curve,censor,curve35_rep2_censor,-1,2,0.35,0.879195523542992,0.3592948717948718,12,3120,-0.2534802087628909,-1.2391077732605005,-1.3337164112495925,-1.1363329217220135,-0.9856275644976096,0,-0.5237710085440312,-1.4755293633847857,-1.5655977903735994,-1.3590995230037746,-0.9517583548407544,0,1.3888980330187746,1.3034059302445764,1.2763685630114403,1.3298163291697755,-0.08549210277419816,0,0.34851842739548156,0.371342549281269,0.3665761352428876,0.3766264006141498,0.02282412188578742,0,0.5571155861587977,0.6485598185434961,0.6352826677415969,0.662418800835591,0.09144423238469834,0,0.27029079978114035,0.2364215901242852,0.025383111754182064,0.42926486865158586,-0.03386920965685514,1
curve,drop,curve35_rep2_drop,-1,2,0.35,0.879195523542992,0.3592948717948718,12,1999,-0.2534802087628909,-0.2530407902046471,-0.4332855635923445,-0.0843238982345894,0.00043941855824380927,1,-0.5237710085440312,-0.685221125148641,-0.8584720769070754,-0.5159086973168556,-0.16145011660460973,1,1.3888980330187746,1.0177574479023457,0.996083456466592,1.03752208781833,-0.3711405851164289,0,0.34851842739548156,0.3814553502263831,0.3758691488413813,0.3875089944737103,0.03293692283090155,0,0.5571155861587977,0.5710865862493506,0.5534048175840377,0.5887842824502858,0.013971000090552854,1,0.27029079978114035,0.4321803349439939,0.08262313372451113,0.774148178672486,0.16188953516285354,1
curve,censor,curve50_rep1_censor,-1,1,0.5,0.737340774613128,0.5044871794871795,12,3120,-0.2534802087628909,-2.1825834396204056,-2.2724213807051394,-2.0684169408715856,-1.9291032308575147,0,-0.5237710085440312,-2.337236440950873,-2.437800350899097,-2.218450441290103,-1.8134654324068418,0,1.3888980330187746,1.301216673136878,1.2704162718289749,1.3336510453993178,-0.08768135988189663,0,0.34851842739548156,0.3740152191930984,0.3680227245422118,0.3799835767334018,0.025496791797616825,0,0.5571155861587977,0.710271259447329,0.6987717853536183,0.7197794458217923,0.1531556732885313,0,0.27029079978114035,0.15465300133046744,-0.0539709394150365,0.3693834100275115,-0.1156377984506729,1
curve,drop,curve50_rep1_drop,-1,1,0.5,0.737340774613128,0.5044871794871795,12,1546,-0.2534802087628909,-0.4603225840804483,-0.6772735308748932,-0.2320323040653499,-0.2068423753175574,1,-0.5237710085440312,-0.8320598353935784,-1.040414408137583,-0.5953963038933798,-0.30828882684954717,0,1.3888980330187746,0.8959492206873121,0.8681648452288966,0.925037586460631,-0.4929488123314625,0,0.34851842739548156,0.3872776427652543,0.3797588681243315,0.3948565701955122,0.038759215369772726,0,0.5571155861587977,0.5864865871788802,0.5610685709450232,0.606658863520599,0.0293710010200825,0,0.27029079978114035,0.3717372513131301,-0.08187722698151334,0.8083821040722331,0.10144645153198978,1
curve,censor,curve50_rep2_censor,-1,2,0.5,0.737340774613128,0.4980769230769231,12,3120,-0.2534802087628909,-2.1886248740092458,-2.297449610783976,-2.08393373954022,-1.9351446652463549,0,-0.5237710085440312,-2.347384054522533,-2.469844625077237,-2.233466633690921,-1.8236130459785018,0,1.3888980330187746,1.2905142306654098,1.266862556379763,1.3144367203516425,-0.09838380235336475,0,0.34851842739548156,0.3778927847050319,0.3734275611771055,0.382915365207252,0.029374357309550347,0,0.5571155861587977,0.7114664265148269,0.7016395081920551,0.7213181389113905,0.1543508403560292,0,0.27029079978114035,0.1587591805132873,-0.06398297709305512,0.3859108855370166,-0.11153161926785304,1
curve,drop,curve50_rep2_drop,-1,2,0.5,0.737340774613128,0.4980769230769231,12,1566,-0.2534802087628909,-0.4916338765026179,-0.6965435961008086,-0.3011698050098945,-0.23815366773972702,0,-0.5237710085440312,-0.8648207754710439,-1.046318704752076,-0.6690442698702994,-0.3410497669270126,0,1.3888980330187746,0.8915742793326226,0.8618617041875687,0.914456629886913,-0.497323753686152,0,0.34851842739548156,0.3903079822387658,0.3817990862700175,0.4000464936306663,0.04178955484328423,0,0.5571155861587977,0.5881462601494631,0.5690601459243056,0.6108934764899733,0.03103067399066539,0,0.27029079978114035,0.37318689896842594,-0.027499326230509213,0.7451488997421813,0.1028960991872856,1
curve,censor,curve70_rep1_censor,-1,1,0.7,0.5954860256832639,0.6881410256410256,12,3120,-0.2534802087628909,-4.20776985783999,-4.384636954303226,-4.032057563777683,-3.954289649077099,0,-0.5237710085440312,-4.343251195990324,-4.513739693500799,-4.165414365456432,-3.8194801874462927,0,1.3888980330187746,1.267401718019526,1.2261895134484797,1.3081900039809868,-0.12149631499924851,0,0.34851842739548156,0.3802774868303192,0.3730913465715075,0.3877517963491281,0.031759059434837644,0,0.5571155861587977,0.7887471079659939,0.779699272767481,0.7980522831382156,0.23163152180719615,0,0.27029079978114035,0.13548133815033392,-0.2192225888467938,0.48168212972311597,-0.13480946163080643,1
curve,drop,curve70_rep1_drop,-1,1,0.7,0.5954860256832639,0.6881410256410256,12,973,-0.2534802087628909,-0.2303687011994269,-0.5294132140017951,0.0535237152683542,0.023111507563464,1,-0.5237710085440312,-0.7727860190075079,-1.085084173115533,-0.4160851944641401,-0.24901501046347663,1,1.3888980330187746,0.7133432879093143,0.6905488841553235,0.7386111416026673,-0.6755547451094602,0,0.34851842739548156,0.391356809594052,0.3861088600055651,0.3971776781253512,0.042838382198570446,0,0.5571155861587977,0.579766638165214,0.5594560752668649,0.6006070433101072,0.02265105200641626,0,0.27029079978114035,0.542417317808081,-0.11332801953765498,1.1386078883838873,0.27212651802694066,1
curve,censor,curve70_rep2_censor,-1,2,0.7,0.5954860256832639,0.7067307692307693,12,3120,-0.2534802087628909,-4.306918382042489,-4.4735937747517,-4.120263063125392,-4.053438173279598,0,-0.5237710085440312,-4.4102236921011295,-4.572388835791528,-4.223114630958916,-3.8864526835570983,0,1.3888980330187746,1.2772598517383051,1.2447810132557384,1.3070491709578582,-0.11163818128046943,0,0.34851842739548156,0.3825146262359465,0.3782444272627688,0.3867836940627979,0.03399619884046495,0,0.5571155861587977,0.7923787044990839,0.7826951742766431,0.8011157169196783,0.23526311834028613,0,0.27029079978114035,0.10330531005864074,-0.25047914379278424,0.45212577266613607,-0.1669854897224996,1
curve,drop,curve70_rep2_drop,-1,2,0.7,0.5954860256832639,0.7067307692307693,12,915,-0.2534802087628909,-0.1050460629058228,-0.4735509943369384,0.2162896132547052,0.1484341458570681,1,-0.5237710085440312,-0.5315565239280302,-0.8278963660231922,-0.2089617804875344,-0.007785515383998964,1,1.3888980330187746,0.7152745544165116,0.6915238641555468,0.7421982562996576,-0.673623478602263,0,0.34851842739548156,0.3903423633212874,0.3825531733747645,0.3982330838802206,0.041823935925805855,0,0.5571155861587977,0.575129261654428,0.5514627474327076,0.5953389666720834,0.018013675495630266,1,0.27029079978114035,0.4265104610222074,-0.26458921384940404,1.0441859792778974,0.15621966124106706,1
