scheme,param,n,bias,rmse,coverage,r
censor,v_self,18,-0.7518058151804795,0.8375765131019204,0.16666666666666666,
censor,v_stranger,18,-0.7336939062044461,0.8184608943761776,0.16666666666666666,
censor,a,18,-0.07697306867985393,0.10535293400725644,0.2222222222222222,
censor,t,18,0.014252110099559802,0.015521888294377867,0.16666666666666666,
censor,z,18,0.06058673765176617,0.06838727267229248,0.16666666666666666,
censor,SPE_v,18,-0.018111908976033413,0.07027877959102305,1.0,
drop,v_self,18,0.18194256869822387,0.35519533979613266,0.16666666666666666,
drop,v_stranger,18,0.09035850327390005,0.3874633577365248,0.05555555555555555,
drop,a,18,-0.20224590133135797,0.22849697191197924,0.16666666666666666,
drop,t,18,0.01953814863421843,0.021599785168434093,0.16666666666666666,
drop,z,18,-0.012749393730632278,0.02937863026558943,0.2222222222222222,
drop,SPE_v,18,0.09158406542432379,0.18697744994326146,0.8888888888888888,
