file,source,scheme,group,param,n_draws,mean,sd,rhat_split,ess,mc_err,flag
hddm_data_group1_P0_T30_W300_traces.npz,"main(8 条件, 4 链口径实为单链)",main,1,a,2500,2.0149417461389394,0.5111557533415246,1.0100615556041987,695.9678085509911,0.0189898102432989,Rhat>1.01
hddm_data_group1_P0_T30_W300_traces.npz,"main(8 条件, 4 链口径实为单链)",main,1,a_std,2500,4.026961193503327,0.8974063283100414,1.0551831332906452,64.06198466002445,0.039790907025376,Rhat>1.01 ESS<400
hddm_data_group1_P0_T30_W300_traces.npz,"main(8 条件, 4 链口径实为单链)",main,1,t_std,2500,0.1965181316816534,0.08926975336685221,1.0045811647415566,255.00729163676084,0.0049210761263468, ESS<400
hddm_data_group1_P0_T30_W300_traces.npz,"main(8 条件, 4 链口径实为单链)",main,1,v_std,2500,29.887019723597856,3.888127837808846,3.035260770317063,3.171831694667698,0.3765476305477221,Rhat>1.01 ESS<400
hddm_data_group1_P0_T30_W300_traces.npz,"main(8 条件, 4 链口径实为单链)",main,1,z_std,2500,0.5487245143174362,0.028131174456939516,1.1247030827727804,17.078753398020027,0.0014444925642442,Rhat>1.01 ESS<400
hddm_data_group1_P0_T30_W300_traces.npz,"main(8 条件, 4 链口径实为单链)",main,1,z_trans,2500,1.1007296775180972,0.1820166348452821,1.1147111773171958,18.813812794702407,,Rhat>1.01 ESS<400
hddm_data_group2_P0_T30_W600_traces.npz,"main(8 条件, 4 链口径实为单链)",main,2,a,2500,1.1804457894582934,0.39885943717169814,1.013720732285539,280.8940256263138,0.0221999966412889,Rhat>1.01 ESS<400
hddm_data_group2_P0_T30_W600_traces.npz,"main(8 条件, 4 链口径实为单链)",main,2,a_std,2500,2.8375375730621166,0.947855899241371,1.0159912045813702,279.9864246829426,0.0528546984334047,Rhat>1.01 ESS<400
hddm_data_group2_P0_T30_W600_traces.npz,"main(8 条件, 4 链口径实为单链)",main,2,v_std,2500,33.8323490836439,4.37590969100345,3.090828758570998,3.19839872237385,0.4268510131509996,Rhat>1.01 ESS<400
hddm_data_group2_P0_T30_W600_traces.npz,"main(8 条件, 4 链口径实为单链)",main,2,z_std,2500,0.317357471027342,0.03753275731994367,1.3834539241439274,9.350856475469984,0.0028248714860658,Rhat>1.01 ESS<400
hddm_data_group2_P0_T30_W600_traces.npz,"main(8 条件, 4 链口径实为单链)",main,2,z_trans,2500,0.21487106629544941,0.1574557871586394,1.68518502144555,4.596484218151776,,Rhat>1.01 ESS<400
hddm_data_group3_P120_T30_W600_traces.npz,"main(8 条件, 4 链口径实为单链)",main,3,a,2500,1.2175526658703222,0.3910443417934058,1.1052012072283466,21.291527336709745,0.0231612030456031,Rhat>1.01 ESS<400
hddm_data_group3_P120_T30_W600_traces.npz,"main(8 条件, 4 链口径实为单链)",main,3,a_std,2500,1.6752596240098667,0.7970139731778652,1.2406208613387903,9.219862812044381,0.0573105637752473,Rhat>1.01 ESS<400
hddm_data_group3_P120_T30_W600_traces.npz,"main(8 条件, 4 链口径实为单链)",main,3,v(0),2500,-1.733430140927776,2.644979261385217,1.0380964269222739,146.72314267949582,0.0815535624020084,Rhat>1.01 ESS<400
hddm_data_group3_P120_T30_W600_traces.npz,"main(8 条件, 4 链口径实为单链)",main,3,v(1),2500,-1.8927058135663377,2.665428017392388,1.0323055219283161,267.9507093751073,0.0797957601191832,Rhat>1.01 ESS<400
hddm_data_group3_P120_T30_W600_traces.npz,"main(8 条件, 4 链口径实为单链)",main,3,v_std,2500,26.931850974558376,13.891462883477335,2.9020496454321703,3.7469128003790453,1.3815974696073483,Rhat>1.01 ESS<400
hddm_data_group3_P120_T30_W600_traces.npz,"main(8 条件, 4 链口径实为单链)",main,3,z_std,2500,0.14221327166417427,0.048165637726681476,1.2404854155289167,8.619373589667324,0.0039511500211721,Rhat>1.01 ESS<400
hddm_data_group3_P120_T30_W600_traces.npz,"main(8 条件, 4 链口径实为单链)",main,3,z_trans,2500,0.2621280568507588,0.08393260676875897,1.3235418905739538,8.629777305766016,,Rhat>1.01 ESS<400
hddm_data_group4_P120_T80_W600_traces.npz,"main(8 条件, 4 链口径实为单链)",main,4,a,2500,1.418698142868963,0.43893551478422105,1.0051886618376316,354.00730320840626,0.0219766046372295, ESS<400
hddm_data_group4_P120_T80_W600_traces.npz,"main(8 条件, 4 链口径实为单链)",main,4,a_std,2500,2.343839425442188,0.7723783471499558,1.0096045006176089,222.97205023482533,0.0392109714053399, ESS<400
hddm_data_group4_P120_T80_W600_traces.npz,"main(8 条件, 4 链口径实为单链)",main,4,v_std,2500,2.9608941951315555,0.5022897358383573,1.0151365606623555,251.95449594996418,0.019952935819373,Rhat>1.01 ESS<400
hddm_data_group4_P120_T80_W600_traces.npz,"main(8 条件, 4 链口径实为单链)",main,4,z_std,2500,0.21627470094205065,0.05450009880399024,1.062936211056413,31.655933132047014,0.0048478064309405,Rhat>1.01 ESS<400
hddm_data_group4_P120_T80_W600_traces.npz,"main(8 条件, 4 链口径实为单链)",main,4,z_trans,2500,0.2846547634411297,0.11237817448533215,1.0397583003984254,44.118164189538234,,Rhat>1.01 ESS<400
hddm_data_group8_P120_T80_W800_traces.npz,"main(8 条件, 4 链口径实为单链)",main,8,a,2500,2.4160854634972533,0.4925861882912189,1.016484658197219,829.3393364645277,0.0167436714814094,Rhat>1.01
hddm_data_group8_P120_T80_W800_traces.npz,"main(8 条件, 4 链口径实为单链)",main,8,a_std,2500,2.1351620567208984,0.5379296270857039,1.0554028380838774,82.69630495238714,0.0246963755143029,Rhat>1.01 ESS<400
hddm_data_group8_P120_T80_W800_traces.npz,"main(8 条件, 4 链口径实为单链)",main,8,t,2500,0.35167964874203644,0.0827136598693133,1.0121954690011925,439.3010618076345,0.0037566688359792,Rhat>1.01
hddm_data_group8_P120_T80_W800_traces.npz,"main(8 条件, 4 链口径实为单链)",main,8,t_std,2500,0.28084721633307635,0.12173394918561213,1.0254206686509313,100.40541626826452,0.0074786806294596,Rhat>1.01 ESS<400
hddm_data_group8_P120_T80_W800_traces.npz,"main(8 条件, 4 链口径实为单链)",main,8,v_std,2500,2.8538609515272833,0.4684832913832436,1.01963374345579,214.13475238440094,0.0189822635130989,Rhat>1.01 ESS<400
hddm_data_group8_P120_T80_W800_traces.npz,"main(8 条件, 4 链口径实为单链)",main,8,z_std,2500,0.1466530739014741,0.028925075516246988,1.0056380745059537,220.36620303974468,0.001469040511342, ESS<400
hddm_data_group8_P120_T80_W800_traces.npz,"main(8 条件, 4 链口径实为单链)",main,8,z_trans,2500,-0.0065608434745291645,0.07001432043438603,1.0615113048489828,21.608359654055764,,Rhat>1.01 ESS<400
hddm_data_group3_P120_T30_W600_censor_traces.npz,omission sensitivity (censor),censor,3,t_std,2500,0.017483353808921475,0.0053320304957005715,1.012652643713434,717.209592904846,0.0001851917239585,Rhat>1.01
hddm_data_group5_P8_T100_W1100_censor_traces.npz,omission sensitivity (censor),censor,5,z_std,2500,0.10778950211701054,0.029957551089468543,1.0235377371992744,172.61402039951776,0.0016793284582282,Rhat>1.01 ESS<400
hddm_data_group1_P0_T30_W300_drop_traces.npz,omission sensitivity (drop),drop,1,a,2500,0.41011151939729906,0.09061089358568984,1.0036548743172828,299.16460863951727,0.0045646050150892, ESS<400
hddm_data_group1_P0_T30_W300_drop_traces.npz,omission sensitivity (drop),drop,1,a_std,2500,0.22183581530501736,0.10878619275464556,1.002104831200896,269.36277764026465,0.005816855915998, ESS<400
hddm_data_group1_P0_T30_W300_drop_traces.npz,omission sensitivity (drop),drop,1,z_std,2500,0.06350252739797772,0.038147022723866816,1.0107088405450932,94.92789481429773,0.0029317295436958,Rhat>1.01 ESS<400
hddm_data_group1_P0_T30_W300_drop_traces.npz,omission sensitivity (drop),drop,1,z_trans,2500,0.06552857893233022,0.05488187075117077,1.0203781437608095,107.98395395417434,,Rhat>1.01 ESS<400
hddm_data_group2_P0_T30_W600_drop_traces.npz,omission sensitivity (drop),drop,2,a_std,2500,0.4263397958001484,0.13434048033611418,0.9995489130145842,388.7582702045943,0.0057641879133812, ESS<400
hddm_data_group2_P0_T30_W600_drop_traces.npz,omission sensitivity (drop),drop,2,z_std,2500,0.0667338187243927,0.04315490971885735,1.0723922954313305,24.5624778190274,0.0035936331190314,Rhat>1.01 ESS<400
hddm_data_group2_P0_T30_W600_drop_traces.npz,omission sensitivity (drop),drop,2,z_trans,2500,0.04674127344212119,0.04488567858552725,1.0236151802834523,147.70523938609654,,Rhat>1.01 ESS<400
hddm_data_group3_P120_T30_W600_drop_traces.npz,omission sensitivity (drop),drop,3,a,2500,1.0119221531081242,0.23075808103976314,1.0018141645412528,374.5031241278098,0.0111053011558724, ESS<400
hddm_data_group3_P120_T30_W600_drop_traces.npz,omission sensitivity (drop),drop,3,a_std,2500,0.6973447352311377,0.27419813134107085,1.0011420393674277,318.3650266238067,0.0137536913875589, ESS<400
hddm_data_group3_P120_T30_W600_drop_traces.npz,omission sensitivity (drop),drop,3,t,2500,0.20681058954358697,0.00912607725700814,1.0021299774276275,313.6171676000697,0.0003216717404618, ESS<400
hddm_data_group3_P120_T30_W600_drop_traces.npz,omission sensitivity (drop),drop,3,t_std,2500,0.025361730197413748,0.010679957109799245,1.0056506210237006,58.80469774988036,0.0006910980807944, ESS<400
hddm_data_group3_P120_T30_W600_drop_traces.npz,omission sensitivity (drop),drop,3,z_std,2500,0.06745254560576058,0.03462403461850872,1.0149812411114676,79.92838424083631,0.0025766299194909,Rhat>1.01 ESS<400
hddm_data_group3_P120_T30_W600_drop_traces.npz,omission sensitivity (drop),drop,3,z_trans,2500,-0.08002972288427844,0.043184173769688305,1.0038204780527313,300.832539375096,, ESS<400
hddm_data_group4_P120_T80_W600_drop_traces.npz,omission sensitivity (drop),drop,4,z_std,2500,0.1111042308800844,0.034365654070329946,1.0112013150780454,220.8752079206915,0.0020370765822331,Rhat>1.01 ESS<400
hddm_data_group4_P120_T80_W600_drop_traces.npz,omission sensitivity (drop),drop,4,z_trans,2500,-0.2517595481073074,0.053549984371457256,1.007572208108833,309.57509829186466,, ESS<400
hddm_data_group5_P8_T100_W1100_drop_traces.npz,omission sensitivity (drop),drop,5,a,2500,1.3495173435451147,0.055854498700578084,1.09478566483353,29.43073924517377,0.0025092552936362,Rhat>1.01 ESS<400
hddm_data_group5_P8_T100_W1100_drop_traces.npz,omission sensitivity (drop),drop,5,a_std,2500,0.157792791878453,0.05236161359669775,1.0579996200830684,45.59596140540116,0.0025124452571397,Rhat>1.01 ESS<400
hddm_data_group5_P8_T100_W1100_drop_traces.npz,omission sensitivity (drop),drop,5,t,2500,0.37220889283379444,0.0423059947852391,1.0438837696696002,81.01672927001093,0.0016439867473083,Rhat>1.01 ESS<400
hddm_data_group5_P8_T100_W1100_drop_traces.npz,omission sensitivity (drop),drop,5,t_std,2500,0.13221001964892515,0.04053292417338301,1.012873341841008,699.8944442065678,0.0014478313838458,Rhat>1.01
hddm_data_group5_P8_T100_W1100_drop_traces.npz,omission sensitivity (drop),drop,5,v_std,2500,0.7732881685279026,0.14456106748821365,1.0100136780734967,739.7750418233812,0.004633595678814,Rhat>1.01
hddm_data_group5_P8_T100_W1100_drop_traces.npz,omission sensitivity (drop),drop,5,z_std,2500,0.05825332194732619,0.031316075485242026,1.018414049782504,88.16877886878734,0.0023767143482688,Rhat>1.01 ESS<400
hddm_data_group5_P8_T100_W1100_drop_traces.npz,omission sensitivity (drop),drop,5,z_trans,2500,-0.3667188883341788,0.03973700537673131,1.0269733419564864,153.17476610090912,,Rhat>1.01 ESS<400
hddm_data_group6_P120_T500_W1500_drop_traces.npz,omission sensitivity (drop),drop,6,a,2500,1.4254516027813053,0.2104242476225434,1.081711897915733,40.08900329936024,0.0111390298013686,Rhat>1.01 ESS<400
hddm_data_group6_P120_T500_W1500_drop_traces.npz,omission sensitivity (drop),drop,6,a_std,2500,0.5453550719895729,0.23788538422091263,1.1790992700873735,20.32000227135795,0.0174064230215416,Rhat>1.01 ESS<400
hddm_data_group6_P120_T500_W1500_drop_traces.npz,omission sensitivity (drop),drop,6,z_std,2500,0.3624321867908304,0.02647357719444663,1.0110168674903883,680.1765104778916,0.0009254048425377,Rhat>1.01
hddm_data_group6_P120_T500_W1500_drop_traces.npz,omission sensitivity (drop),drop,6,z_trans,2500,1.330221979418053,0.12889267305488497,1.0424060888618292,74.22817323851146,,Rhat>1.01 ESS<400
hddm_data_group7_P120_T30_W800_drop_traces.npz,omission sensitivity (drop),drop,7,a,2500,1.2304846707982267,0.14190853545094412,1.1266327962856764,20.908409247930045,0.009136209283486,Rhat>1.01 ESS<400
hddm_data_group7_P120_T30_W800_drop_traces.npz,omission sensitivity (drop),drop,7,a_std,2500,0.3588965284283007,0.17702841784367643,1.1820575598716094,15.175999992190777,0.0138751567003205,Rhat>1.01 ESS<400
hddm_data_group7_P120_T30_W800_drop_traces.npz,omission sensitivity (drop),drop,7,t,2500,0.355515650840581,0.03070541082747,1.0177891598391464,550.7748617149069,0.0010453562607123,Rhat>1.01
hddm_data_group7_P120_T30_W800_drop_traces.npz,omission sensitivity (drop),drop,7,v(0),2500,1.558011314370312,0.39802551863160196,1.0522269267477105,48.4817262737054,0.0171718409334453,Rhat>1.01 ESS<400
hddm_data_group7_P120_T30_W800_drop_traces.npz,omission sensitivity (drop),drop,7,v(1),2500,2.520933314550487,0.38744011732264577,1.0459919441992596,57.46714430310021,0.0163710163071327,Rhat>1.01 ESS<400
hddm_data_group7_P120_T30_W800_drop_traces.npz,omission sensitivity (drop),drop,7,v_std,2500,1.1753793464154638,0.31174762239636655,1.2148308490123514,13.049812605431573,0.0245327855841371,Rhat>1.01 ESS<400
hddm_data_group7_P120_T30_W800_drop_traces.npz,omission sensitivity (drop),drop,7,z_std,2500,0.13406804040417195,0.030097305283047025,1.0012444271753271,334.164451091558,0.0014869914276047, ESS<400
hddm_data_group7_P120_T30_W800_drop_traces.npz,omission sensitivity (drop),drop,7,z_trans,2500,-0.3159023803288629,0.05671035898140242,1.0464508802271175,112.747701356766,,Rhat>1.01 ESS<400
hddm_data_group8_P120_T80_W800_drop_traces.npz,omission sensitivity (drop),drop,8,z_std,2500,0.14103941594878167,0.028448299578861157,1.003185603145629,192.69304128261624,0.0013709188639395, ESS<400
